startedAt;valueprodnet;valueprodnet;valueprodnet;valueprodnet
;df-prod-Gaby;df-prod-MarcNord;df-prod-MarcSud;df-prod-VÃ©ronique
2025-04-01 00:00:00+00:00;0.0;0.0;0.0;0.0
2025-04-01 00:15:00+00:00;0.0;0.0;0.0;0.0
2025-04-01 00:30:00+00:00;0.0;0.0;0.0;0.0
2025-04-01 00:45:00+00:00;0.0;0.0;0.0;0.0
2025-04-01 01:00:00+00:00;0.0;0.0;0.0;0.0
2025-04-01 01:15:00+00:00;0.0;0.0;0.0;0.0
2025-04-01 01:30:00+00:00;0.0;0.0;0.0;0.0
2025-04-01 01:45:00+00:00;0.0;0.0;0.0;0.0
2025-04-01 02:00:00+00:00;0.0;0.0;0.0;0.0
2025-04-01 02:15:00+00:00;0.0;0.0;0.0;0.0
2025-04-01 02:30:00+00:00;0.0;0.0;0.0;0.0
2025-04-01 02:45:00+00:00;0.0;0.0;0.0;0.0
2025-04-01 03:00:00+00:00;0.0;0.0;0.0;0.0
2025-04-01 03:15:00+00:00;0.0;0.0;0.0;0.0
2025-04-01 03:30:00+00:00;0.0;0.0;0.0;0.0
2025-04-01 03:45:00+00:00;0.0;0.0;0.0;0.0
2025-04-01 04:00:00+00:00;0.0;0.0;0.0;0.0
2025-04-01 04:15:00+00:00;0.0;0.0;0.0;0.0
2025-04-01 04:30:00+00:00;0.0;0.0;0.0;0.0
2025-04-01 04:45:00+00:00;0.0;0.0;0.0;0.0
2025-04-01 05:00:00+00:00;0.0;0.0;0.0;0.0
2025-04-01 05:15:00+00:00;0.0;0.0;0.084;0.156
2025-04-01 05:30:00+00:00;0.0;0.0;0.34;0.664
2025-04-01 05:45:00+00:00;0.0;0.0;0.636;1.196
2025-04-01 06:00:00+00:00;0.024;0.0;1.02;1.772
2025-04-01 06:15:00+00:00;0.068;0.0;1.432;2.356
2025-04-01 06:30:00+00:00;0.132;0.0;1.84;2.908
2025-04-01 06:45:00+00:00;0.184;0.0;2.24;3.452
2025-04-01 07:00:00+00:00;0.328;0.0;2.692;4.016
2025-04-01 07:15:00+00:00;0.56;0.0;3.148;4.58
2025-04-01 07:30:00+00:00;0.84;0.0;3.556;5.064
2025-04-01 07:45:00+00:00;1.14;0.0;3.956;5.496
2025-04-01 08:00:00+00:00;1.5;0.0;4.312;5.908
2025-04-01 08:15:00+00:00;2.852;0.088;4.64;6.276
2025-04-01 08:30:00+00:00;3.436;0.088;4.932;6.62
2025-04-01 08:45:00+00:00;4.028;0.044;5.252;7.008
2025-04-01 09:00:00+00:00;4.548;0.264;5.576;7.384
2025-04-01 09:15:00+00:00;5.168;0.244;5.864;7.744
2025-04-01 09:30:00+00:00;5.968;0.18;6.372;7.976
2025-04-01 09:45:00+00:00;5.744;0.02;5.7;6.604
2025-04-01 10:00:00+00:00;7.116;0.032;6.944;7.876
2025-04-01 10:15:00+00:00;6.432;0.02;5.836;6.464
2025-04-01 10:30:00+00:00;5.168;0.004;4.484;5.172
2025-04-01 10:45:00+00:00;5.728;0.0;5.192;5.632
2025-04-01 11:00:00+00:00;5.548;0.0;4.724;5.152
2025-04-01 11:15:00+00:00;3.676;0.0;2.908;3.484
2025-04-01 11:30:00+00:00;1.936;0.004;1.472;1.716
2025-04-01 11:45:00+00:00;3.344;0.012;2.696;3.232
2025-04-01 12:00:00+00:00;2.276;0.0;1.748;2.14
2025-04-01 12:15:00+00:00;2.848;0.26;2.144;2.528
2025-04-01 12:30:00+00:00;1.184;0.02;0.944;1.112
2025-04-01 12:45:00+00:00;2.08;0.016;1.7;2.08
2025-04-01 13:00:00+00:00;2.224;0.004;1.584;1.912
2025-04-01 13:15:00+00:00;1.464;0.016;1.176;1.492
2025-04-01 13:30:00+00:00;6.236;0.204;3.872;4.656
2025-04-01 13:45:00+00:00;3.78;0.024;2.268;2.908
2025-04-01 14:00:00+00:00;6.708;0.024;4.164;4.652
2025-04-01 14:15:00+00:00;6.56;0.024;3.648;4.16
2025-04-01 14:30:00+00:00;7.372;0.024;3.752;4.2
2025-04-01 14:45:00+00:00;4.808;0.028;2.624;2.708
2025-04-01 15:00:00+00:00;6.68;0.02;2.756;2.652
2025-04-01 15:15:00+00:00;6.068;0.024;2.2;2.052
2025-04-01 15:30:00+00:00;4.916;0.02;1.916;1.568
2025-04-01 15:45:00+00:00;4.848;0.024;1.54;1.088
2025-04-01 16:00:00+00:00;4.512;0.02;1.064;0.584
2025-04-01 16:15:00+00:00;4.132;0.024;0.68;0.404
2025-04-01 16:30:00+00:00;3.46;0.024;0.432;0.348
2025-04-01 16:45:00+00:00;2.744;0.012;0.248;0.296
2025-04-01 17:00:00+00:00;2.052;0.0;0.16;0.244
2025-04-01 17:15:00+00:00;1.324;0.0;0.108;0.184
2025-04-01 17:30:00+00:00;0.6;0.0;0.06;0.112
2025-04-01 17:45:00+00:00;0.012;0.0;0.016;0.04
2025-04-01 18:00:00+00:00;0.0;0.0;0.0;0.0
2025-04-01 18:15:00+00:00;0.0;0.0;0.0;0.0
2025-04-01 18:30:00+00:00;0.0;0.0;0.0;0.0
2025-04-01 18:45:00+00:00;0.0;0.0;0.0;0.0
2025-04-01 19:00:00+00:00;0.0;0.0;0.0;0.0
2025-04-01 19:15:00+00:00;0.0;0.0;0.0;0.0
2025-04-01 19:30:00+00:00;0.0;0.0;0.0;0.0
2025-04-01 19:45:00+00:00;0.0;0.0;0.0;0.0
2025-04-01 20:00:00+00:00;0.0;0.0;0.0;0.0
2025-04-01 20:15:00+00:00;0.0;0.0;0.0;0.0
2025-04-01 20:30:00+00:00;0.0;0.0;0.0;0.0
2025-04-01 20:45:00+00:00;0.0;0.0;0.0;0.0
2025-04-01 21:00:00+00:00;0.0;0.0;0.0;0.0
2025-04-01 21:15:00+00:00;0.0;0.0;0.0;0.0
2025-04-01 21:30:00+00:00;0.0;0.0;0.0;0.0
2025-04-01 21:45:00+00:00;0.0;0.0;0.0;0.0
2025-04-01 22:00:00+00:00;0.0;0.0;0.0;0.0
2025-04-01 22:15:00+00:00;0.0;0.0;0.0;0.0
2025-04-01 22:30:00+00:00;0.0;0.0;0.0;0.0
2025-04-01 22:45:00+00:00;0.0;0.0;0.0;0.0
2025-04-01 23:00:00+00:00;0.0;0.0;0.0;0.0
2025-04-01 23:15:00+00:00;0.0;0.0;0.0;0.0
2025-04-01 23:30:00+00:00;0.0;0.0;0.0;0.0
2025-04-01 23:45:00+00:00;0.0;0.0;0.0;0.0
2025-04-02 00:00:00+00:00;0.0;0.0;0.0;0.0
2025-04-02 00:15:00+00:00;0.0;0.0;0.0;0.0
2025-04-02 00:30:00+00:00;0.0;0.0;0.0;0.0
2025-04-02 00:45:00+00:00;0.0;0.0;0.0;0.0
2025-04-02 01:00:00+00:00;0.0;0.0;0.0;0.0
2025-04-02 01:15:00+00:00;0.0;0.0;0.0;0.0
2025-04-02 01:30:00+00:00;0.0;0.0;0.0;0.0
2025-04-02 01:45:00+00:00;0.0;0.0;0.0;0.0
2025-04-02 02:00:00+00:00;0.0;0.0;0.0;0.0
2025-04-02 02:15:00+00:00;0.0;0.0;0.0;0.0
2025-04-02 02:30:00+00:00;0.0;0.0;0.0;0.0
2025-04-02 02:45:00+00:00;0.0;0.0;0.0;0.0
2025-04-02 03:00:00+00:00;0.0;0.0;0.0;0.0
2025-04-02 03:15:00+00:00;0.0;0.0;0.0;0.0
2025-04-02 03:30:00+00:00;0.0;0.0;0.0;0.0
2025-04-02 03:45:00+00:00;0.0;0.0;0.0;0.0
2025-04-02 04:00:00+00:00;0.0;0.0;0.0;0.0
2025-04-02 04:15:00+00:00;0.0;0.0;0.0;0.0
2025-04-02 04:30:00+00:00;0.0;0.0;0.0;0.0
2025-04-02 04:45:00+00:00;0.0;0.0;0.0;0.0
2025-04-02 05:00:00+00:00;0.0;0.0;0.0;0.0
2025-04-02 05:15:00+00:00;0.0;0.0;0.08;0.192
2025-04-02 05:30:00+00:00;0.0;0.0;0.304;0.672
2025-04-02 05:45:00+00:00;0.008;0.0;0.62;1.232
2025-04-02 06:00:00+00:00;0.068;0.0;0.992;1.792
2025-04-02 06:15:00+00:00;0.112;0.0;1.404;2.352
2025-04-02 06:30:00+00:00;0.192;0.0;1.816;2.904
2025-04-02 06:45:00+00:00;0.264;0.0;2.252;3.44
2025-04-02 07:00:00+00:00;0.476;0.0;2.692;4.0
2025-04-02 07:15:00+00:00;0.804;0.0;3.12;4.512
2025-04-02 07:30:00+00:00;1.24;0.0;3.5;4.952
2025-04-02 07:45:00+00:00;1.744;0.0;3.844;5.336
2025-04-02 08:00:00+00:00;2.272;0.0;4.184;5.696
2025-04-02 08:15:00+00:00;2.82;0.004;4.52;6.112
2025-04-02 08:30:00+00:00;3.364;0.036;4.836;6.464
2025-04-02 08:45:00+00:00;3.892;0.04;5.108;6.8
2025-04-02 09:00:00+00:00;4.404;0.064;5.348;7.076
2025-04-02 09:15:00+00:00;4.88;0.02;5.572;7.352
2025-04-02 09:30:00+00:00;5.348;0.024;5.784;7.556
2025-04-02 09:45:00+00:00;5.768;0.024;5.948;7.704
2025-04-02 10:00:00+00:00;6.156;0.02;6.084;7.78
2025-04-02 10:15:00+00:00;6.524;0.02;6.192;7.864
2025-04-02 10:30:00+00:00;6.792;0.008;6.148;7.748
2025-04-02 10:45:00+00:00;7.088;0.0;6.268;7.816
2025-04-02 11:00:00+00:00;7.344;0.004;6.28;7.736
2025-04-02 11:15:00+00:00;6.992;0.02;5.72;7.072
2025-04-02 11:30:00+00:00;6.444;0.028;5.312;6.36
2025-04-02 11:45:00+00:00;5.796;0.0;5.104;5.712
2025-04-02 12:00:00+00:00;7.008;0.0;5.0;6.124
2025-04-02 12:15:00+00:00;5.68;0.128;4.18;5.06
2025-04-02 12:30:00+00:00;8.432;0.016;6.072;7.216
2025-04-02 12:45:00+00:00;8.064;0.0;5.68;6.692
2025-04-02 13:00:00+00:00;6.808;0.008;4.448;5.34
2025-04-02 13:15:00+00:00;7.832;0.076;4.944;5.864
2025-04-02 13:30:00+00:00;7.78;0.132;4.768;5.628
2025-04-02 13:45:00+00:00;7.676;0.028;4.536;5.276
2025-04-02 14:00:00+00:00;7.328;0.02;4.08;4.664
2025-04-02 14:15:00+00:00;7.104;0.02;3.724;4.208
2025-04-02 14:30:00+00:00;6.628;0.024;3.284;3.632
2025-04-02 14:45:00+00:00;6.592;0.016;3.028;3.296
2025-04-02 15:00:00+00:00;6.26;0.02;2.648;2.54
2025-04-02 15:15:00+00:00;5.82;0.024;2.224;1.964
2025-04-02 15:30:00+00:00;5.412;0.024;1.816;1.248
2025-04-02 15:45:00+00:00;4.9;0.024;1.372;0.844
2025-04-02 16:00:00+00:00;4.424;0.02;0.948;0.532
2025-04-02 16:15:00+00:00;3.816;0.02;0.596;0.4
2025-04-02 16:30:00+00:00;3.264;0.024;0.42;0.352
2025-04-02 16:45:00+00:00;2.56;0.024;0.26;0.304
2025-04-02 17:00:00+00:00;1.928;0.024;0.164;0.248
2025-04-02 17:15:00+00:00;1.308;0.02;0.116;0.192
2025-04-02 17:30:00+00:00;0.668;0.024;0.08;0.128
2025-04-02 17:45:00+00:00;0.028;0.012;0.028;0.056
2025-04-02 18:00:00+00:00;0.0;0.0;0.0;0.004
2025-04-02 18:15:00+00:00;0.0;0.0;0.0;0.0
2025-04-02 18:30:00+00:00;0.0;0.0;0.0;0.0
2025-04-02 18:45:00+00:00;0.0;0.0;0.0;0.0
2025-04-02 19:00:00+00:00;0.0;0.0;0.0;0.0
2025-04-02 19:15:00+00:00;0.0;0.0;0.0;0.0
2025-04-02 19:30:00+00:00;0.0;0.0;0.0;0.0
2025-04-02 19:45:00+00:00;0.0;0.0;0.0;0.0
2025-04-02 20:00:00+00:00;0.0;0.0;0.0;0.0
2025-04-02 20:15:00+00:00;0.0;0.0;0.0;0.0
2025-04-02 20:30:00+00:00;0.0;0.0;0.0;0.0
2025-04-02 20:45:00+00:00;0.0;0.0;0.0;0.0
2025-04-02 21:00:00+00:00;0.0;0.0;0.0;0.0
2025-04-02 21:15:00+00:00;0.0;0.0;0.0;0.0
2025-04-02 21:30:00+00:00;0.0;0.0;0.0;0.0
2025-04-02 21:45:00+00:00;0.0;0.0;0.0;0.0
2025-04-02 22:00:00+00:00;0.0;0.0;0.0;0.0
2025-04-02 22:15:00+00:00;0.0;0.0;0.0;0.0
2025-04-02 22:30:00+00:00;0.0;0.0;0.0;0.0
2025-04-02 22:45:00+00:00;0.0;0.0;0.0;0.0
2025-04-02 23:00:00+00:00;0.0;0.0;0.0;0.0
2025-04-02 23:15:00+00:00;0.0;0.0;0.0;0.0
2025-04-02 23:30:00+00:00;0.0;0.0;0.0;0.0
2025-04-02 23:45:00+00:00;0.0;0.0;0.0;0.0
2025-04-03 00:00:00+00:00;0.0;0.0;0.0;0.0
2025-04-03 00:15:00+00:00;0.0;0.0;0.0;0.0
2025-04-03 00:30:00+00:00;0.0;0.0;0.0;0.0
2025-04-03 00:45:00+00:00;0.0;0.0;0.0;0.0
2025-04-03 01:00:00+00:00;0.0;0.0;0.0;0.0
2025-04-03 01:15:00+00:00;0.0;0.0;0.0;0.0
2025-04-03 01:30:00+00:00;0.0;0.0;0.0;0.0
2025-04-03 01:45:00+00:00;0.0;0.0;0.0;0.0
2025-04-03 02:00:00+00:00;0.0;0.0;0.0;0.0
2025-04-03 02:15:00+00:00;0.0;0.0;0.0;0.0
2025-04-03 02:30:00+00:00;0.0;0.0;0.0;0.0
2025-04-03 02:45:00+00:00;0.0;0.0;0.0;0.0
2025-04-03 03:00:00+00:00;0.0;0.0;0.0;0.0
2025-04-03 03:15:00+00:00;0.0;0.0;0.0;0.0
2025-04-03 03:30:00+00:00;0.0;0.0;0.0;0.0
2025-04-03 03:45:00+00:00;0.0;0.0;0.0;0.0
2025-04-03 04:00:00+00:00;0.0;0.0;0.0;0.0
2025-04-03 04:15:00+00:00;0.0;0.0;0.0;0.0
2025-04-03 04:30:00+00:00;0.0;0.0;0.0;0.0
2025-04-03 04:45:00+00:00;0.0;0.0;0.0;0.0
2025-04-03 05:00:00+00:00;0.0;0.0;0.0;0.012
2025-04-03 05:15:00+00:00;0.0;0.0;0.072;0.152
2025-04-03 05:30:00+00:00;0.0;0.0;0.348;0.724
2025-04-03 05:45:00+00:00;0.028;0.0;0.364;0.656
2025-04-03 06:00:00+00:00;0.02;0.0;0.42;0.74
2025-04-03 06:15:00+00:00;0.1;0.0;0.736;1.22
2025-04-03 06:30:00+00:00;0.228;0.0;1.708;2.7
2025-04-03 06:45:00+00:00;0.332;0.0;2.204;3.32
2025-04-03 07:00:00+00:00;0.52;0.0;2.6;3.828
2025-04-03 07:15:00+00:00;0.848;0.0;3.016;4.344
2025-04-03 07:30:00+00:00;1.272;0.0;3.42;4.792
2025-04-03 07:45:00+00:00;1.756;0.0;3.78;5.188
2025-04-03 08:00:00+00:00;2.276;0.0;4.116;5.564
2025-04-03 08:15:00+00:00;2.808;0.032;4.444;5.964
2025-04-03 08:30:00+00:00;3.34;0.112;4.74;6.316
2025-04-03 08:45:00+00:00;3.84;0.028;4.98;6.596
2025-04-03 09:00:00+00:00;4.316;0.024;5.236;6.872
2025-04-03 09:15:00+00:00;4.784;0.024;5.432;7.116
2025-04-03 09:30:00+00:00;5.232;0.02;5.624;7.316
2025-04-03 09:45:00+00:00;5.596;0.02;5.732;7.352
2025-04-03 10:00:00+00:00;5.916;0.008;5.848;7.424
2025-04-03 10:15:00+00:00;6.288;0.0;5.96;7.508
2025-04-03 10:30:00+00:00;6.524;0.0;5.976;7.468
2025-04-03 10:45:00+00:00;6.812;0.0;6.052;7.496
2025-04-03 11:00:00+00:00;7.06;0.0;6.016;7.452
2025-04-03 11:15:00+00:00;7.064;0.0;5.944;7.252
2025-04-03 11:30:00+00:00;7.192;0.0;5.796;7.104
2025-04-03 11:45:00+00:00;7.392;0.0;5.8;7.036
2025-04-03 12:00:00+00:00;7.548;0.0;5.724;6.952
2025-04-03 12:15:00+00:00;7.66;0.0;5.652;6.816
2025-04-03 12:30:00+00:00;7.712;0.048;5.468;6.572
2025-04-03 12:45:00+00:00;7.664;0.228;5.24;6.26
2025-04-03 13:00:00+00:00;7.596;0.02;5.064;6.004
2025-04-03 13:15:00+00:00;7.504;0.024;4.808;5.656
2025-04-03 13:30:00+00:00;7.348;0.02;4.512;5.284
2025-04-03 13:45:00+00:00;7.236;0.024;4.228;4.904
2025-04-03 14:00:00+00:00;7.116;0.02;3.96;4.532
2025-04-03 14:15:00+00:00;6.864;0.024;3.652;4.104
2025-04-03 14:30:00+00:00;6.644;0.02;3.316;3.664
2025-04-03 14:45:00+00:00;6.292;0.024;2.932;3.132
2025-04-03 15:00:00+00:00;5.484;0.024;2.404;2.268
2025-04-03 15:15:00+00:00;4.224;0.02;1.636;1.5
2025-04-03 15:30:00+00:00;4.856;0.024;1.656;1.172
2025-04-03 15:45:00+00:00;4.352;0.028;1.272;0.804
2025-04-03 16:00:00+00:00;4.256;0.02;0.924;0.552
2025-04-03 16:15:00+00:00;3.72;0.016;0.616;0.428
2025-04-03 16:30:00+00:00;3.08;0.024;0.432;0.364
2025-04-03 16:45:00+00:00;2.52;0.024;0.268;0.304
2025-04-03 17:00:00+00:00;1.828;0.02;0.164;0.244
2025-04-03 17:15:00+00:00;1.224;0.024;0.108;0.176
2025-04-03 17:30:00+00:00;0.456;0.0;0.06;0.108
2025-04-03 17:45:00+00:00;0.028;0.0;0.012;0.04
2025-04-03 18:00:00+00:00;0.0;0.0;0.0;0.0
2025-04-03 18:15:00+00:00;0.0;0.0;0.0;0.0
2025-04-03 18:30:00+00:00;0.0;0.0;0.0;0.0
2025-04-03 18:45:00+00:00;0.0;0.0;0.0;0.0
2025-04-03 19:00:00+00:00;0.0;0.0;0.0;0.0
2025-04-03 19:15:00+00:00;0.0;0.0;0.0;0.0
2025-04-03 19:30:00+00:00;0.0;0.0;0.0;0.0
2025-04-03 19:45:00+00:00;0.0;0.0;0.0;0.0
2025-04-03 20:00:00+00:00;0.0;0.0;0.0;0.0
2025-04-03 20:15:00+00:00;0.0;0.0;0.0;0.0
2025-04-03 20:30:00+00:00;0.0;0.0;0.0;0.0
2025-04-03 20:45:00+00:00;0.0;0.0;0.0;0.0
2025-04-03 21:00:00+00:00;0.0;0.0;0.0;0.0
2025-04-03 21:15:00+00:00;0.0;0.0;0.0;0.0
2025-04-03 21:30:00+00:00;0.0;0.0;0.0;0.0
2025-04-03 21:45:00+00:00;0.0;0.0;0.0;0.0
2025-04-03 22:00:00+00:00;0.0;0.0;0.0;0.0
2025-04-03 22:15:00+00:00;0.0;0.0;0.0;0.0
2025-04-03 22:30:00+00:00;0.0;0.0;0.0;0.0
2025-04-03 22:45:00+00:00;0.0;0.0;0.0;0.0
2025-04-03 23:00:00+00:00;0.0;0.0;0.0;0.0
2025-04-03 23:15:00+00:00;0.0;0.0;0.0;0.0
2025-04-03 23:30:00+00:00;0.0;0.0;0.0;0.0
2025-04-03 23:45:00+00:00;0.0;0.0;0.0;0.0
2025-04-04 00:00:00+00:00;0.0;0.0;0.0;0.0
2025-04-04 00:15:00+00:00;0.0;0.0;0.0;0.0
2025-04-04 00:30:00+00:00;0.0;0.0;0.0;0.0
2025-04-04 00:45:00+00:00;0.0;0.0;0.0;0.0
2025-04-04 01:00:00+00:00;0.0;0.0;0.0;0.0
2025-04-04 01:15:00+00:00;0.0;0.0;0.0;0.0
2025-04-04 01:30:00+00:00;0.0;0.0;0.0;0.0
2025-04-04 01:45:00+00:00;0.0;0.0;0.0;0.0
2025-04-04 02:00:00+00:00;0.0;0.0;0.0;0.0
2025-04-04 02:15:00+00:00;0.0;0.0;0.0;0.0
2025-04-04 02:30:00+00:00;0.0;0.0;0.0;0.0
2025-04-04 02:45:00+00:00;0.0;0.0;0.0;0.0
2025-04-04 03:00:00+00:00;0.0;0.0;0.0;0.0
2025-04-04 03:15:00+00:00;0.0;0.0;0.0;0.0
2025-04-04 03:30:00+00:00;0.0;0.0;0.0;0.0
2025-04-04 03:45:00+00:00;0.0;0.0;0.0;0.0
2025-04-04 04:00:00+00:00;0.0;0.0;0.0;0.0
2025-04-04 04:15:00+00:00;0.0;0.0;0.0;0.0
2025-04-04 04:30:00+00:00;0.0;0.0;0.0;0.0
2025-04-04 04:45:00+00:00;0.0;0.0;0.0;0.0
2025-04-04 05:00:00+00:00;0.0;0.0;0.008;0.032
2025-04-04 05:15:00+00:00;0.0;0.0;0.148;0.38
2025-04-04 05:30:00+00:00;0.0;0.0;0.412;0.928
2025-04-04 05:45:00+00:00;0.02;0.0;0.764;1.496
2025-04-04 06:00:00+00:00;0.052;0.0;1.168;2.08
2025-04-04 06:15:00+00:00;0.104;0.0;1.596;2.652
2025-04-04 06:30:00+00:00;0.12;0.0;2.028;3.2
2025-04-04 06:45:00+00:00;0.208;0.0;2.452;3.724
2025-04-04 07:00:00+00:00;0.472;0.0;2.864;4.208
2025-04-04 07:15:00+00:00;0.884;0.0;3.248;4.636
2025-04-04 07:30:00+00:00;1.32;0.0;3.62;5.04
2025-04-04 07:45:00+00:00;1.836;0.0;3.972;5.384
2025-04-04 08:00:00+00:00;2.38;0.0;4.32;5.768
2025-04-04 08:15:00+00:00;2.928;0.012;4.636;6.16
2025-04-04 08:30:00+00:00;3.46;0.1;4.892;6.468
2025-04-04 08:45:00+00:00;3.964;0.044;5.124;6.732
2025-04-04 09:00:00+00:00;4.428;0.024;5.34;7.004
2025-04-04 09:15:00+00:00;4.888;0.024;5.548;7.208
2025-04-04 09:30:00+00:00;5.312;0.02;5.696;7.34
2025-04-04 09:45:00+00:00;5.72;0.024;5.876;7.492
2025-04-04 10:00:00+00:00;6.008;0.016;5.936;7.524
2025-04-04 10:15:00+00:00;6.34;0.028;6.04;7.588
2025-04-04 10:30:00+00:00;6.62;0.024;6.092;7.568
2025-04-04 10:45:00+00:00;6.832;0.02;6.104;7.532
2025-04-04 11:00:00+00:00;6.976;0.012;6.072;7.432
2025-04-04 11:15:00+00:00;7.176;0.012;6.06;7.36
2025-04-04 11:30:00+00:00;7.36;0.016;6.004;7.248
2025-04-04 11:45:00+00:00;7.488;0.0;5.908;7.136
2025-04-04 12:00:00+00:00;7.544;0.0;5.804;6.984
2025-04-04 12:15:00+00:00;7.616;0.024;5.668;6.792
2025-04-04 12:30:00+00:00;7.692;0.008;5.508;6.588
2025-04-04 12:45:00+00:00;7.656;0.036;5.316;6.328
2025-04-04 13:00:00+00:00;7.588;0.0;5.072;5.996
2025-04-04 13:15:00+00:00;7.504;0.0;4.816;5.672
2025-04-04 13:30:00+00:00;7.416;0.0;4.576;5.34
2025-04-04 13:45:00+00:00;7.24;0.0;4.284;4.944
2025-04-04 14:00:00+00:00;7.128;0.088;3.996;4.568
2025-04-04 14:15:00+00:00;6.908;0.06;3.664;4.14
2025-04-04 14:30:00+00:00;6.7;0.02;3.34;3.692
2025-04-04 14:45:00+00:00;6.416;0.024;2.976;3.184
2025-04-04 15:00:00+00:00;6.108;0.02;2.608;2.432
2025-04-04 15:15:00+00:00;5.752;0.024;2.224;1.92
2025-04-04 15:30:00+00:00;5.352;0.024;1.808;1.144
2025-04-04 15:45:00+00:00;4.944;0.02;1.352;0.74
2025-04-04 16:00:00+00:00;4.516;0.024;0.876;0.456
2025-04-04 16:15:00+00:00;4.024;0.024;0.552;0.336
2025-04-04 16:30:00+00:00;3.48;0.02;0.396;0.296
2025-04-04 16:45:00+00:00;2.904;0.02;0.228;0.264
2025-04-04 17:00:00+00:00;2.272;0.02;0.136;0.224
2025-04-04 17:15:00+00:00;1.608;0.028;0.1;0.176
2025-04-04 17:30:00+00:00;0.94;0.02;0.064;0.124
2025-04-04 17:45:00+00:00;0.072;0.02;0.024;0.056
2025-04-04 18:00:00+00:00;0.0;0.0;0.0;0.004
2025-04-04 18:15:00+00:00;0.0;0.0;0.0;0.0
2025-04-04 18:30:00+00:00;0.0;0.0;0.0;0.0
2025-04-04 18:45:00+00:00;0.0;0.0;0.0;0.0
2025-04-04 19:00:00+00:00;0.0;0.0;0.0;0.0
2025-04-04 19:15:00+00:00;0.0;0.0;0.0;0.0
2025-04-04 19:30:00+00:00;0.0;0.0;0.0;0.0
2025-04-04 19:45:00+00:00;0.0;0.0;0.0;0.0
2025-04-04 20:00:00+00:00;0.0;0.0;0.0;0.0
2025-04-04 20:15:00+00:00;0.0;0.0;0.0;0.0
2025-04-04 20:30:00+00:00;0.0;0.0;0.0;0.0
2025-04-04 20:45:00+00:00;0.0;0.0;0.0;0.0
2025-04-04 21:00:00+00:00;0.0;0.0;0.0;0.0
2025-04-04 21:15:00+00:00;0.0;0.0;0.0;0.0
2025-04-04 21:30:00+00:00;0.0;0.0;0.0;0.0
2025-04-04 21:45:00+00:00;0.0;0.0;0.0;0.0
2025-04-04 22:00:00+00:00;0.0;0.0;0.0;0.0
2025-04-04 22:15:00+00:00;0.0;0.0;0.0;0.0
2025-04-04 22:30:00+00:00;0.0;0.0;0.0;0.0
2025-04-04 22:45:00+00:00;0.0;0.0;0.0;0.0
2025-04-04 23:00:00+00:00;0.0;0.0;0.0;0.0
2025-04-04 23:15:00+00:00;0.0;0.0;0.0;0.0
2025-04-04 23:30:00+00:00;0.0;0.0;0.0;0.0
2025-04-04 23:45:00+00:00;0.0;0.0;0.0;0.0
2025-04-05 00:00:00+00:00;0.0;0.0;0.0;0.0
2025-04-05 00:15:00+00:00;0.0;0.0;0.0;0.0
2025-04-05 00:30:00+00:00;0.0;0.0;0.0;0.0
2025-04-05 00:45:00+00:00;0.0;0.0;0.0;0.0
2025-04-05 01:00:00+00:00;0.0;0.0;0.0;0.0
2025-04-05 01:15:00+00:00;0.0;0.0;0.0;0.0
2025-04-05 01:30:00+00:00;0.0;0.0;0.0;0.0
2025-04-05 01:45:00+00:00;0.0;0.0;0.0;0.0
2025-04-05 02:00:00+00:00;0.0;0.0;0.0;0.0
2025-04-05 02:15:00+00:00;0.0;0.0;0.0;0.0
2025-04-05 02:30:00+00:00;0.0;0.0;0.0;0.0
2025-04-05 02:45:00+00:00;0.0;0.0;0.0;0.0
2025-04-05 03:00:00+00:00;0.0;0.0;0.0;0.0
2025-04-05 03:15:00+00:00;0.0;0.0;0.0;0.0
2025-04-05 03:30:00+00:00;0.0;0.0;0.0;0.0
2025-04-05 03:45:00+00:00;0.0;0.0;0.0;0.0
2025-04-05 04:00:00+00:00;0.0;0.0;0.0;0.0
2025-04-05 04:15:00+00:00;0.0;0.0;0.0;0.0
2025-04-05 04:30:00+00:00;0.0;0.0;0.0;0.0
2025-04-05 04:45:00+00:00;0.0;0.0;0.0;0.0
2025-04-05 05:00:00+00:00;0.0;0.0;0.008;0.036
2025-04-05 05:15:00+00:00;0.0;0.0;0.14;0.356
2025-04-05 05:30:00+00:00;0.0;0.0;0.396;0.86
2025-04-05 05:45:00+00:00;0.024;0.0;0.744;1.416
2025-04-05 06:00:00+00:00;0.112;0.0;1.128;1.964
2025-04-05 06:15:00+00:00;0.176;0.0;1.524;2.496
2025-04-05 06:30:00+00:00;0.212;0.0;1.92;3.012
2025-04-05 06:45:00+00:00;0.356;0.0;2.332;3.508
2025-04-05 07:00:00+00:00;0.604;0.0;2.744;3.988
2025-04-05 07:15:00+00:00;0.936;0.0;3.112;4.416
2025-04-05 07:30:00+00:00;1.348;0.0;3.472;4.84
2025-04-05 07:45:00+00:00;1.844;0.0;3.832;5.212
2025-04-05 08:00:00+00:00;2.364;0.02;4.172;5.588
2025-04-05 08:15:00+00:00;2.896;0.024;4.488;5.988
2025-04-05 08:30:00+00:00;3.408;0.028;4.74;6.28
2025-04-05 08:45:00+00:00;3.92;0.0;5.028;6.62
2025-04-05 09:00:00+00:00;4.388;0.064;5.252;6.888
2025-04-05 09:15:00+00:00;4.804;0.02;5.428;7.044
2025-04-05 09:30:00+00:00;5.268;0.024;5.652;7.28
2025-04-05 09:45:00+00:00;5.612;0.02;5.76;7.348
2025-04-05 10:00:00+00:00;5.992;0.02;5.916;7.464
2025-04-05 10:15:00+00:00;6.328;0.02;6.024;7.524
2025-04-05 10:30:00+00:00;6.608;0.02;6.096;7.564
2025-04-05 10:45:00+00:00;6.788;0.02;6.06;7.44
2025-04-05 11:00:00+00:00;6.876;0.02;5.94;7.288
2025-04-05 11:15:00+00:00;7.124;0.028;6.004;7.304
2025-04-05 11:30:00+00:00;7.24;0.024;5.908;7.132
2025-04-05 11:45:00+00:00;7.304;0.028;5.764;6.964
2025-04-05 12:00:00+00:00;7.396;0.024;5.592;6.768
2025-04-05 12:15:00+00:00;7.512;0.024;5.48;6.632
2025-04-05 12:30:00+00:00;7.492;0.024;5.364;6.492
2025-04-05 12:45:00+00:00;7.664;0.024;5.232;6.288
2025-04-05 13:00:00+00:00;7.644;0.024;5.064;6.056
2025-04-05 13:15:00+00:00;7.504;0.02;4.86;5.808
2025-04-05 13:30:00+00:00;7.344;0.024;4.572;5.404
2025-04-05 13:45:00+00:00;6.952;0.02;4.116;4.808
2025-04-05 14:00:00+00:00;5.856;0.024;3.34;3.86
2025-04-05 14:15:00+00:00;6.964;0.024;3.728;4.228
2025-04-05 14:30:00+00:00;6.388;0.024;3.236;3.628
2025-04-05 14:45:00+00:00;6.404;0.024;3.16;3.456
2025-04-05 15:00:00+00:00;6.048;0.024;2.844;2.852
2025-04-05 15:15:00+00:00;5.448;0.02;2.416;2.304
2025-04-05 15:30:00+00:00;3.44;0.024;1.668;1.612
2025-04-05 15:45:00+00:00;3.06;0.024;1.392;1.356
2025-04-05 16:00:00+00:00;1.58;0.02;0.828;0.928
2025-04-05 16:15:00+00:00;1.264;0.02;0.652;0.744
2025-04-05 16:30:00+00:00;4.02;0.028;0.796;0.696
2025-04-05 16:45:00+00:00;1.8;0.02;0.42;0.452
2025-04-05 17:00:00+00:00;1.792;0.024;0.336;0.376
2025-04-05 17:15:00+00:00;0.588;0.02;0.196;0.26
2025-04-05 17:30:00+00:00;0.572;0.02;0.14;0.196
2025-04-05 17:45:00+00:00;0.056;0.028;0.056;0.088
2025-04-05 18:00:00+00:00;0.0;0.028;0.008;0.02
2025-04-05 18:15:00+00:00;0.0;0.012;0.0;0.0
2025-04-05 18:30:00+00:00;0.0;0.016;0.0;0.0
2025-04-05 18:45:00+00:00;0.0;0.016;0.0;0.0
2025-04-05 19:00:00+00:00;0.0;0.0;0.0;0.0
2025-04-05 19:15:00+00:00;0.0;0.0;0.0;0.0
2025-04-05 19:30:00+00:00;0.0;0.0;0.0;0.0
2025-04-05 19:45:00+00:00;0.0;0.0;0.0;0.0
2025-04-05 20:00:00+00:00;0.0;0.0;0.0;0.0
2025-04-05 20:15:00+00:00;0.0;0.0;0.0;0.0
2025-04-05 20:30:00+00:00;0.0;0.0;0.0;0.0
2025-04-05 20:45:00+00:00;0.0;0.0;0.0;0.0
2025-04-05 21:00:00+00:00;0.0;0.0;0.0;0.0
2025-04-05 21:15:00+00:00;0.0;0.0;0.0;0.0
2025-04-05 21:30:00+00:00;0.0;0.0;0.0;0.0
2025-04-05 21:45:00+00:00;0.0;0.0;0.0;0.0
2025-04-05 22:00:00+00:00;0.0;0.0;0.0;0.0
2025-04-05 22:15:00+00:00;0.0;0.0;0.0;0.0
2025-04-05 22:30:00+00:00;0.0;0.0;0.0;0.0
2025-04-05 22:45:00+00:00;0.0;0.0;0.0;0.0
2025-04-05 23:00:00+00:00;0.0;0.0;0.0;0.0
2025-04-05 23:15:00+00:00;0.0;0.0;0.0;0.0
2025-04-05 23:30:00+00:00;0.0;0.0;0.0;0.0
2025-04-05 23:45:00+00:00;0.0;0.0;0.0;0.0
2025-04-06 00:00:00+00:00;0.0;0.0;0.0;0.0
2025-04-06 00:15:00+00:00;0.0;0.0;0.0;0.0
2025-04-06 00:30:00+00:00;0.0;0.0;0.0;0.0
2025-04-06 00:45:00+00:00;0.0;0.0;0.0;0.0
2025-04-06 01:00:00+00:00;0.0;0.0;0.0;0.0
2025-04-06 01:15:00+00:00;0.0;0.0;0.0;0.0
2025-04-06 01:30:00+00:00;0.0;0.0;0.0;0.0
2025-04-06 01:45:00+00:00;0.0;0.0;0.0;0.0
2025-04-06 02:00:00+00:00;0.0;0.0;0.0;0.0
2025-04-06 02:15:00+00:00;0.0;0.0;0.0;0.0
2025-04-06 02:30:00+00:00;0.0;0.0;0.0;0.0
2025-04-06 02:45:00+00:00;0.0;0.0;0.0;0.0
2025-04-06 03:00:00+00:00;0.0;0.0;0.0;0.0
2025-04-06 03:15:00+00:00;0.0;0.0;0.0;0.0
2025-04-06 03:30:00+00:00;0.0;0.0;0.0;0.0
2025-04-06 03:45:00+00:00;0.0;0.0;0.0;0.0
2025-04-06 04:00:00+00:00;0.0;0.0;0.0;0.0
2025-04-06 04:15:00+00:00;0.0;0.0;0.0;0.0
2025-04-06 04:30:00+00:00;0.0;0.0;0.0;0.0
2025-04-06 04:45:00+00:00;0.0;0.0;0.0;0.0
2025-04-06 05:00:00+00:00;0.0;0.0;0.028;0.1
2025-04-06 05:15:00+00:00;0.0;0.0;0.216;0.576
2025-04-06 05:30:00+00:00;0.0;0.0;0.52;1.156
2025-04-06 05:45:00+00:00;0.024;0.0;0.892;1.728
2025-04-06 06:00:00+00:00;0.08;0.0;1.316;2.32
2025-04-06 06:15:00+00:00;0.136;0.0;1.76;2.892
2025-04-06 06:30:00+00:00;0.16;0.0;2.208;3.46
2025-04-06 06:45:00+00:00;0.284;0.0;2.652;4.012
2025-04-06 07:00:00+00:00;0.556;0.0;3.08;4.528
2025-04-06 07:15:00+00:00;0.944;0.0;3.504;5.024
2025-04-06 07:30:00+00:00;1.436;0.0;3.896;5.472
2025-04-06 07:45:00+00:00;1.988;0.02;4.284;5.876
2025-04-06 08:00:00+00:00;2.568;0.0;4.636;6.268
2025-04-06 08:15:00+00:00;3.14;0.012;4.96;6.628
2025-04-06 08:30:00+00:00;3.712;0.028;5.248;6.968
2025-04-06 08:45:00+00:00;4.244;0.072;5.492;7.28
2025-04-06 09:00:00+00:00;4.756;0.128;5.724;7.56
2025-04-06 09:15:00+00:00;5.264;0.244;5.976;7.8
2025-04-06 09:30:00+00:00;5.672;0.292;6.112;7.884
2025-04-06 09:45:00+00:00;6.072;0.56;6.248;7.96
2025-04-06 10:00:00+00:00;6.468;0.404;6.404;8.016
2025-04-06 10:15:00+00:00;6.836;0.016;6.496;8.016
2025-04-06 10:30:00+00:00;7.1;0.016;6.536;8.016
2025-04-06 10:45:00+00:00;7.444;0.016;6.608;8.012
2025-04-06 11:00:00+00:00;7.672;0.028;6.588;8.016
2025-04-06 11:15:00+00:00;7.86;0.024;6.548;7.956
2025-04-06 11:30:00+00:00;7.936;0.02;6.46;7.816
2025-04-06 11:45:00+00:00;8.084;0.028;6.36;7.676
2025-04-06 12:00:00+00:00;8.236;0.024;6.284;7.536
2025-04-06 12:15:00+00:00;8.232;0.02;6.076;7.248
2025-04-06 12:30:00+00:00;8.228;0.024;5.912;7.016
2025-04-06 12:45:00+00:00;8.256;0.024;5.704;6.728
2025-04-06 13:00:00+00:00;8.236;0.02;5.464;6.408
2025-04-06 13:15:00+00:00;8.108;0.024;5.196;6.044
2025-04-06 13:30:00+00:00;7.94;0.024;4.912;5.74
2025-04-06 13:45:00+00:00;7.816;0.016;4.636;5.348
2025-04-06 14:00:00+00:00;7.632;0.02;4.312;4.912
2025-04-06 14:15:00+00:00;7.376;0.024;3.944;4.448
2025-04-06 14:30:00+00:00;7.144;0.02;3.6;4.008
2025-04-06 14:45:00+00:00;6.916;0.028;3.228;3.472
2025-04-06 15:00:00+00:00;6.656;0.024;2.856;2.64
2025-04-06 15:15:00+00:00;6.308;0.02;2.424;2.056
2025-04-06 15:30:00+00:00;5.904;0.028;1.992;1.236
2025-04-06 15:45:00+00:00;5.428;0.02;1.484;0.792
2025-04-06 16:00:00+00:00;4.936;0.02;0.948;0.48
2025-04-06 16:15:00+00:00;4.4;0.028;0.712;0.364
2025-04-06 16:30:00+00:00;3.84;0.02;0.464;0.32
2025-04-06 16:45:00+00:00;3.228;0.028;0.26;0.284
2025-04-06 17:00:00+00:00;2.584;0.028;0.152;0.244
2025-04-06 17:15:00+00:00;1.884;0.024;0.108;0.2
2025-04-06 17:30:00+00:00;1.208;0.02;0.072;0.144
2025-04-06 17:45:00+00:00;0.212;0.028;0.036;0.076
2025-04-06 18:00:00+00:00;0.0;0.02;0.0;0.012
2025-04-06 18:15:00+00:00;0.0;0.02;0.0;0.0
2025-04-06 18:30:00+00:00;0.0;0.012;0.0;0.0
2025-04-06 18:45:00+00:00;0.0;0.0;0.0;0.0
2025-04-06 19:00:00+00:00;0.0;0.0;0.0;0.0
2025-04-06 19:15:00+00:00;0.0;0.0;0.0;0.0
2025-04-06 19:30:00+00:00;0.0;0.0;0.0;0.0
2025-04-06 19:45:00+00:00;0.0;0.0;0.0;0.0
2025-04-06 20:00:00+00:00;0.0;0.0;0.0;0.0
2025-04-06 20:15:00+00:00;0.0;0.0;0.0;0.0
2025-04-06 20:30:00+00:00;0.0;0.0;0.0;0.0
2025-04-06 20:45:00+00:00;0.0;0.0;0.0;0.0
2025-04-06 21:00:00+00:00;0.0;0.0;0.0;0.0
2025-04-06 21:15:00+00:00;0.0;0.0;0.0;0.0
2025-04-06 21:30:00+00:00;0.0;0.0;0.0;0.0
2025-04-06 21:45:00+00:00;0.0;0.0;0.0;0.0
2025-04-06 22:00:00+00:00;0.0;0.0;0.0;0.0
2025-04-06 22:15:00+00:00;0.0;0.0;0.0;0.0
2025-04-06 22:30:00+00:00;0.0;0.0;0.0;0.0
2025-04-06 22:45:00+00:00;0.0;0.0;0.0;0.0
2025-04-06 23:00:00+00:00;0.0;0.0;0.0;0.0
2025-04-06 23:15:00+00:00;0.0;0.0;0.0;0.0
2025-04-06 23:30:00+00:00;0.0;0.0;0.0;0.0
2025-04-06 23:45:00+00:00;0.0;0.0;0.0;0.0
2025-04-07 00:00:00+00:00;0.0;0.0;0.0;0.0
2025-04-07 00:15:00+00:00;0.0;0.0;0.0;0.0
2025-04-07 00:30:00+00:00;0.0;0.0;0.0;0.0
2025-04-07 00:45:00+00:00;0.0;0.0;0.0;0.0
2025-04-07 01:00:00+00:00;0.0;0.0;0.0;0.0
2025-04-07 01:15:00+00:00;0.0;0.0;0.0;0.0
2025-04-07 01:30:00+00:00;0.0;0.0;0.0;0.0
2025-04-07 01:45:00+00:00;0.0;0.0;0.0;0.0
2025-04-07 02:00:00+00:00;0.0;0.0;0.0;0.0
2025-04-07 02:15:00+00:00;0.0;0.0;0.0;0.0
2025-04-07 02:30:00+00:00;0.0;0.0;0.0;0.0
2025-04-07 02:45:00+00:00;0.0;0.0;0.0;0.0
2025-04-07 03:00:00+00:00;0.0;0.0;0.0;0.0
2025-04-07 03:15:00+00:00;0.0;0.0;0.0;0.0
2025-04-07 03:30:00+00:00;0.0;0.0;0.0;0.0
2025-04-07 03:45:00+00:00;0.0;0.0;0.0;0.0
2025-04-07 04:00:00+00:00;0.0;0.0;0.0;0.0
2025-04-07 04:15:00+00:00;0.0;0.0;0.0;0.0
2025-04-07 04:30:00+00:00;0.0;0.0;0.0;0.0
2025-04-07 04:45:00+00:00;0.0;0.0;0.0;0.0
2025-04-07 05:00:00+00:00;0.0;0.0;0.048;0.144
2025-04-07 05:15:00+00:00;0.0;0.0;0.244;0.624
2025-04-07 05:30:00+00:00;0.0;0.0;0.532;1.144
2025-04-07 05:45:00+00:00;0.028;0.0;0.904;1.704
2025-04-07 06:00:00+00:00;0.08;0.0;1.32;2.288
2025-04-07 06:15:00+00:00;0.152;0.0;1.72;2.804
2025-04-07 06:30:00+00:00;0.184;0.0;2.212;3.428
2025-04-07 06:45:00+00:00;0.316;0.0;2.632;3.932
2025-04-07 07:00:00+00:00;0.564;0.0;2.86;4.196
2025-04-07 07:15:00+00:00;0.968;0.0;3.456;4.928
2025-04-07 07:30:00+00:00;1.46;0.0;3.872;5.4
2025-04-07 07:45:00+00:00;1.988;0.024;4.2;5.752
2025-04-07 08:00:00+00:00;2.56;0.0;4.56;6.144
2025-04-07 08:15:00+00:00;3.12;0.076;4.86;6.5
2025-04-07 08:30:00+00:00;3.676;0.14;5.164;6.892
2025-04-07 08:45:00+00:00;4.204;0.264;5.42;7.204
2025-04-07 09:00:00+00:00;4.7;0.044;5.616;7.408
2025-04-07 09:15:00+00:00;5.208;0.112;5.896;7.668
2025-04-07 09:30:00+00:00;5.66;0.248;6.08;7.844
2025-04-07 09:45:00+00:00;6.02;0.036;6.168;7.852
2025-04-07 10:00:00+00:00;6.392;0.02;6.304;7.948
2025-04-07 10:15:00+00:00;6.7;0.016;6.372;7.944
2025-04-07 10:30:00+00:00;7.028;0.024;6.46;7.992
2025-04-07 10:45:00+00:00;7.248;0.016;6.476;7.94
2025-04-07 11:00:00+00:00;7.436;0.028;6.416;7.844
2025-04-07 11:15:00+00:00;7.652;0.024;6.424;7.816
2025-04-07 11:30:00+00:00;7.784;0.028;6.324;7.66
2025-04-07 11:45:00+00:00;7.832;0.036;6.192;7.488
2025-04-07 12:00:00+00:00;7.944;0.02;6.12;7.3
2025-04-07 12:15:00+00:00;8.04;0.024;5.96;7.108
2025-04-07 12:30:00+00:00;8.024;0.028;5.776;6.868
2025-04-07 12:45:00+00:00;7.932;0.02;5.552;6.58
2025-04-07 13:00:00+00:00;7.876;0.024;5.304;6.244
2025-04-07 13:15:00+00:00;7.8;0.024;5.044;5.92
2025-04-07 13:30:00+00:00;7.724;0.024;4.8;5.58
2025-04-07 13:45:00+00:00;7.64;0.028;4.528;5.204
2025-04-07 14:00:00+00:00;7.436;0.024;4.2;4.776
2025-04-07 14:15:00+00:00;7.256;0.028;3.876;4.316
2025-04-07 14:30:00+00:00;7.08;0.028;3.564;3.848
2025-04-07 14:45:00+00:00;6.788;0.024;3.196;3.312
2025-04-07 15:00:00+00:00;6.364;0.02;2.764;2.568
2025-04-07 15:15:00+00:00;6.064;0.024;2.376;2.008
2025-04-07 15:30:00+00:00;5.696;0.02;1.96;1.232
2025-04-07 15:45:00+00:00;5.28;0.028;1.48;0.804
2025-04-07 16:00:00+00:00;4.836;0.02;0.964;0.516
2025-04-07 16:15:00+00:00;4.348;0.032;0.712;0.404
2025-04-07 16:30:00+00:00;3.68;0.02;0.504;0.36
2025-04-07 16:45:00+00:00;3.252;0.024;0.296;0.316
2025-04-07 17:00:00+00:00;2.52;0.02;0.164;0.244
2025-04-07 17:15:00+00:00;1.848;0.028;0.124;0.22
2025-04-07 17:30:00+00:00;1.232;0.028;0.084;0.152
2025-04-07 17:45:00+00:00;0.312;0.028;0.044;0.092
2025-04-07 18:00:00+00:00;0.004;0.024;0.004;0.024
2025-04-07 18:15:00+00:00;0.0;0.0;0.0;0.0
2025-04-07 18:30:00+00:00;0.0;0.0;0.0;0.0
2025-04-07 18:45:00+00:00;0.0;0.0;0.0;0.0
2025-04-07 19:00:00+00:00;0.0;0.0;0.0;0.0
2025-04-07 19:15:00+00:00;0.0;0.0;0.0;0.0
2025-04-07 19:30:00+00:00;0.0;0.0;0.0;0.0
2025-04-07 19:45:00+00:00;0.0;0.0;0.0;0.0
2025-04-07 20:00:00+00:00;0.0;0.0;0.0;0.0
2025-04-07 20:15:00+00:00;0.0;0.0;0.0;0.0
2025-04-07 20:30:00+00:00;0.0;0.0;0.0;0.0
2025-04-07 20:45:00+00:00;0.0;0.0;0.0;0.0
2025-04-07 21:00:00+00:00;0.0;0.0;0.0;0.0
2025-04-07 21:15:00+00:00;0.0;0.0;0.0;0.0
2025-04-07 21:30:00+00:00;0.0;0.0;0.0;0.0
2025-04-07 21:45:00+00:00;0.0;0.0;0.0;0.0
2025-04-07 22:00:00+00:00;0.0;0.0;0.0;0.0
2025-04-07 22:15:00+00:00;0.0;0.0;0.0;0.0
2025-04-07 22:30:00+00:00;0.0;0.0;0.0;0.0
2025-04-07 22:45:00+00:00;0.0;0.0;0.0;0.0
2025-04-07 23:00:00+00:00;0.0;0.0;0.0;0.0
2025-04-07 23:15:00+00:00;0.0;0.0;0.0;0.0
2025-04-07 23:30:00+00:00;0.0;0.0;0.0;0.0
2025-04-07 23:45:00+00:00;0.0;0.0;0.0;0.0
2025-04-08 00:00:00+00:00;0.0;0.0;0.0;0.0
2025-04-08 00:15:00+00:00;0.0;0.0;0.0;0.0
2025-04-08 00:30:00+00:00;0.0;0.0;0.0;0.0
2025-04-08 00:45:00+00:00;0.0;0.0;0.0;0.0
2025-04-08 01:00:00+00:00;0.0;0.0;0.0;0.0
2025-04-08 01:15:00+00:00;0.0;0.0;0.0;0.0
2025-04-08 01:30:00+00:00;0.0;0.0;0.0;0.0
2025-04-08 01:45:00+00:00;0.0;0.0;0.0;0.0
2025-04-08 02:00:00+00:00;0.0;0.0;0.0;0.0
2025-04-08 02:15:00+00:00;0.0;0.0;0.0;0.0
2025-04-08 02:30:00+00:00;0.0;0.0;0.0;0.0
2025-04-08 02:45:00+00:00;0.0;0.0;0.0;0.0
2025-04-08 03:00:00+00:00;0.0;0.0;0.0;0.0
2025-04-08 03:15:00+00:00;0.0;0.0;0.0;0.0
2025-04-08 03:30:00+00:00;0.0;0.0;0.0;0.0
2025-04-08 03:45:00+00:00;0.0;0.0;0.0;0.0
2025-04-08 04:00:00+00:00;0.0;0.0;0.0;0.0
2025-04-08 04:15:00+00:00;0.0;0.0;0.0;0.0
2025-04-08 04:30:00+00:00;0.0;0.0;0.0;0.0
2025-04-08 04:45:00+00:00;0.0;0.0;0.0;0.0
2025-04-08 05:00:00+00:00;0.0;0.0;0.048;0.136
2025-04-08 05:15:00+00:00;0.0;0.0;0.26;0.66
2025-04-08 05:30:00+00:00;0.004;0.0;0.572;1.212
2025-04-08 05:45:00+00:00;0.028;0.0;0.932;1.732
2025-04-08 06:00:00+00:00;0.048;0.0;1.368;2.38
2025-04-08 06:15:00+00:00;0.16;0.0;1.812;2.956
2025-04-08 06:30:00+00:00;0.216;0.0;2.256;3.504
2025-04-08 06:45:00+00:00;0.38;0.0;2.596;3.852
2025-04-08 07:00:00+00:00;0.676;0.0;3.072;4.448
2025-04-08 07:15:00+00:00;1.04;0.0;3.484;4.932
2025-04-08 07:30:00+00:00;1.48;0.0;3.78;5.236
2025-04-08 07:45:00+00:00;2.004;0.012;4.148;5.64
2025-04-08 08:00:00+00:00;2.544;0.0;4.46;5.996
2025-04-08 08:15:00+00:00;3.096;0.0;4.796;6.368
2025-04-08 08:30:00+00:00;3.64;0.0;5.092;6.732
2025-04-08 08:45:00+00:00;4.16;0.0;5.348;7.06
2025-04-08 09:00:00+00:00;4.64;0.0;5.584;7.312
2025-04-08 09:15:00+00:00;5.132;0.0;5.792;7.492
2025-04-08 09:30:00+00:00;5.528;0.0;5.96;7.616
2025-04-08 09:45:00+00:00;5.924;0.0;6.104;7.724
2025-04-08 10:00:00+00:00;6.244;0.0;6.144;7.744
2025-04-08 10:15:00+00:00;6.464;0.0;6.168;7.716
2025-04-08 10:30:00+00:00;6.792;0.0;6.204;7.692
2025-04-08 10:45:00+00:00;7.028;0.012;6.256;7.688
2025-04-08 11:00:00+00:00;7.276;0.056;6.32;7.712
2025-04-08 11:15:00+00:00;7.248;0.028;6.096;7.412
2025-04-08 11:30:00+00:00;7.292;0.056;5.932;7.236
2025-04-08 11:45:00+00:00;7.704;0.1;6.068;7.328
2025-04-08 12:00:00+00:00;7.104;0.08;5.376;6.496
2025-04-08 12:15:00+00:00;7.616;0.004;5.696;6.824
2025-04-08 12:30:00+00:00;6.892;0.0;4.996;5.992
2025-04-08 12:45:00+00:00;7.784;0.0;5.456;6.44
2025-04-08 13:00:00+00:00;7.708;0.0;5.252;6.184
2025-04-08 13:15:00+00:00;7.988;0.0;5.248;6.112
2025-04-08 13:30:00+00:00;7.724;0.256;4.876;5.64
2025-04-08 13:45:00+00:00;7.556;0.24;4.528;5.176
2025-04-08 14:00:00+00:00;7.404;0.084;4.22;4.772
2025-04-08 14:15:00+00:00;6.952;0.0;3.756;4.168
2025-04-08 14:30:00+00:00;6.836;0.0;3.472;3.78
2025-04-08 14:45:00+00:00;6.704;0.0;3.184;3.308
2025-04-08 15:00:00+00:00;6.332;0.0;2.74;2.608
2025-04-08 15:15:00+00:00;5.592;0.0;2.092;1.852
2025-04-08 15:30:00+00:00;5.468;0.0;1.924;1.272
2025-04-08 15:45:00+00:00;5.68;0.0;1.536;0.892
2025-04-08 16:00:00+00:00;6.352;0.0;1.008;0.584
2025-04-08 16:15:00+00:00;5.644;0.0;0.728;0.432
2025-04-08 16:30:00+00:00;4.932;0.0;0.508;0.372
2025-04-08 16:45:00+00:00;4.204;0.0;0.336;0.348
2025-04-08 17:00:00+00:00;3.468;0.0;0.236;0.324
2025-04-08 17:15:00+00:00;2.244;0.0;0.156;0.252
2025-04-08 17:30:00+00:00;1.564;0.0;0.108;0.184
2025-04-08 17:45:00+00:00;0.424;0.0;0.052;0.1
2025-04-08 18:00:00+00:00;0.008;0.0;0.008;0.024
2025-04-08 18:15:00+00:00;0.0;0.0;0.0;0.0
2025-04-08 18:30:00+00:00;0.0;0.0;0.0;0.0
2025-04-08 18:45:00+00:00;0.0;0.0;0.0;0.0
2025-04-08 19:00:00+00:00;0.0;0.0;0.0;0.0
2025-04-08 19:15:00+00:00;0.0;0.0;0.0;0.0
2025-04-08 19:30:00+00:00;0.0;0.0;0.0;0.0
2025-04-08 19:45:00+00:00;0.0;0.0;0.0;0.0
2025-04-08 20:00:00+00:00;0.0;0.0;0.0;0.0
2025-04-08 20:15:00+00:00;0.0;0.0;0.0;0.0
2025-04-08 20:30:00+00:00;0.0;0.0;0.0;0.0
2025-04-08 20:45:00+00:00;0.0;0.0;0.0;0.0
2025-04-08 21:00:00+00:00;0.0;0.0;0.0;0.0
2025-04-08 21:15:00+00:00;0.0;0.0;0.0;0.0
2025-04-08 21:30:00+00:00;0.0;0.0;0.0;0.0
2025-04-08 21:45:00+00:00;0.0;0.0;0.0;0.0
2025-04-08 22:00:00+00:00;0.0;0.0;0.0;0.0
2025-04-08 22:15:00+00:00;0.0;0.0;0.0;0.0
2025-04-08 22:30:00+00:00;0.0;0.0;0.0;0.0
2025-04-08 22:45:00+00:00;0.0;0.0;0.0;0.0
2025-04-08 23:00:00+00:00;0.0;0.0;0.0;0.0
2025-04-08 23:15:00+00:00;0.0;0.0;0.0;0.0
2025-04-08 23:30:00+00:00;0.0;0.0;0.0;0.0
2025-04-08 23:45:00+00:00;0.0;0.0;0.0;0.0
2025-04-09 00:00:00+00:00;0.0;0.0;0.0;0.0
2025-04-09 00:15:00+00:00;0.0;0.0;0.0;0.0
2025-04-09 00:30:00+00:00;0.0;0.0;0.0;0.0
2025-04-09 00:45:00+00:00;0.0;0.0;0.0;0.0
2025-04-09 01:00:00+00:00;0.0;0.0;0.0;0.0
2025-04-09 01:15:00+00:00;0.0;0.0;0.0;0.0
2025-04-09 01:30:00+00:00;0.0;0.0;0.0;0.0
2025-04-09 01:45:00+00:00;0.0;0.0;0.0;0.0
2025-04-09 02:00:00+00:00;0.0;0.0;0.0;0.0
2025-04-09 02:15:00+00:00;0.0;0.0;0.0;0.0
2025-04-09 02:30:00+00:00;0.0;0.0;0.0;0.0
2025-04-09 02:45:00+00:00;0.0;0.0;0.0;0.0
2025-04-09 03:00:00+00:00;0.0;0.0;0.0;0.0
2025-04-09 03:15:00+00:00;0.0;0.0;0.0;0.0
2025-04-09 03:30:00+00:00;0.0;0.0;0.0;0.0
2025-04-09 03:45:00+00:00;0.0;0.0;0.0;0.0
2025-04-09 04:00:00+00:00;0.0;0.0;0.0;0.0
2025-04-09 04:15:00+00:00;0.0;0.0;0.0;0.0
2025-04-09 04:30:00+00:00;0.0;0.0;0.0;0.0
2025-04-09 04:45:00+00:00;0.0;0.0;0.0;0.0
2025-04-09 05:00:00+00:00;0.0;0.0;0.04;0.096
2025-04-09 05:15:00+00:00;0.0;0.0;0.268;0.588
2025-04-09 05:30:00+00:00;0.008;0.0;0.472;0.904
2025-04-09 05:45:00+00:00;0.124;0.0;0.892;1.564
2025-04-09 06:00:00+00:00;0.412;0.0;1.436;2.344
2025-04-09 06:15:00+00:00;0.532;0.0;1.868;2.908
2025-04-09 06:30:00+00:00;0.48;0.0;2.136;3.256
2025-04-09 06:45:00+00:00;0.648;0.0;2.22;3.336
2025-04-09 07:00:00+00:00;0.876;0.0;1.772;2.58
2025-04-09 07:15:00+00:00;1.48;0.036;2.424;3.32
2025-04-09 07:30:00+00:00;2.376;0.08;3.524;4.796
2025-04-09 07:45:00+00:00;2.224;0.064;3.124;4.212
2025-04-09 08:00:00+00:00;3.292;0.02;4.12;5.536
2025-04-09 08:15:00+00:00;4.156;0.056;4.676;6.204
2025-04-09 08:30:00+00:00;4.72;0.212;4.772;6.372
2025-04-09 08:45:00+00:00;5.524;0.052;5.148;6.8
2025-04-09 09:00:00+00:00;6.204;0.02;5.416;7.088
2025-04-09 09:15:00+00:00;7.08;0.024;5.812;7.524
2025-04-09 09:30:00+00:00;7.516;0.016;5.808;7.464
2025-04-09 09:45:00+00:00;7.348;0.016;5.448;6.96
2025-04-09 10:00:00+00:00;8.272;0.02;5.964;7.512
2025-04-09 10:15:00+00:00;6.904;0.02;4.692;5.924
2025-04-09 10:30:00+00:00;8.136;0.016;5.368;6.708
2025-04-09 10:45:00+00:00;8.42;0.02;5.504;6.784
2025-04-09 11:00:00+00:00;9.396;0.024;5.996;7.408
2025-04-09 11:15:00+00:00;7.384;0.02;4.448;5.496
2025-04-09 11:30:00+00:00;6.868;0.02;4.108;5.076
2025-04-09 11:45:00+00:00;10.548;0.016;6.204;7.472
2025-04-09 12:00:00+00:00;10.384;0.024;5.924;7.136
2025-04-09 12:15:00+00:00;10.392;0.028;5.792;6.968
2025-04-09 12:30:00+00:00;10.168;0.028;5.456;6.512
2025-04-09 12:45:00+00:00;10.276;0.024;5.312;6.316
2025-04-09 13:00:00+00:00;10.14;0.016;5.104;6.028
2025-04-09 13:15:00+00:00;10.064;0.02;4.896;5.764
2025-04-09 13:30:00+00:00;9.864;0.024;4.612;5.384
2025-04-09 13:45:00+00:00;9.86;0.016;4.368;5.068
2025-04-09 14:00:00+00:00;9.824;0.024;4.12;4.708
2025-04-09 14:15:00+00:00;9.488;0.02;3.792;4.272
2025-04-09 14:30:00+00:00;9.196;0.024;3.476;3.832
2025-04-09 14:45:00+00:00;8.712;0.028;3.084;3.252
2025-04-09 15:00:00+00:00;8.32;0.02;2.736;2.564
2025-04-09 15:15:00+00:00;7.796;0.032;2.316;1.972
2025-04-09 15:30:00+00:00;7.268;0.024;1.924;1.284
2025-04-09 15:45:00+00:00;6.78;0.028;1.472;0.86
2025-04-09 16:00:00+00:00;6.164;0.024;0.972;0.552
2025-04-09 16:15:00+00:00;5.448;0.024;0.676;0.436
2025-04-09 16:30:00+00:00;4.644;0.024;0.488;0.372
2025-04-09 16:45:00+00:00;3.844;0.028;0.316;0.328
2025-04-09 17:00:00+00:00;3.112;0.02;0.2;0.28
2025-04-09 17:15:00+00:00;2.22;0.024;0.136;0.224
2025-04-09 17:30:00+00:00;1.44;0.02;0.096;0.164
2025-04-09 17:45:00+00:00;0.512;0.02;0.052;0.1
2025-04-09 18:00:00+00:00;0.02;0.02;0.012;0.032
2025-04-09 18:15:00+00:00;0.0;0.02;0.0;0.0
2025-04-09 18:30:00+00:00;0.0;0.02;0.0;0.0
2025-04-09 18:45:00+00:00;0.0;0.016;0.0;0.0
2025-04-09 19:00:00+00:00;0.0;0.028;0.0;0.0
2025-04-09 19:15:00+00:00;0.0;0.004;0.0;0.0
2025-04-09 19:30:00+00:00;0.0;0.004;0.0;0.0
2025-04-09 19:45:00+00:00;0.0;0.0;0.0;0.0
2025-04-09 20:00:00+00:00;0.0;0.0;0.0;0.0
2025-04-09 20:15:00+00:00;0.0;0.0;0.0;0.0
2025-04-09 20:30:00+00:00;0.0;0.0;0.0;0.0
2025-04-09 20:45:00+00:00;0.0;0.0;0.0;0.0
2025-04-09 21:00:00+00:00;0.0;0.0;0.0;0.0
2025-04-09 21:15:00+00:00;0.0;0.0;0.0;0.0
2025-04-09 21:30:00+00:00;0.0;0.0;0.0;0.0
2025-04-09 21:45:00+00:00;0.0;0.0;0.0;0.0
2025-04-09 22:00:00+00:00;0.0;0.0;0.0;0.0
2025-04-09 22:15:00+00:00;0.0;0.0;0.0;0.0
2025-04-09 22:30:00+00:00;0.0;0.0;0.0;0.0
2025-04-09 22:45:00+00:00;0.0;0.0;0.0;0.0
2025-04-09 23:00:00+00:00;0.0;0.0;0.0;0.0
2025-04-09 23:15:00+00:00;0.0;0.0;0.0;0.0
2025-04-09 23:30:00+00:00;0.0;0.0;0.0;0.0
2025-04-09 23:45:00+00:00;0.0;0.0;0.0;0.0
2025-04-10 00:00:00+00:00;0.0;0.0;0.0;0.0
2025-04-10 00:15:00+00:00;0.0;0.0;0.0;0.0
2025-04-10 00:30:00+00:00;0.0;0.0;0.0;0.0
2025-04-10 00:45:00+00:00;0.0;0.0;0.0;0.0
2025-04-10 01:00:00+00:00;0.0;0.0;0.0;0.0
2025-04-10 01:15:00+00:00;0.0;0.0;0.0;0.0
2025-04-10 01:30:00+00:00;0.0;0.0;0.0;0.0
2025-04-10 01:45:00+00:00;0.0;0.0;0.0;0.0
2025-04-10 02:00:00+00:00;0.0;0.0;0.0;0.0
2025-04-10 02:15:00+00:00;0.0;0.0;0.0;0.0
2025-04-10 02:30:00+00:00;0.0;0.0;0.0;0.0
2025-04-10 02:45:00+00:00;0.0;0.0;0.0;0.0
2025-04-10 03:00:00+00:00;0.0;0.0;0.0;0.0
2025-04-10 03:15:00+00:00;0.0;0.0;0.0;0.0
2025-04-10 03:30:00+00:00;0.0;0.0;0.0;0.0
2025-04-10 03:45:00+00:00;0.0;0.0;0.0;0.0
2025-04-10 04:00:00+00:00;0.0;0.0;0.0;0.0
2025-04-10 04:15:00+00:00;0.0;0.0;0.0;0.0
2025-04-10 04:30:00+00:00;0.0;0.0;0.0;0.0
2025-04-10 04:45:00+00:00;0.0;0.0;0.0;0.0
2025-04-10 05:00:00+00:00;0.0;0.0;0.008;0.012
2025-04-10 05:15:00+00:00;0.0;0.0;0.044;0.08
2025-04-10 05:30:00+00:00;0.064;0.0;0.176;0.248
2025-04-10 05:45:00+00:00;0.244;0.0;0.288;0.384
2025-04-10 06:00:00+00:00;0.288;0.0;0.344;0.448
2025-04-10 06:15:00+00:00;0.58;0.0;0.74;1.028
2025-04-10 06:30:00+00:00;0.644;0.0;0.84;1.156
2025-04-10 06:45:00+00:00;0.864;0.012;1.252;1.828
2025-04-10 07:00:00+00:00;1.104;0.016;1.064;1.376
2025-04-10 07:15:00+00:00;1.436;0.092;1.28;1.656
2025-04-10 07:30:00+00:00;1.388;0.144;1.176;1.488
2025-04-10 07:45:00+00:00;1.572;0.208;1.384;1.708
2025-04-10 08:00:00+00:00;1.836;0.128;1.568;1.948
2025-04-10 08:15:00+00:00;2.1;0.0;1.836;2.28
2025-04-10 08:30:00+00:00;2.18;0.216;1.88;2.384
2025-04-10 08:45:00+00:00;2.672;0.248;2.368;3.02
2025-04-10 09:00:00+00:00;2.94;0.088;2.568;3.24
2025-04-10 09:15:00+00:00;2.96;0.016;2.648;3.384
2025-04-10 09:30:00+00:00;3.208;0.028;3.076;3.848
2025-04-10 09:45:00+00:00;4.988;0.024;5.164;6.244
2025-04-10 10:00:00+00:00;7.4;0.024;7.1;7.808
2025-04-10 10:15:00+00:00;7.176;0.02;6.516;7.82
2025-04-10 10:30:00+00:00;7.084;0.016;6.512;7.936
2025-04-10 10:45:00+00:00;6.86;0.024;5.956;7.636
2025-04-10 11:00:00+00:00;7.188;0.016;6.188;7.608
2025-04-10 11:15:00+00:00;7.34;0.016;6.132;7.448
2025-04-10 11:30:00+00:00;7.476;0.024;5.984;7.248
2025-04-10 11:45:00+00:00;7.708;0.016;5.992;7.224
2025-04-10 12:00:00+00:00;7.732;0.024;5.808;7.004
2025-04-10 12:15:00+00:00;7.728;0.024;5.684;6.828
2025-04-10 12:30:00+00:00;7.72;0.024;5.528;6.612
2025-04-10 12:45:00+00:00;7.684;0.028;5.288;6.28
2025-04-10 13:00:00+00:00;7.616;0.036;5.076;6.016
2025-04-10 13:15:00+00:00;7.732;0.028;4.876;5.76
2025-04-10 13:30:00+00:00;7.624;0.028;4.68;5.476
2025-04-10 13:45:00+00:00;7.472;0.02;4.396;5.104
2025-04-10 14:00:00+00:00;7.168;0.024;4.012;4.624
2025-04-10 14:15:00+00:00;7.004;0.024;3.736;4.184
2025-04-10 14:30:00+00:00;6.724;0.032;3.364;3.716
2025-04-10 14:45:00+00:00;6.436;0.028;3.028;3.18
2025-04-10 15:00:00+00:00;6.108;0.028;2.66;2.528
2025-04-10 15:15:00+00:00;5.836;0.024;2.34;2.008
2025-04-10 15:30:00+00:00;5.42;0.024;1.94;1.332
2025-04-10 15:45:00+00:00;4.828;0.024;1.388;0.892
2025-04-10 16:00:00+00:00;4.52;0.02;0.988;0.592
2025-04-10 16:15:00+00:00;4.04;0.028;0.696;0.46
2025-04-10 16:30:00+00:00;3.476;0.024;0.516;0.408
2025-04-10 16:45:00+00:00;2.924;0.024;0.348;0.352
2025-04-10 17:00:00+00:00;2.328;0.02;0.232;0.3
2025-04-10 17:15:00+00:00;1.684;0.024;0.16;0.244
2025-04-10 17:30:00+00:00;1.08;0.024;0.12;0.184
2025-04-10 17:45:00+00:00;0.412;0.028;0.068;0.112
2025-04-10 18:00:00+00:00;0.02;0.024;0.016;0.04
2025-04-10 18:15:00+00:00;0.0;0.02;0.0;0.0
2025-04-10 18:30:00+00:00;0.0;0.024;0.0;0.0
2025-04-10 18:45:00+00:00;0.0;0.016;0.0;0.0
2025-04-10 19:00:00+00:00;0.0;0.02;0.0;0.0
2025-04-10 19:15:00+00:00;0.0;0.0;0.0;0.0
2025-04-10 19:30:00+00:00;0.0;0.0;0.0;0.0
2025-04-10 19:45:00+00:00;0.0;0.0;0.0;0.0
2025-04-10 20:00:00+00:00;0.0;0.0;0.0;0.0
2025-04-10 20:15:00+00:00;0.0;0.0;0.0;0.0
2025-04-10 20:30:00+00:00;0.0;0.0;0.0;0.0
2025-04-10 20:45:00+00:00;0.0;0.0;0.0;0.0
2025-04-10 21:00:00+00:00;0.0;0.0;0.0;0.0
2025-04-10 21:15:00+00:00;0.0;0.0;0.0;0.0
2025-04-10 21:30:00+00:00;0.0;0.0;0.0;0.0
2025-04-10 21:45:00+00:00;0.0;0.0;0.0;0.0
2025-04-10 22:00:00+00:00;0.0;0.0;0.0;0.0
2025-04-10 22:15:00+00:00;0.0;0.0;0.0;0.0
2025-04-10 22:30:00+00:00;0.0;0.0;0.0;0.0
2025-04-10 22:45:00+00:00;0.0;0.0;0.0;0.0
2025-04-10 23:00:00+00:00;0.0;0.0;0.0;0.0
2025-04-10 23:15:00+00:00;0.0;0.0;0.0;0.0
2025-04-10 23:30:00+00:00;0.0;0.0;0.0;0.0
2025-04-10 23:45:00+00:00;0.0;0.0;0.0;0.0
2025-04-11 00:00:00+00:00;0.0;0.0;0.0;0.0
2025-04-11 00:15:00+00:00;0.0;0.0;0.0;0.0
2025-04-11 00:30:00+00:00;0.0;0.0;0.0;0.0
2025-04-11 00:45:00+00:00;0.0;0.0;0.0;0.0
2025-04-11 01:00:00+00:00;0.0;0.0;0.0;0.0
2025-04-11 01:15:00+00:00;0.0;0.0;0.0;0.0
2025-04-11 01:30:00+00:00;0.0;0.0;0.0;0.0
2025-04-11 01:45:00+00:00;0.0;0.0;0.0;0.0
2025-04-11 02:00:00+00:00;0.0;0.0;0.0;0.0
2025-04-11 02:15:00+00:00;0.0;0.0;0.0;0.0
2025-04-11 02:30:00+00:00;0.0;0.0;0.0;0.0
2025-04-11 02:45:00+00:00;0.0;0.0;0.0;0.0
2025-04-11 03:00:00+00:00;0.0;0.0;0.0;0.0
2025-04-11 03:15:00+00:00;0.0;0.0;0.0;0.0
2025-04-11 03:30:00+00:00;0.0;0.0;0.0;0.0
2025-04-11 03:45:00+00:00;0.0;0.0;0.0;0.0
2025-04-11 04:00:00+00:00;0.0;0.0;0.0;0.0
2025-04-11 04:15:00+00:00;0.0;0.0;0.0;0.0
2025-04-11 04:30:00+00:00;0.0;0.0;0.0;0.0
2025-04-11 04:45:00+00:00;0.0;0.0;0.0;0.0
2025-04-11 05:00:00+00:00;0.0;0.0;0.12;0.24
2025-04-11 05:15:00+00:00;0.0;0.0;0.364;0.672
2025-04-11 05:30:00+00:00;0.02;0.0;0.68;1.176
2025-04-11 05:45:00+00:00;0.136;0.0;1.048;1.74
2025-04-11 06:00:00+00:00;0.176;0.0;1.452;2.296
2025-04-11 06:15:00+00:00;0.216;0.0;1.86;2.864
2025-04-11 06:30:00+00:00;0.284;0.0;2.276;3.404
2025-04-11 06:45:00+00:00;0.512;0.0;2.664;3.908
2025-04-11 07:00:00+00:00;0.792;0.0;3.036;4.344
2025-04-11 07:15:00+00:00;1.24;0.0;3.4;4.768
2025-04-11 07:30:00+00:00;1.74;0.044;3.752;5.168
2025-04-11 07:45:00+00:00;2.192;0.052;4.052;5.504
2025-04-11 08:00:00+00:00;2.632;0.0;4.396;5.888
2025-04-11 08:15:00+00:00;3.14;0.172;4.692;6.232
2025-04-11 08:30:00+00:00;3.668;0.184;4.952;6.576
2025-04-11 08:45:00+00:00;4.16;0.256;5.208;6.856
2025-04-11 09:00:00+00:00;4.596;0.272;5.376;7.012
2025-04-11 09:15:00+00:00;5.096;0.236;5.608;7.272
2025-04-11 09:30:00+00:00;5.5;0.196;5.788;7.432
2025-04-11 09:45:00+00:00;5.792;0.024;5.856;7.44
2025-04-11 10:00:00+00:00;5.924;0.024;5.768;7.264
2025-04-11 10:15:00+00:00;6.464;0.016;6.048;7.56
2025-04-11 10:30:00+00:00;6.808;0.02;6.168;7.608
2025-04-11 10:45:00+00:00;6.796;0.02;5.948;7.32
2025-04-11 11:00:00+00:00;7.164;0.02;6.076;7.42
2025-04-11 11:15:00+00:00;7.224;0.024;6.008;7.304
2025-04-11 11:30:00+00:00;7.376;0.02;5.924;7.196
2025-04-11 11:45:00+00:00;7.452;0.024;5.824;7.048
2025-04-11 12:00:00+00:00;7.556;0.02;5.736;6.864
2025-04-11 12:15:00+00:00;7.596;0.02;5.68;6.748
2025-04-11 12:30:00+00:00;7.572;0.024;5.472;6.504
2025-04-11 12:45:00+00:00;7.556;0.02;5.256;6.248
2025-04-11 13:00:00+00:00;7.512;0.02;5.076;5.976
2025-04-11 13:15:00+00:00;7.56;0.02;4.84;5.712
2025-04-11 13:30:00+00:00;7.444;0.028;4.572;5.328
2025-04-11 13:45:00+00:00;7.312;0.016;4.304;4.98
2025-04-11 14:00:00+00:00;7.104;0.196;3.996;4.548
2025-04-11 14:15:00+00:00;6.884;1.384;3.7;4.152
2025-04-11 14:30:00+00:00;6.656;1.404;3.396;3.74
2025-04-11 14:45:00+00:00;6.276;1.148;3.012;3.152
2025-04-11 15:00:00+00:00;6.128;0.972;2.728;2.56
2025-04-11 15:15:00+00:00;5.688;0.796;2.288;1.936
2025-04-11 15:30:00+00:00;5.364;0.708;1.912;1.244
2025-04-11 15:45:00+00:00;5.04;0.556;1.488;0.864
2025-04-11 16:00:00+00:00;4.672;0.568;1.052;0.616
2025-04-11 16:15:00+00:00;3.896;0.36;0.712;0.476
2025-04-11 16:30:00+00:00;3.52;0.068;0.548;0.42
2025-04-11 16:45:00+00:00;3.012;0.02;0.364;0.364
2025-04-11 17:00:00+00:00;2.5;0.024;0.24;0.32
2025-04-11 17:15:00+00:00;1.98;0.02;0.184;0.264
2025-04-11 17:30:00+00:00;1.392;0.024;0.144;0.212
2025-04-11 17:45:00+00:00;0.62;0.028;0.092;0.136
2025-04-11 18:00:00+00:00;0.052;0.028;0.028;0.052
2025-04-11 18:15:00+00:00;0.0;0.024;0.0;0.0
2025-04-11 18:30:00+00:00;0.0;0.02;0.0;0.0
2025-04-11 18:45:00+00:00;0.0;0.024;0.0;0.0
2025-04-11 19:00:00+00:00;0.0;0.024;0.0;0.0
2025-04-11 19:15:00+00:00;0.0;0.024;0.0;0.0
2025-04-11 19:30:00+00:00;0.0;0.0;0.0;0.0
2025-04-11 19:45:00+00:00;0.0;0.0;0.0;0.0
2025-04-11 20:00:00+00:00;0.0;0.0;0.0;0.0
2025-04-11 20:15:00+00:00;0.0;0.0;0.0;0.0
2025-04-11 20:30:00+00:00;0.0;0.0;0.0;0.0
2025-04-11 20:45:00+00:00;0.0;0.0;0.0;0.0
2025-04-11 21:00:00+00:00;0.0;0.0;0.0;0.0
2025-04-11 21:15:00+00:00;0.0;0.0;0.0;0.0
2025-04-11 21:30:00+00:00;0.0;0.0;0.0;0.0
2025-04-11 21:45:00+00:00;0.0;0.0;0.0;0.0
2025-04-11 22:00:00+00:00;0.0;0.0;0.0;0.0
2025-04-11 22:15:00+00:00;0.0;0.0;0.0;0.0
2025-04-11 22:30:00+00:00;0.0;0.0;0.0;0.0
2025-04-11 22:45:00+00:00;0.0;0.0;0.0;0.0
2025-04-11 23:00:00+00:00;0.0;0.0;0.0;0.0
2025-04-11 23:15:00+00:00;0.0;0.0;0.0;0.0
2025-04-11 23:30:00+00:00;0.0;0.0;0.0;0.0
2025-04-11 23:45:00+00:00;0.0;0.0;0.0;0.0
2025-04-12 00:00:00+00:00;0.0;0.0;0.0;0.0
2025-04-12 00:15:00+00:00;0.0;0.0;0.0;0.0
2025-04-12 00:30:00+00:00;0.0;0.0;0.0;0.0
2025-04-12 00:45:00+00:00;0.0;0.0;0.0;0.0
2025-04-12 01:00:00+00:00;0.0;0.0;0.0;0.0
2025-04-12 01:15:00+00:00;0.0;0.0;0.0;0.0
2025-04-12 01:30:00+00:00;0.0;0.0;0.0;0.0
2025-04-12 01:45:00+00:00;0.0;0.0;0.0;0.0
2025-04-12 02:00:00+00:00;0.0;0.0;0.0;0.0
2025-04-12 02:15:00+00:00;0.0;0.0;0.0;0.0
2025-04-12 02:30:00+00:00;0.0;0.0;0.0;0.0
2025-04-12 02:45:00+00:00;0.0;0.0;0.0;0.0
2025-04-12 03:00:00+00:00;0.0;0.0;0.0;0.0
2025-04-12 03:15:00+00:00;0.0;0.0;0.0;0.0
2025-04-12 03:30:00+00:00;0.0;0.0;0.0;0.0
2025-04-12 03:45:00+00:00;0.0;0.0;0.0;0.0
2025-04-12 04:00:00+00:00;0.0;0.0;0.0;0.0
2025-04-12 04:15:00+00:00;0.0;0.0;0.0;0.0
2025-04-12 04:30:00+00:00;0.0;0.0;0.0;0.0
2025-04-12 04:45:00+00:00;0.0;0.0;0.004;0.008
2025-04-12 05:00:00+00:00;0.0;0.0;0.112;0.268
2025-04-12 05:15:00+00:00;0.0;0.0;0.324;0.704
2025-04-12 05:30:00+00:00;0.02;0.0;0.648;1.252
2025-04-12 05:45:00+00:00;0.092;0.0;0.956;1.676
2025-04-12 06:00:00+00:00;0.148;0.0;1.356;2.256
2025-04-12 06:15:00+00:00;0.2;0.0;1.788;2.84
2025-04-12 06:30:00+00:00;0.268;0.0;2.196;3.328
2025-04-12 06:45:00+00:00;0.48;0.0;2.6;3.828
2025-04-12 07:00:00+00:00;0.732;0.0;2.988;4.276
2025-04-12 07:15:00+00:00;1.116;0.0;3.4;4.752
2025-04-12 07:30:00+00:00;1.564;0.0;3.74;5.136
2025-04-12 07:45:00+00:00;2.092;0.092;4.132;5.62
2025-04-12 08:00:00+00:00;2.62;0.164;4.44;5.904
2025-04-12 08:15:00+00:00;3.132;0.248;4.688;6.232
2025-04-12 08:30:00+00:00;3.644;0.14;4.988;6.564
2025-04-12 08:45:00+00:00;4.076;0.252;5.156;6.74
2025-04-12 09:00:00+00:00;4.532;0.26;5.372;6.948
2025-04-12 09:15:00+00:00;4.984;0.168;5.632;7.22
2025-04-12 09:30:00+00:00;5.412;0.072;5.816;7.384
2025-04-12 09:45:00+00:00;5.744;0.02;5.936;7.452
2025-04-12 10:00:00+00:00;6.14;0.004;6.084;7.588
2025-04-12 10:15:00+00:00;6.492;0.0;6.208;7.708
2025-04-12 10:30:00+00:00;6.756;0.0;6.272;7.728
2025-04-12 10:45:00+00:00;6.988;0.0;6.256;7.672
2025-04-12 11:00:00+00:00;7.204;0.0;6.248;7.588
2025-04-12 11:15:00+00:00;7.408;0.028;6.216;7.516
2025-04-12 11:30:00+00:00;7.56;0.0;6.196;7.46
2025-04-12 11:45:00+00:00;7.644;0.0;6.1;7.3
2025-04-12 12:00:00+00:00;7.76;0.0;6.0;7.12
2025-04-12 12:15:00+00:00;7.94;0.0;5.868;6.988
2025-04-12 12:30:00+00:00;7.992;0.0;5.676;6.74
2025-04-12 12:45:00+00:00;7.876;0.0;5.448;6.436
2025-04-12 13:00:00+00:00;7.956;0.0;5.26;6.176
2025-04-12 13:15:00+00:00;7.784;0.0;5.012;5.828
2025-04-12 13:30:00+00:00;7.644;0.0;4.792;5.492
2025-04-12 13:45:00+00:00;7.564;0.0;4.508;5.128
2025-04-12 14:00:00+00:00;7.428;0.0;4.208;4.732
2025-04-12 14:15:00+00:00;7.216;0.052;3.868;4.3
2025-04-12 14:30:00+00:00;6.892;0.148;3.484;3.808
2025-04-12 14:45:00+00:00;6.648;0.036;3.144;3.22
2025-04-12 15:00:00+00:00;5.868;0.044;2.58;2.404
2025-04-12 15:15:00+00:00;2.336;0.004;1.072;1.044
2025-04-12 15:30:00+00:00;1.532;0.0;0.896;1.032
2025-04-12 15:45:00+00:00;1.968;0.012;1.128;1.26
2025-04-12 16:00:00+00:00;3.104;0.052;1.308;1.272
2025-04-12 16:15:00+00:00;1.988;0.048;1.08;1.18
2025-04-12 16:30:00+00:00;1.724;0.12;1.052;1.172
2025-04-12 16:45:00+00:00;1.928;0.112;0.904;1.004
2025-04-12 17:00:00+00:00;2.428;0.092;0.58;0.652
2025-04-12 17:15:00+00:00;1.448;0.024;0.224;0.304
2025-04-12 17:30:00+00:00;0.14;0.024;0.124;0.168
2025-04-12 17:45:00+00:00;0.024;0.02;0.06;0.092
2025-04-12 18:00:00+00:00;0.0;0.012;0.008;0.02
2025-04-12 18:15:00+00:00;0.0;0.0;0.0;0.0
2025-04-12 18:30:00+00:00;0.0;0.0;0.0;0.0
2025-04-12 18:45:00+00:00;0.0;0.0;0.0;0.0
2025-04-12 19:00:00+00:00;0.0;0.0;0.0;0.0
2025-04-12 19:15:00+00:00;0.0;0.0;0.0;0.0
2025-04-12 19:30:00+00:00;0.0;0.0;0.0;0.0
2025-04-12 19:45:00+00:00;0.0;0.0;0.0;0.0
2025-04-12 20:00:00+00:00;0.0;0.0;0.0;0.0
2025-04-12 20:15:00+00:00;0.0;0.0;0.0;0.0
2025-04-12 20:30:00+00:00;0.0;0.0;0.0;0.0
2025-04-12 20:45:00+00:00;0.0;0.0;0.0;0.0
2025-04-12 21:00:00+00:00;0.0;0.0;0.0;0.0
2025-04-12 21:15:00+00:00;0.0;0.0;0.0;0.0
2025-04-12 21:30:00+00:00;0.0;0.0;0.0;0.0
2025-04-12 21:45:00+00:00;0.0;0.0;0.0;0.0
2025-04-12 22:00:00+00:00;0.0;0.0;0.0;0.0
2025-04-12 22:15:00+00:00;0.0;0.0;0.0;0.0
2025-04-12 22:30:00+00:00;0.0;0.0;0.0;0.0
2025-04-12 22:45:00+00:00;0.0;0.0;0.0;0.0
2025-04-12 23:00:00+00:00;0.0;0.0;0.0;0.0
2025-04-12 23:15:00+00:00;0.0;0.0;0.0;0.0
2025-04-12 23:30:00+00:00;0.0;0.0;0.0;0.0
2025-04-12 23:45:00+00:00;0.0;0.0;0.0;0.0
2025-04-13 00:00:00+00:00;0.0;0.0;0.0;0.0
2025-04-13 00:15:00+00:00;0.0;0.0;0.0;0.0
2025-04-13 00:30:00+00:00;0.0;0.0;0.0;0.0
2025-04-13 00:45:00+00:00;0.0;0.0;0.0;0.0
2025-04-13 01:00:00+00:00;0.0;0.0;0.0;0.0
2025-04-13 01:15:00+00:00;0.0;0.0;0.0;0.0
2025-04-13 01:30:00+00:00;0.0;0.0;0.0;0.0
2025-04-13 01:45:00+00:00;0.0;0.0;0.0;0.0
2025-04-13 02:00:00+00:00;0.0;0.0;0.0;0.0
2025-04-13 02:15:00+00:00;0.0;0.0;0.0;0.0
2025-04-13 02:30:00+00:00;0.0;0.0;0.0;0.0
2025-04-13 02:45:00+00:00;0.0;0.0;0.0;0.0
2025-04-13 03:00:00+00:00;0.0;0.0;0.0;0.0
2025-04-13 03:15:00+00:00;0.0;0.0;0.0;0.0
2025-04-13 03:30:00+00:00;0.0;0.0;0.0;0.0
2025-04-13 03:45:00+00:00;0.0;0.0;0.0;0.0
2025-04-13 04:00:00+00:00;0.0;0.0;0.0;0.0
2025-04-13 04:15:00+00:00;0.0;0.0;0.0;0.0
2025-04-13 04:30:00+00:00;0.0;0.0;0.0;0.0
2025-04-13 04:45:00+00:00;0.0;0.0;0.0;0.0
2025-04-13 05:00:00+00:00;0.0;0.0;0.0;0.0
2025-04-13 05:15:00+00:00;0.0;0.0;0.0;0.0
2025-04-13 05:30:00+00:00;0.0;0.0;0.012;0.048
2025-04-13 05:45:00+00:00;0.012;0.0;0.108;0.16
2025-04-13 06:00:00+00:00;0.028;0.0;0.08;0.12
2025-04-13 06:15:00+00:00;0.028;0.0;0.068;0.112
2025-04-13 06:30:00+00:00;0.28;0.0;0.292;0.392
2025-04-13 06:45:00+00:00;0.364;0.0;0.34;0.428
2025-04-13 07:00:00+00:00;0.5;0.0;0.432;0.536
2025-04-13 07:15:00+00:00;1.008;0.004;0.808;0.968
2025-04-13 07:30:00+00:00;0.912;0.004;0.784;0.94
2025-04-13 07:45:00+00:00;0.512;0.0;0.44;0.548
2025-04-13 08:00:00+00:00;0.68;0.008;0.54;0.684
2025-04-13 08:15:00+00:00;1.16;0.048;0.888;1.096
2025-04-13 08:30:00+00:00;1.668;0.196;1.216;1.468
2025-04-13 08:45:00+00:00;1.952;0.264;1.528;1.892
2025-04-13 09:00:00+00:00;1.956;0.136;1.56;1.88
2025-04-13 09:15:00+00:00;0.884;0.016;0.724;0.848
2025-04-13 09:30:00+00:00;0.96;0.0;0.752;0.928
2025-04-13 09:45:00+00:00;0.976;0.0;0.824;1.04
2025-04-13 10:00:00+00:00;1.52;0.06;1.268;1.596
2025-04-13 10:15:00+00:00;1.364;0.108;1.252;1.5
2025-04-13 10:30:00+00:00;0.328;0.0;0.264;0.34
2025-04-13 10:45:00+00:00;0.876;0.0;0.612;0.756
2025-04-13 11:00:00+00:00;1.416;0.0;1.02;1.252
2025-04-13 11:15:00+00:00;1.172;0.0;0.964;1.212
2025-04-13 11:30:00+00:00;0.588;0.0;0.448;0.556
2025-04-13 11:45:00+00:00;1.68;0.036;1.208;1.468
2025-04-13 12:00:00+00:00;1.3;0.02;0.972;1.188
2025-04-13 12:15:00+00:00;0.792;0.0;0.668;0.768
2025-04-13 12:30:00+00:00;0.924;0.0;0.724;0.896
2025-04-13 12:45:00+00:00;1.664;0.092;1.26;1.528
2025-04-13 13:00:00+00:00;1.92;0.012;1.388;1.68
2025-04-13 13:15:00+00:00;1.568;0.016;1.3;1.54
2025-04-13 13:30:00+00:00;0.604;0.0;0.576;0.728
2025-04-13 13:45:00+00:00;2.452;0.188;1.696;1.92
2025-04-13 14:00:00+00:00;4.616;0.04;2.968;3.444
2025-04-13 14:15:00+00:00;5.624;0.024;3.4;3.74
2025-04-13 14:30:00+00:00;5.116;0.024;2.66;2.988
2025-04-13 14:45:00+00:00;4.74;0.036;2.644;2.912
2025-04-13 15:00:00+00:00;4.356;0.04;2.276;2.36
2025-04-13 15:15:00+00:00;2.452;0.032;1.412;1.596
2025-04-13 15:30:00+00:00;2.228;0.028;1.364;1.508
2025-04-13 15:45:00+00:00;1.62;0.02;1.116;1.288
2025-04-13 16:00:00+00:00;0.624;0.024;0.584;0.744
2025-04-13 16:15:00+00:00;0.26;0.024;0.316;0.416
2025-04-13 16:30:00+00:00;0.236;0.016;0.228;0.32
2025-04-13 16:45:00+00:00;0.464;0.0;0.364;0.464
2025-04-13 17:00:00+00:00;1.012;0.0;0.564;0.648
2025-04-13 17:15:00+00:00;0.728;0.0;0.444;0.516
2025-04-13 17:30:00+00:00;0.8;0.0;0.304;0.352
2025-04-13 17:45:00+00:00;0.396;0.0;0.228;0.268
2025-04-13 18:00:00+00:00;0.016;0.0;0.04;0.064
2025-04-13 18:15:00+00:00;0.0;0.0;0.0;0.004
2025-04-13 18:30:00+00:00;0.0;0.0;0.0;0.0
2025-04-13 18:45:00+00:00;0.0;0.0;0.0;0.0
2025-04-13 19:00:00+00:00;0.0;0.0;0.0;0.0
2025-04-13 19:15:00+00:00;0.0;0.0;0.0;0.0
2025-04-13 19:30:00+00:00;0.0;0.0;0.0;0.0
2025-04-13 19:45:00+00:00;0.0;0.0;0.0;0.0
2025-04-13 20:00:00+00:00;0.0;0.0;0.0;0.0
2025-04-13 20:15:00+00:00;0.0;0.0;0.0;0.0
2025-04-13 20:30:00+00:00;0.0;0.0;0.0;0.0
2025-04-13 20:45:00+00:00;0.0;0.0;0.0;0.0
2025-04-13 21:00:00+00:00;0.0;0.0;0.0;0.0
2025-04-13 21:15:00+00:00;0.0;0.0;0.0;0.0
2025-04-13 21:30:00+00:00;0.0;0.0;0.0;0.0
2025-04-13 21:45:00+00:00;0.0;0.0;0.0;0.0
