startedAt;valueprodshared;valueprodshared;valueprodshared
;df-prod-Gaby;df-prod-MarcNord;df-prod-VÃ©ronique
2025-04-01 00:00:00+00:00;0.0;0.0;0.0
2025-04-01 00:15:00+00:00;0.0;0.0;0.0
2025-04-01 00:30:00+00:00;0.0;0.0;0.0
2025-04-01 00:45:00+00:00;0.0;0.0;0.0
2025-04-01 01:00:00+00:00;0.0;0.0;0.0
2025-04-01 01:15:00+00:00;0.0;0.0;0.0
2025-04-01 01:30:00+00:00;0.0;0.0;0.0
2025-04-01 01:45:00+00:00;0.0;0.0;0.0
2025-04-01 02:00:00+00:00;0.0;0.0;0.0
2025-04-01 02:15:00+00:00;0.0;0.0;0.0
2025-04-01 02:30:00+00:00;0.0;0.0;0.0
2025-04-01 02:45:00+00:00;0.0;0.0;0.0
2025-04-01 03:00:00+00:00;0.0;0.0;0.0
2025-04-01 03:15:00+00:00;0.0;0.0;0.0
2025-04-01 03:30:00+00:00;0.0;0.0;0.0
2025-04-01 03:45:00+00:00;0.0;0.0;0.0
2025-04-01 04:00:00+00:00;0.0;0.0;0.0
2025-04-01 04:15:00+00:00;0.0;0.0;0.0
2025-04-01 04:30:00+00:00;0.0;0.0;0.0
2025-04-01 04:45:00+00:00;0.0;0.0;0.0
2025-04-01 05:00:00+00:00;0.0;0.0;0.0
2025-04-01 05:15:00+00:00;0.0;0.0;0.0
2025-04-01 05:30:00+00:00;0.0;0.0;0.0
2025-04-01 05:45:00+00:00;0.0;0.0;0.0
2025-04-01 06:00:00+00:00;0.0;0.0;0.592
2025-04-01 06:15:00+00:00;0.0;0.0;0.392
2025-04-01 06:30:00+00:00;0.0;0.0;0.796
2025-04-01 06:45:00+00:00;0.0;0.0;1.868
2025-04-01 07:00:00+00:00;0.0;0.0;1.14
2025-04-01 07:15:00+00:00;0.004;0.0;0.0
2025-04-01 07:30:00+00:00;0.007;0.0;0.961
2025-04-01 07:45:00+00:00;0.149;0.0;2.487
2025-04-01 08:00:00+00:00;0.176;0.0;2.756
2025-04-01 08:15:00+00:00;0.342;0.013;0.869
2025-04-01 08:30:00+00:00;0.988;0.031;0.097
2025-04-01 08:45:00+00:00;0.336;0.005;0.627
2025-04-01 09:00:00+00:00;0.124;0.012;0.32
2025-04-01 09:15:00+00:00;0.158;0.011;0.299
2025-04-01 09:30:00+00:00;0.314;0.01;0.396
2025-04-01 09:45:00+00:00;0.285;0.001;0.33
2025-04-01 10:00:00+00:00;0.739;0.004;0.573
2025-04-01 10:15:00+00:00;1.951;0.01;1.171
2025-04-01 10:30:00+00:00;2.069;0.002;1.873
2025-04-01 10:45:00+00:00;1.849;0.0;1.399
2025-04-01 11:00:00+00:00;3.062;0.0;2.198
2025-04-01 11:15:00+00:00;2.524;0.0;2.804
2025-04-01 11:30:00+00:00;0.424;0.004;1.436
2025-04-01 11:45:00+00:00;1.062;0.005;1.129
2025-04-01 12:00:00+00:00;0.946;0.0;1.074
2025-04-01 12:15:00+00:00;0.619;0.07;0.579
2025-04-01 12:30:00+00:00;0.212;0.006;0.234
2025-04-01 12:45:00+00:00;0.21;0.002;0.22
2025-04-01 13:00:00+00:00;1.315;0.003;1.138
2025-04-01 13:15:00+00:00;0.584;0.016;0.0
2025-04-01 13:30:00+00:00;1.499;0.057;0.0
2025-04-01 13:45:00+00:00;0.248;0.002;0.198
2025-04-01 14:00:00+00:00;0.289;0.001;0.206
2025-04-01 14:15:00+00:00;1.035;0.004;0.657
2025-04-01 14:30:00+00:00;1.437;0.005;0.822
2025-04-01 14:45:00+00:00;0.722;0.005;0.317
2025-04-01 15:00:00+00:00;5.498;0.018;0.0
2025-04-01 15:15:00+00:00;3.226;0.014;1.068
2025-04-01 15:30:00+00:00;1.75;0.008;0.534
2025-04-01 15:45:00+00:00;0.844;0.005;0.167
2025-04-01 16:00:00+00:00;2.363;0.013;0.208
2025-04-01 16:15:00+00:00;3.408;0.024;0.0
2025-04-01 16:30:00+00:00;2.472;0.024;0.0
2025-04-01 16:45:00+00:00;2.132;0.012;0.0
2025-04-01 17:00:00+00:00;1.288;0.0;0.0
2025-04-01 17:15:00+00:00;0.556;0.0;0.0
2025-04-01 17:30:00+00:00;0.0;0.0;0.0
2025-04-01 17:45:00+00:00;0.0;0.0;0.0
2025-04-01 18:00:00+00:00;0.0;0.0;0.0
2025-04-01 18:15:00+00:00;0.0;0.0;0.0
2025-04-01 18:30:00+00:00;0.0;0.0;0.0
2025-04-01 18:45:00+00:00;0.0;0.0;0.0
2025-04-01 19:00:00+00:00;0.0;0.0;0.0
2025-04-01 19:15:00+00:00;0.0;0.0;0.0
2025-04-01 19:30:00+00:00;0.0;0.0;0.0
2025-04-01 19:45:00+00:00;0.0;0.0;0.0
2025-04-01 20:00:00+00:00;0.0;0.0;0.0
2025-04-01 20:15:00+00:00;0.0;0.0;0.0
2025-04-01 20:30:00+00:00;0.0;0.0;0.0
2025-04-01 20:45:00+00:00;0.0;0.0;0.0
2025-04-01 21:00:00+00:00;0.0;0.0;0.0
2025-04-01 21:15:00+00:00;0.0;0.0;0.0
2025-04-01 21:30:00+00:00;0.0;0.0;0.0
2025-04-01 21:45:00+00:00;0.0;0.0;0.0
2025-04-01 22:00:00+00:00;0.0;0.0;0.0
2025-04-01 22:15:00+00:00;0.0;0.0;0.0
2025-04-01 22:30:00+00:00;0.0;0.0;0.0
2025-04-01 22:45:00+00:00;0.0;0.0;0.0
2025-04-01 23:00:00+00:00;0.0;0.0;0.0
2025-04-01 23:15:00+00:00;0.0;0.0;0.0
2025-04-01 23:30:00+00:00;0.0;0.0;0.0
2025-04-01 23:45:00+00:00;0.0;0.0;0.0
2025-04-02 00:00:00+00:00;0.0;0.0;0.0
2025-04-02 00:15:00+00:00;0.0;0.0;0.0
2025-04-02 00:30:00+00:00;0.0;0.0;0.0
2025-04-02 00:45:00+00:00;0.0;0.0;0.0
2025-04-02 01:00:00+00:00;0.0;0.0;0.0
2025-04-02 01:15:00+00:00;0.0;0.0;0.0
2025-04-02 01:30:00+00:00;0.0;0.0;0.0
2025-04-02 01:45:00+00:00;0.0;0.0;0.0
2025-04-02 02:00:00+00:00;0.0;0.0;0.0
2025-04-02 02:15:00+00:00;0.0;0.0;0.0
2025-04-02 02:30:00+00:00;0.0;0.0;0.0
2025-04-02 02:45:00+00:00;0.0;0.0;0.0
2025-04-02 03:00:00+00:00;0.0;0.0;0.0
2025-04-02 03:15:00+00:00;0.0;0.0;0.0
2025-04-02 03:30:00+00:00;0.0;0.0;0.0
2025-04-02 03:45:00+00:00;0.0;0.0;0.0
2025-04-02 04:00:00+00:00;0.0;0.0;0.0
2025-04-02 04:15:00+00:00;0.0;0.0;0.0
2025-04-02 04:30:00+00:00;0.0;0.0;0.0
2025-04-02 04:45:00+00:00;0.0;0.0;0.0
2025-04-02 05:00:00+00:00;0.0;0.0;0.0
2025-04-02 05:15:00+00:00;0.0;0.0;0.0
2025-04-02 05:30:00+00:00;0.0;0.0;0.0
2025-04-02 05:45:00+00:00;0.0;0.0;1.008
2025-04-02 06:00:00+00:00;0.0;0.0;1.548
2025-04-02 06:15:00+00:00;0.0;0.0;1.82
2025-04-02 06:30:00+00:00;0.0;0.0;2.0
2025-04-02 06:45:00+00:00;0.0;0.0;0.0
2025-04-02 07:00:00+00:00;0.012;0.0;1.304
2025-04-02 07:15:00+00:00;0.08;0.0;1.4
2025-04-02 07:30:00+00:00;0.059;0.0;0.685
2025-04-02 07:45:00+00:00;0.123;0.0;0.937
2025-04-02 08:00:00+00:00;0.248;0.0;1.084
2025-04-02 08:15:00+00:00;0.104;0.003;2.385
2025-04-02 08:30:00+00:00;0.057;0.002;0.377
2025-04-02 08:45:00+00:00;0.477;0.006;0.985
2025-04-02 09:00:00+00:00;0.197;0.004;0.379
2025-04-02 09:15:00+00:00;1.166;0.006;1.816
2025-04-02 09:30:00+00:00;1.733;0.009;0.214
2025-04-02 09:45:00+00:00;0.205;0.001;0.266
2025-04-02 10:00:00+00:00;0.213;0.001;0.278
2025-04-02 10:15:00+00:00;0.186;0.001;0.261
2025-04-02 10:30:00+00:00;0.955;0.001;1.344
2025-04-02 10:45:00+00:00;1.813;0.0;2.403
2025-04-02 11:00:00+00:00;2.739;0.002;2.611
2025-04-02 11:15:00+00:00;1.317;0.004;1.031
2025-04-02 11:30:00+00:00;2.55;0.012;2.538
2025-04-02 11:45:00+00:00;2.67;0.0;2.77
2025-04-02 12:00:00+00:00;3.548;0.0;3.308
2025-04-02 12:15:00+00:00;2.443;0.058;2.171
2025-04-02 12:30:00+00:00;1.718;0.003;1.467
2025-04-02 12:45:00+00:00;3.389;0.0;2.879
2025-04-02 13:00:00+00:00;4.16;0.006;3.55
2025-04-02 13:15:00+00:00;2.264;0.024;1.764
2025-04-02 13:30:00+00:00;0.333;0.006;0.249
2025-04-02 13:45:00+00:00;0.33;0.001;0.233
2025-04-02 14:00:00+00:00;0.226;0.001;0.145
2025-04-02 14:15:00+00:00;0.34;0.001;0.207
2025-04-02 14:30:00+00:00;0.589;0.002;0.277
2025-04-02 14:45:00+00:00;0.889;0.002;0.381
2025-04-02 15:00:00+00:00;0.913;0.003;0.372
2025-04-02 15:15:00+00:00;0.712;0.003;0.217
2025-04-02 15:30:00+00:00;0.497;0.002;0.097
2025-04-02 15:45:00+00:00;0.491;0.003;0.062
2025-04-02 16:00:00+00:00;0.572;0.003;0.037
2025-04-02 16:15:00+00:00;0.664;0.005;0.023
2025-04-02 16:30:00+00:00;2.14;0.02;0.004
2025-04-02 16:45:00+00:00;2.128;0.024;0.016
2025-04-02 17:00:00+00:00;1.424;0.024;0.0
2025-04-02 17:15:00+00:00;0.716;0.02;0.0
2025-04-02 17:30:00+00:00;0.136;0.024;0.0
2025-04-02 17:45:00+00:00;0.0;0.012;0.0
2025-04-02 18:00:00+00:00;0.0;0.0;0.0
2025-04-02 18:15:00+00:00;0.0;0.0;0.0
2025-04-02 18:30:00+00:00;0.0;0.0;0.0
2025-04-02 18:45:00+00:00;0.0;0.0;0.0
2025-04-02 19:00:00+00:00;0.0;0.0;0.0
2025-04-02 19:15:00+00:00;0.0;0.0;0.0
2025-04-02 19:30:00+00:00;0.0;0.0;0.0
2025-04-02 19:45:00+00:00;0.0;0.0;0.0
2025-04-02 20:00:00+00:00;0.0;0.0;0.0
2025-04-02 20:15:00+00:00;0.0;0.0;0.0
2025-04-02 20:30:00+00:00;0.0;0.0;0.0
2025-04-02 20:45:00+00:00;0.0;0.0;0.0
2025-04-02 21:00:00+00:00;0.0;0.0;0.0
2025-04-02 21:15:00+00:00;0.0;0.0;0.0
2025-04-02 21:30:00+00:00;0.0;0.0;0.0
2025-04-02 21:45:00+00:00;0.0;0.0;0.0
2025-04-02 22:00:00+00:00;0.0;0.0;0.0
2025-04-02 22:15:00+00:00;0.0;0.0;0.0
2025-04-02 22:30:00+00:00;0.0;0.0;0.0
2025-04-02 22:45:00+00:00;0.0;0.0;0.0
2025-04-02 23:00:00+00:00;0.0;0.0;0.0
2025-04-02 23:15:00+00:00;0.0;0.0;0.0
2025-04-02 23:30:00+00:00;0.0;0.0;0.0
2025-04-02 23:45:00+00:00;0.0;0.0;0.0
2025-04-03 00:00:00+00:00;0.0;0.0;0.0
2025-04-03 00:15:00+00:00;0.0;0.0;0.0
2025-04-03 00:30:00+00:00;0.0;0.0;0.0
2025-04-03 00:45:00+00:00;0.0;0.0;0.0
2025-04-03 01:00:00+00:00;0.0;0.0;0.0
2025-04-03 01:15:00+00:00;0.0;0.0;0.0
2025-04-03 01:30:00+00:00;0.0;0.0;0.0
2025-04-03 01:45:00+00:00;0.0;0.0;0.0
2025-04-03 02:00:00+00:00;0.0;0.0;0.0
2025-04-03 02:15:00+00:00;0.0;0.0;0.0
2025-04-03 02:30:00+00:00;0.0;0.0;0.0
2025-04-03 02:45:00+00:00;0.0;0.0;0.0
2025-04-03 03:00:00+00:00;0.0;0.0;0.0
2025-04-03 03:15:00+00:00;0.0;0.0;0.0
2025-04-03 03:30:00+00:00;0.0;0.0;0.0
2025-04-03 03:45:00+00:00;0.0;0.0;0.0
2025-04-03 04:00:00+00:00;0.0;0.0;0.0
2025-04-03 04:15:00+00:00;0.0;0.0;0.0
2025-04-03 04:30:00+00:00;0.0;0.0;0.0
2025-04-03 04:45:00+00:00;0.0;0.0;0.0
2025-04-03 05:00:00+00:00;0.0;0.0;0.0
2025-04-03 05:15:00+00:00;0.0;0.0;0.0
2025-04-03 05:30:00+00:00;0.0;0.0;0.484
2025-04-03 05:45:00+00:00;0.0;0.0;0.388
2025-04-03 06:00:00+00:00;0.0;0.0;0.472
2025-04-03 06:15:00+00:00;0.0;0.0;0.0
2025-04-03 06:30:00+00:00;0.0;0.0;0.0
2025-04-03 06:45:00+00:00;0.0;0.0;3.096
2025-04-03 07:00:00+00:00;0.0;0.0;3.556
2025-04-03 07:15:00+00:00;0.0;0.0;3.276
2025-04-03 07:30:00+00:00;0.508;0.0;0.0
2025-04-03 07:45:00+00:00;0.272;0.0;0.856
2025-04-03 08:00:00+00:00;0.679;0.0;2.349
2025-04-03 08:15:00+00:00;0.19;0.003;0.527
2025-04-03 08:30:00+00:00;0.149;0.006;0.337
2025-04-03 08:45:00+00:00;0.438;0.004;0.074
2025-04-03 09:00:00+00:00;0.197;0.002;0.349
2025-04-03 09:15:00+00:00;0.1;0.001;0.279
2025-04-03 09:30:00+00:00;0.213;0.001;0.358
2025-04-03 09:45:00+00:00;0.639;0.003;0.97
2025-04-03 10:00:00+00:00;1.794;0.003;2.595
2025-04-03 10:15:00+00:00;2.675;0.0;2.589
2025-04-03 10:30:00+00:00;3.939;0.0;1.533
2025-04-03 10:45:00+00:00;2.53;0.0;2.93
2025-04-03 11:00:00+00:00;2.302;0.0;2.994
2025-04-03 11:15:00+00:00;3.902;0.0;2.13
2025-04-03 11:30:00+00:00;4.326;0.0;1.25
2025-04-03 11:45:00+00:00;3.901;0.0;1.047
2025-04-03 12:00:00+00:00;4.144;0.0;0.976
2025-04-03 12:15:00+00:00;4.172;0.0;0.972
2025-04-03 12:30:00+00:00;4.311;0.031;0.814
2025-04-03 12:45:00+00:00;0.351;0.016;0.065
2025-04-03 13:00:00+00:00;1.617;0.005;0.178
2025-04-03 13:15:00+00:00;0.495;0.002;0.007
2025-04-03 13:30:00+00:00;2.345;0.007;0.0
2025-04-03 13:45:00+00:00;3.464;0.012;0.0
2025-04-03 14:00:00+00:00;1.994;0.006;0.0
2025-04-03 14:15:00+00:00;1.793;0.007;0.0
2025-04-03 14:30:00+00:00;2.424;0.008;0.0
2025-04-03 14:45:00+00:00;3.011;0.013;0.0
2025-04-03 15:00:00+00:00;4.049;0.019;0.0
2025-04-03 15:15:00+00:00;3.656;0.02;0.0
2025-04-03 15:30:00+00:00;4.336;0.024;0.0
2025-04-03 15:45:00+00:00;3.804;0.028;0.0
2025-04-03 16:00:00+00:00;1.832;0.01;0.142
2025-04-03 16:15:00+00:00;1.044;0.005;0.059
2025-04-03 16:30:00+00:00;0.793;0.008;0.031
2025-04-03 16:45:00+00:00;1.474;0.017;0.029
2025-04-03 17:00:00+00:00;0.847;0.013;0.0
2025-04-03 17:15:00+00:00;0.468;0.024;0.0
2025-04-03 17:30:00+00:00;0.0;0.0;0.0
2025-04-03 17:45:00+00:00;0.0;0.0;0.0
2025-04-03 18:00:00+00:00;0.0;0.0;0.0
2025-04-03 18:15:00+00:00;0.0;0.0;0.0
2025-04-03 18:30:00+00:00;0.0;0.0;0.0
2025-04-03 18:45:00+00:00;0.0;0.0;0.0
2025-04-03 19:00:00+00:00;0.0;0.0;0.0
2025-04-03 19:15:00+00:00;0.0;0.0;0.0
2025-04-03 19:30:00+00:00;0.0;0.0;0.0
2025-04-03 19:45:00+00:00;0.0;0.0;0.0
2025-04-03 20:00:00+00:00;0.0;0.0;0.0
2025-04-03 20:15:00+00:00;0.0;0.0;0.0
2025-04-03 20:30:00+00:00;0.0;0.0;0.0
2025-04-03 20:45:00+00:00;0.0;0.0;0.0
2025-04-03 21:00:00+00:00;0.0;0.0;0.0
2025-04-03 21:15:00+00:00;0.0;0.0;0.0
2025-04-03 21:30:00+00:00;0.0;0.0;0.0
2025-04-03 21:45:00+00:00;0.0;0.0;0.0
2025-04-03 22:00:00+00:00;0.0;0.0;0.0
2025-04-03 22:15:00+00:00;0.0;0.0;0.0
2025-04-03 22:30:00+00:00;0.0;0.0;0.0
2025-04-03 22:45:00+00:00;0.0;0.0;0.0
2025-04-03 23:00:00+00:00;0.0;0.0;0.0
2025-04-03 23:15:00+00:00;0.0;0.0;0.0
2025-04-03 23:30:00+00:00;0.0;0.0;0.0
2025-04-03 23:45:00+00:00;0.0;0.0;0.0
2025-04-04 00:00:00+00:00;0.0;0.0;0.0
2025-04-04 00:15:00+00:00;0.0;0.0;0.0
2025-04-04 00:30:00+00:00;0.0;0.0;0.0
2025-04-04 00:45:00+00:00;0.0;0.0;0.0
2025-04-04 01:00:00+00:00;0.0;0.0;0.0
2025-04-04 01:15:00+00:00;0.0;0.0;0.0
2025-04-04 01:30:00+00:00;0.0;0.0;0.0
2025-04-04 01:45:00+00:00;0.0;0.0;0.0
2025-04-04 02:00:00+00:00;0.0;0.0;0.0
2025-04-04 02:15:00+00:00;0.0;0.0;0.0
2025-04-04 02:30:00+00:00;0.0;0.0;0.0
2025-04-04 02:45:00+00:00;0.0;0.0;0.0
2025-04-04 03:00:00+00:00;0.0;0.0;0.0
2025-04-04 03:15:00+00:00;0.0;0.0;0.0
2025-04-04 03:30:00+00:00;0.0;0.0;0.0
2025-04-04 03:45:00+00:00;0.0;0.0;0.0
2025-04-04 04:00:00+00:00;0.0;0.0;0.0
2025-04-04 04:15:00+00:00;0.0;0.0;0.0
2025-04-04 04:30:00+00:00;0.0;0.0;0.0
2025-04-04 04:45:00+00:00;0.0;0.0;0.0
2025-04-04 05:00:00+00:00;0.0;0.0;0.0
2025-04-04 05:15:00+00:00;0.0;0.0;0.0
2025-04-04 05:30:00+00:00;0.0;0.0;0.0
2025-04-04 05:45:00+00:00;0.0;0.0;0.0
2025-04-04 06:00:00+00:00;0.0;0.0;0.76
2025-04-04 06:15:00+00:00;0.0;0.0;2.44
2025-04-04 06:30:00+00:00;0.0;0.0;2.952
2025-04-04 06:45:00+00:00;0.0;0.0;1.044
2025-04-04 07:00:00+00:00;0.0;0.0;0.0
2025-04-04 07:15:00+00:00;0.0;0.0;1.028
2025-04-04 07:30:00+00:00;0.203;0.0;1.913
2025-04-04 07:45:00+00:00;0.04;0.0;0.656
2025-04-04 08:00:00+00:00;0.028;0.0;1.74
2025-04-04 08:15:00+00:00;0.358;0.002;0.952
2025-04-04 08:30:00+00:00;0.257;0.01;0.149
2025-04-04 08:45:00+00:00;0.129;0.002;0.201
2025-04-04 09:00:00+00:00;0.098;0.001;0.321
2025-04-04 09:15:00+00:00;0.15;0.001;0.433
2025-04-04 09:30:00+00:00;0.078;0.001;0.361
2025-04-04 09:45:00+00:00;0.048;0.001;0.355
2025-04-04 10:00:00+00:00;0.638;0.003;1.519
2025-04-04 10:15:00+00:00;0.889;0.007;1.8
2025-04-04 10:30:00+00:00;0.452;0.003;0.901
2025-04-04 10:45:00+00:00;0.207;0.001;0.368
2025-04-04 11:00:00+00:00;0.23;0.001;0.369
2025-04-04 11:15:00+00:00;0.195;0.001;0.332
2025-04-04 11:30:00+00:00;0.749;0.002;1.049
2025-04-04 11:45:00+00:00;1.38;0.0;2.592
2025-04-04 12:00:00+00:00;1.795;0.0;2.541
2025-04-04 12:15:00+00:00;2.204;0.01;2.794
2025-04-04 12:30:00+00:00;0.881;0.001;0.958
2025-04-04 12:45:00+00:00;0.802;0.005;0.705
2025-04-04 13:00:00+00:00;1.753;0.0;1.419
2025-04-04 13:15:00+00:00;2.231;0.0;1.777
2025-04-04 13:30:00+00:00;1.423;0.0;1.153
2025-04-04 13:45:00+00:00;0.59;0.0;0.434
2025-04-04 14:00:00+00:00;1.231;0.016;0.813
2025-04-04 14:15:00+00:00;1.812;0.017;1.119
2025-04-04 14:30:00+00:00;0.519;0.002;0.283
2025-04-04 14:45:00+00:00;0.437;0.002;0.229
2025-04-04 15:00:00+00:00;0.334;0.001;0.137
2025-04-04 15:15:00+00:00;0.251;0.002;0.079
2025-04-04 15:30:00+00:00;0.367;0.002;0.063
2025-04-04 15:45:00+00:00;0.516;0.003;0.049
2025-04-04 16:00:00+00:00;0.548;0.003;0.021
2025-04-04 16:15:00+00:00;0.604;0.004;0.012
2025-04-04 16:30:00+00:00;0.851;0.006;0.011
2025-04-04 16:45:00+00:00;0.646;0.006;0.0
2025-04-04 17:00:00+00:00;0.625;0.007;0.0
2025-04-04 17:15:00+00:00;0.653;0.015;0.0
2025-04-04 17:30:00+00:00;0.38;0.02;0.0
2025-04-04 17:45:00+00:00;0.0;0.02;0.0
2025-04-04 18:00:00+00:00;0.0;0.0;0.0
2025-04-04 18:15:00+00:00;0.0;0.0;0.0
2025-04-04 18:30:00+00:00;0.0;0.0;0.0
2025-04-04 18:45:00+00:00;0.0;0.0;0.0
2025-04-04 19:00:00+00:00;0.0;0.0;0.0
2025-04-04 19:15:00+00:00;0.0;0.0;0.0
2025-04-04 19:30:00+00:00;0.0;0.0;0.0
2025-04-04 19:45:00+00:00;0.0;0.0;0.0
2025-04-04 20:00:00+00:00;0.0;0.0;0.0
2025-04-04 20:15:00+00:00;0.0;0.0;0.0
2025-04-04 20:30:00+00:00;0.0;0.0;0.0
2025-04-04 20:45:00+00:00;0.0;0.0;0.0
2025-04-04 21:00:00+00:00;0.0;0.0;0.0
2025-04-04 21:15:00+00:00;0.0;0.0;0.0
2025-04-04 21:30:00+00:00;0.0;0.0;0.0
2025-04-04 21:45:00+00:00;0.0;0.0;0.0
2025-04-04 22:00:00+00:00;0.0;0.0;0.0
2025-04-04 22:15:00+00:00;0.0;0.0;0.0
2025-04-04 22:30:00+00:00;0.0;0.0;0.0
2025-04-04 22:45:00+00:00;0.0;0.0;0.0
2025-04-04 23:00:00+00:00;0.0;0.0;0.0
2025-04-04 23:15:00+00:00;0.0;0.0;0.0
2025-04-04 23:30:00+00:00;0.0;0.0;0.0
2025-04-04 23:45:00+00:00;0.0;0.0;0.0
2025-04-05 00:00:00+00:00;0.0;0.0;0.0
2025-04-05 00:15:00+00:00;0.0;0.0;0.0
2025-04-05 00:30:00+00:00;0.0;0.0;0.0
2025-04-05 00:45:00+00:00;0.0;0.0;0.0
2025-04-05 01:00:00+00:00;0.0;0.0;0.0
2025-04-05 01:15:00+00:00;0.0;0.0;0.0
2025-04-05 01:30:00+00:00;0.0;0.0;0.0
2025-04-05 01:45:00+00:00;0.0;0.0;0.0
2025-04-05 02:00:00+00:00;0.0;0.0;0.0
2025-04-05 02:15:00+00:00;0.0;0.0;0.0
2025-04-05 02:30:00+00:00;0.0;0.0;0.0
2025-04-05 02:45:00+00:00;0.0;0.0;0.0
2025-04-05 03:00:00+00:00;0.0;0.0;0.0
2025-04-05 03:15:00+00:00;0.0;0.0;0.0
2025-04-05 03:30:00+00:00;0.0;0.0;0.0
2025-04-05 03:45:00+00:00;0.0;0.0;0.0
2025-04-05 04:00:00+00:00;0.0;0.0;0.0
2025-04-05 04:15:00+00:00;0.0;0.0;0.0
2025-04-05 04:30:00+00:00;0.0;0.0;0.0
2025-04-05 04:45:00+00:00;0.0;0.0;0.0
2025-04-05 05:00:00+00:00;0.0;0.0;0.0
2025-04-05 05:15:00+00:00;0.0;0.0;0.0
2025-04-05 05:30:00+00:00;0.0;0.0;0.0
2025-04-05 05:45:00+00:00;0.0;0.0;0.0
2025-04-05 06:00:00+00:00;0.0;0.0;0.0
2025-04-05 06:15:00+00:00;0.0;0.0;1.94
2025-04-05 06:30:00+00:00;0.0;0.0;1.828
2025-04-05 06:45:00+00:00;0.0;0.0;0.0
2025-04-05 07:00:00+00:00;0.0;0.0;0.0
2025-04-05 07:15:00+00:00;0.0;0.0;4.088
2025-04-05 07:30:00+00:00;0.0;0.0;4.544
2025-04-05 07:45:00+00:00;0.0;0.0;4.876
2025-04-05 08:00:00+00:00;0.0;0.02;0.968
2025-04-05 08:15:00+00:00;0.0;0.024;2.892
2025-04-05 08:30:00+00:00;0.0;0.012;2.456
2025-04-05 08:45:00+00:00;0.0;0.0;2.988
2025-04-05 09:00:00+00:00;0.02;0.008;0.872
2025-04-05 09:15:00+00:00;0.213;0.002;0.397
2025-04-05 09:30:00+00:00;0.862;0.006;0.168
2025-04-05 09:45:00+00:00;0.509;0.005;1.034
2025-04-05 10:00:00+00:00;0.15;0.004;1.018
2025-04-05 10:15:00+00:00;0.465;0.003;0.904
2025-04-05 10:30:00+00:00;0.283;0.002;0.567
2025-04-05 10:45:00+00:00;0.561;0.003;0.848
2025-04-05 11:00:00+00:00;0.778;0.003;0.879
2025-04-05 11:15:00+00:00;0.658;0.004;1.034
2025-04-05 11:30:00+00:00;1.205;0.006;1.713
2025-04-05 11:45:00+00:00;0.318;0.002;0.396
2025-04-05 12:00:00+00:00;0.201;0.002;0.421
2025-04-05 12:15:00+00:00;0.212;0.002;0.45
2025-04-05 12:30:00+00:00;0.786;0.004;0.826
2025-04-05 12:45:00+00:00;0.956;0.008;2.072
2025-04-05 13:00:00+00:00;0.456;0.002;0.494
2025-04-05 13:15:00+00:00;0.251;0.001;0.184
2025-04-05 13:30:00+00:00;0.267;0.001;0.192
2025-04-05 13:45:00+00:00;0.235;0.001;0.172
2025-04-05 14:00:00+00:00;0.287;0.001;0.208
2025-04-05 14:15:00+00:00;0.303;0.001;0.18
2025-04-05 14:30:00+00:00;0.415;0.002;0.203
2025-04-05 14:45:00+00:00;0.617;0.003;0.352
2025-04-05 15:00:00+00:00;0.593;0.003;0.272
2025-04-05 15:15:00+00:00;0.643;0.003;0.262
2025-04-05 15:30:00+00:00;0.489;0.004;0.207
2025-04-05 15:45:00+00:00;0.502;0.005;0.197
2025-04-05 16:00:00+00:00;0.554;0.012;0.162
2025-04-05 16:15:00+00:00;0.396;0.02;0.0
2025-04-05 16:30:00+00:00;0.0;0.028;0.268
2025-04-05 16:45:00+00:00;0.712;0.02;0.076
2025-04-05 17:00:00+00:00;1.008;0.024;0.0
2025-04-05 17:15:00+00:00;0.0;0.02;0.0
2025-04-05 17:30:00+00:00;0.0;0.02;0.0
2025-04-05 17:45:00+00:00;0.0;0.028;0.0
2025-04-05 18:00:00+00:00;0.0;0.028;0.0
2025-04-05 18:15:00+00:00;0.0;0.012;0.0
2025-04-05 18:30:00+00:00;0.0;0.016;0.0
2025-04-05 18:45:00+00:00;0.0;0.016;0.0
2025-04-05 19:00:00+00:00;0.0;0.0;0.0
2025-04-05 19:15:00+00:00;0.0;0.0;0.0
2025-04-05 19:30:00+00:00;0.0;0.0;0.0
2025-04-05 19:45:00+00:00;0.0;0.0;0.0
2025-04-05 20:00:00+00:00;0.0;0.0;0.0
2025-04-05 20:15:00+00:00;0.0;0.0;0.0
2025-04-05 20:30:00+00:00;0.0;0.0;0.0
2025-04-05 20:45:00+00:00;0.0;0.0;0.0
2025-04-05 21:00:00+00:00;0.0;0.0;0.0
2025-04-05 21:15:00+00:00;0.0;0.0;0.0
2025-04-05 21:30:00+00:00;0.0;0.0;0.0
2025-04-05 21:45:00+00:00;0.0;0.0;0.0
2025-04-05 22:00:00+00:00;0.0;0.0;0.0
2025-04-05 22:15:00+00:00;0.0;0.0;0.0
2025-04-05 22:30:00+00:00;0.0;0.0;0.0
2025-04-05 22:45:00+00:00;0.0;0.0;0.0
2025-04-05 23:00:00+00:00;0.0;0.0;0.0
2025-04-05 23:15:00+00:00;0.0;0.0;0.0
2025-04-05 23:30:00+00:00;0.0;0.0;0.0
2025-04-05 23:45:00+00:00;0.0;0.0;0.0
2025-04-06 00:00:00+00:00;0.0;0.0;0.0
2025-04-06 00:15:00+00:00;0.0;0.0;0.0
2025-04-06 00:30:00+00:00;0.0;0.0;0.0
2025-04-06 00:45:00+00:00;0.0;0.0;0.0
2025-04-06 01:00:00+00:00;0.0;0.0;0.0
2025-04-06 01:15:00+00:00;0.0;0.0;0.0
2025-04-06 01:30:00+00:00;0.0;0.0;0.0
2025-04-06 01:45:00+00:00;0.0;0.0;0.0
2025-04-06 02:00:00+00:00;0.0;0.0;0.0
2025-04-06 02:15:00+00:00;0.0;0.0;0.0
2025-04-06 02:30:00+00:00;0.0;0.0;0.0
2025-04-06 02:45:00+00:00;0.0;0.0;0.0
2025-04-06 03:00:00+00:00;0.0;0.0;0.0
2025-04-06 03:15:00+00:00;0.0;0.0;0.0
2025-04-06 03:30:00+00:00;0.0;0.0;0.0
2025-04-06 03:45:00+00:00;0.0;0.0;0.0
2025-04-06 04:00:00+00:00;0.0;0.0;0.0
2025-04-06 04:15:00+00:00;0.0;0.0;0.0
2025-04-06 04:30:00+00:00;0.0;0.0;0.0
2025-04-06 04:45:00+00:00;0.0;0.0;0.0
2025-04-06 05:00:00+00:00;0.0;0.0;0.0
2025-04-06 05:15:00+00:00;0.0;0.0;0.0
2025-04-06 05:30:00+00:00;0.0;0.0;0.0
2025-04-06 05:45:00+00:00;0.0;0.0;1.54
2025-04-06 06:00:00+00:00;0.0;0.0;0.0
2025-04-06 06:15:00+00:00;0.0;0.0;1.22
2025-04-06 06:30:00+00:00;0.0;0.0;0.892
2025-04-06 06:45:00+00:00;0.0;0.0;1.476
2025-04-06 07:00:00+00:00;0.084;0.0;1.832
2025-04-06 07:15:00+00:00;0.128;0.0;2.564
2025-04-06 07:30:00+00:00;0.0;0.0;0.0
2025-04-06 07:45:00+00:00;0.086;0.003;0.955
2025-04-06 08:00:00+00:00;0.472;0.0;1.556
2025-04-06 08:15:00+00:00;0.204;0.001;0.531
2025-04-06 08:30:00+00:00;0.543;0.006;1.239
2025-04-06 08:45:00+00:00;0.467;0.014;1.375
2025-04-06 09:00:00+00:00;0.503;0.015;0.882
2025-04-06 09:15:00+00:00;0.848;0.045;0.307
2025-04-06 09:30:00+00:00;0.327;0.019;0.418
2025-04-06 09:45:00+00:00;0.72;0.072;0.984
2025-04-06 10:00:00+00:00;0.961;0.067;1.256
2025-04-06 10:15:00+00:00;0.184;0.0;0.228
2025-04-06 10:30:00+00:00;0.469;0.001;0.554
2025-04-06 10:45:00+00:00;1.177;0.003;1.064
2025-04-06 11:00:00+00:00;2.403;0.01;0.723
2025-04-06 11:15:00+00:00;1.774;0.006;0.648
2025-04-06 11:30:00+00:00;0.487;0.001;0.164
2025-04-06 11:45:00+00:00;0.592;0.002;0.178
2025-04-06 12:00:00+00:00;0.523;0.002;0.143
2025-04-06 12:15:00+00:00;0.823;0.002;0.199
2025-04-06 12:30:00+00:00;0.686;0.002;0.152
2025-04-06 12:45:00+00:00;1.123;0.004;0.205
2025-04-06 13:00:00+00:00;0.72;0.002;0.094
2025-04-06 13:15:00+00:00;0.649;0.002;0.057
2025-04-06 13:30:00+00:00;0.667;0.002;0.039
2025-04-06 13:45:00+00:00;0.68;0.001;0.003
2025-04-06 14:00:00+00:00;2.282;0.006;0.0
2025-04-06 14:15:00+00:00;1.77;0.006;0.0
2025-04-06 14:30:00+00:00;4.334;0.014;0.0
2025-04-06 14:45:00+00:00;4.361;0.019;0.0
2025-04-06 15:00:00+00:00;3.311;0.013;0.0
2025-04-06 15:15:00+00:00;4.289;0.015;0.0
2025-04-06 15:30:00+00:00;4.965;0.027;0.0
2025-04-06 15:45:00+00:00;4.58;0.02;0.0
2025-04-06 16:00:00+00:00;4.108;0.02;0.0
2025-04-06 16:15:00+00:00;3.852;0.028;0.0
2025-04-06 16:30:00+00:00;3.216;0.02;0.0
2025-04-06 16:45:00+00:00;2.5;0.028;0.0
2025-04-06 17:00:00+00:00;1.736;0.028;0.0
2025-04-06 17:15:00+00:00;1.048;0.024;0.0
2025-04-06 17:30:00+00:00;0.62;0.02;0.0
2025-04-06 17:45:00+00:00;0.0;0.028;0.0
2025-04-06 18:00:00+00:00;0.0;0.02;0.0
2025-04-06 18:15:00+00:00;0.0;0.02;0.0
2025-04-06 18:30:00+00:00;0.0;0.012;0.0
2025-04-06 18:45:00+00:00;0.0;0.0;0.0
2025-04-06 19:00:00+00:00;0.0;0.0;0.0
2025-04-06 19:15:00+00:00;0.0;0.0;0.0
2025-04-06 19:30:00+00:00;0.0;0.0;0.0
2025-04-06 19:45:00+00:00;0.0;0.0;0.0
2025-04-06 20:00:00+00:00;0.0;0.0;0.0
2025-04-06 20:15:00+00:00;0.0;0.0;0.0
2025-04-06 20:30:00+00:00;0.0;0.0;0.0
2025-04-06 20:45:00+00:00;0.0;0.0;0.0
2025-04-06 21:00:00+00:00;0.0;0.0;0.0
2025-04-06 21:15:00+00:00;0.0;0.0;0.0
2025-04-06 21:30:00+00:00;0.0;0.0;0.0
2025-04-06 21:45:00+00:00;0.0;0.0;0.0
2025-04-06 22:00:00+00:00;0.0;0.0;0.0
2025-04-06 22:15:00+00:00;0.0;0.0;0.0
2025-04-06 22:30:00+00:00;0.0;0.0;0.0
2025-04-06 22:45:00+00:00;0.0;0.0;0.0
2025-04-06 23:00:00+00:00;0.0;0.0;0.0
2025-04-06 23:15:00+00:00;0.0;0.0;0.0
2025-04-06 23:30:00+00:00;0.0;0.0;0.0
2025-04-06 23:45:00+00:00;0.0;0.0;0.0
2025-04-07 00:00:00+00:00;0.0;0.0;0.0
2025-04-07 00:15:00+00:00;0.0;0.0;0.0
2025-04-07 00:30:00+00:00;0.0;0.0;0.0
2025-04-07 00:45:00+00:00;0.0;0.0;0.0
2025-04-07 01:00:00+00:00;0.0;0.0;0.0
2025-04-07 01:15:00+00:00;0.0;0.0;0.0
2025-04-07 01:30:00+00:00;0.0;0.0;0.0
2025-04-07 01:45:00+00:00;0.0;0.0;0.0
2025-04-07 02:00:00+00:00;0.0;0.0;0.0
2025-04-07 02:15:00+00:00;0.0;0.0;0.0
2025-04-07 02:30:00+00:00;0.0;0.0;0.0
2025-04-07 02:45:00+00:00;0.0;0.0;0.0
2025-04-07 03:00:00+00:00;0.0;0.0;0.0
2025-04-07 03:15:00+00:00;0.0;0.0;0.0
2025-04-07 03:30:00+00:00;0.0;0.0;0.0
2025-04-07 03:45:00+00:00;0.0;0.0;0.0
2025-04-07 04:00:00+00:00;0.0;0.0;0.0
2025-04-07 04:15:00+00:00;0.0;0.0;0.0
2025-04-07 04:30:00+00:00;0.0;0.0;0.0
2025-04-07 04:45:00+00:00;0.0;0.0;0.0
2025-04-07 05:00:00+00:00;0.0;0.0;0.0
2025-04-07 05:15:00+00:00;0.0;0.0;0.412
2025-04-07 05:30:00+00:00;0.0;0.0;0.96
2025-04-07 05:45:00+00:00;0.0;0.0;0.0
2025-04-07 06:00:00+00:00;0.0;0.0;0.0
2025-04-07 06:15:00+00:00;0.0;0.0;2.096
2025-04-07 06:30:00+00:00;0.0;0.0;0.0
2025-04-07 06:45:00+00:00;0.0;0.0;1.348
2025-04-07 07:00:00+00:00;0.088;0.0;0.848
2025-04-07 07:15:00+00:00;0.504;0.0;0.024
2025-04-07 07:30:00+00:00;0.221;0.0;1.255
2025-04-07 07:45:00+00:00;0.289;0.005;1.15
2025-04-07 08:00:00+00:00;0.906;0.0;2.978
2025-04-07 08:15:00+00:00;0.313;0.01;0.805
2025-04-07 08:30:00+00:00;0.475;0.021;0.476
2025-04-07 08:45:00+00:00;0.361;0.025;0.334
2025-04-07 09:00:00+00:00;0.366;0.004;0.63
2025-04-07 09:15:00+00:00;0.295;0.008;0.489
2025-04-07 09:30:00+00:00;0.382;0.018;0.556
2025-04-07 09:45:00+00:00;1.029;0.007;1.42
2025-04-07 10:00:00+00:00;0.533;0.002;0.701
2025-04-07 10:15:00+00:00;0.319;0.001;0.404
2025-04-07 10:30:00+00:00;0.362;0.001;0.445
2025-04-07 10:45:00+00:00;0.607;0.002;0.891
2025-04-07 11:00:00+00:00;1.578;0.007;1.775
2025-04-07 11:15:00+00:00;0.694;0.002;0.74
2025-04-07 11:30:00+00:00;0.377;0.001;0.386
2025-04-07 11:45:00+00:00;0.451;0.002;0.447
2025-04-07 12:00:00+00:00;0.421;0.001;0.41
2025-04-07 12:15:00+00:00;0.45;0.001;0.421
2025-04-07 12:30:00+00:00;0.375;0.001;0.324
2025-04-07 12:45:00+00:00;0.328;0.001;0.275
2025-04-07 13:00:00+00:00;0.357;0.001;0.31
2025-04-07 13:15:00+00:00;0.385;0.001;0.306
2025-04-07 13:30:00+00:00;0.471;0.002;0.363
2025-04-07 13:45:00+00:00;0.368;0.002;0.282
2025-04-07 14:00:00+00:00;0.36;0.001;0.271
2025-04-07 14:15:00+00:00;0.405;0.002;0.265
2025-04-07 14:30:00+00:00;0.425;0.002;0.245
2025-04-07 14:45:00+00:00;0.973;0.004;0.503
2025-04-07 15:00:00+00:00;2.506;0.009;1.009
2025-04-07 15:15:00+00:00;2.018;0.009;0.621
2025-04-07 15:30:00+00:00;0.824;0.003;0.153
2025-04-07 15:45:00+00:00;0.839;0.005;0.1
2025-04-07 16:00:00+00:00;2.058;0.01;0.124
2025-04-07 16:15:00+00:00;0.916;0.008;0.036
2025-04-07 16:30:00+00:00;0.507;0.003;0.014
2025-04-07 16:45:00+00:00;0.491;0.004;0.005
2025-04-07 17:00:00+00:00;0.824;0.008;0.0
2025-04-07 17:15:00+00:00;0.794;0.018;0.0
2025-04-07 17:30:00+00:00;0.528;0.028;0.0
2025-04-07 17:45:00+00:00;0.0;0.028;0.0
2025-04-07 18:00:00+00:00;0.0;0.024;0.0
2025-04-07 18:15:00+00:00;0.0;0.0;0.0
2025-04-07 18:30:00+00:00;0.0;0.0;0.0
2025-04-07 18:45:00+00:00;0.0;0.0;0.0
2025-04-07 19:00:00+00:00;0.0;0.0;0.0
2025-04-07 19:15:00+00:00;0.0;0.0;0.0
2025-04-07 19:30:00+00:00;0.0;0.0;0.0
2025-04-07 19:45:00+00:00;0.0;0.0;0.0
2025-04-07 20:00:00+00:00;0.0;0.0;0.0
2025-04-07 20:15:00+00:00;0.0;0.0;0.0
2025-04-07 20:30:00+00:00;0.0;0.0;0.0
2025-04-07 20:45:00+00:00;0.0;0.0;0.0
2025-04-07 21:00:00+00:00;0.0;0.0;0.0
2025-04-07 21:15:00+00:00;0.0;0.0;0.0
2025-04-07 21:30:00+00:00;0.0;0.0;0.0
2025-04-07 21:45:00+00:00;0.0;0.0;0.0
2025-04-07 22:00:00+00:00;0.0;0.0;0.0
2025-04-07 22:15:00+00:00;0.0;0.0;0.0
2025-04-07 22:30:00+00:00;0.0;0.0;0.0
2025-04-07 22:45:00+00:00;0.0;0.0;0.0
2025-04-07 23:00:00+00:00;0.0;0.0;0.0
2025-04-07 23:15:00+00:00;0.0;0.0;0.0
2025-04-07 23:30:00+00:00;0.0;0.0;0.0
2025-04-07 23:45:00+00:00;0.0;0.0;0.0
2025-04-08 00:00:00+00:00;0.0;0.0;0.0
2025-04-08 00:15:00+00:00;0.0;0.0;0.0
2025-04-08 00:30:00+00:00;0.0;0.0;0.0
2025-04-08 00:45:00+00:00;0.0;0.0;0.0
2025-04-08 01:00:00+00:00;0.0;0.0;0.0
2025-04-08 01:15:00+00:00;0.0;0.0;0.0
2025-04-08 01:30:00+00:00;0.0;0.0;0.0
2025-04-08 01:45:00+00:00;0.0;0.0;0.0
2025-04-08 02:00:00+00:00;0.0;0.0;0.0
2025-04-08 02:15:00+00:00;0.0;0.0;0.0
2025-04-08 02:30:00+00:00;0.0;0.0;0.0
2025-04-08 02:45:00+00:00;0.0;0.0;0.0
2025-04-08 03:00:00+00:00;0.0;0.0;0.0
2025-04-08 03:15:00+00:00;0.0;0.0;0.0
2025-04-08 03:30:00+00:00;0.0;0.0;0.0
2025-04-08 03:45:00+00:00;0.0;0.0;0.0
2025-04-08 04:00:00+00:00;0.0;0.0;0.0
2025-04-08 04:15:00+00:00;0.0;0.0;0.0
2025-04-08 04:30:00+00:00;0.0;0.0;0.0
2025-04-08 04:45:00+00:00;0.0;0.0;0.0
2025-04-08 05:00:00+00:00;0.0;0.0;0.0
2025-04-08 05:15:00+00:00;0.0;0.0;0.452
2025-04-08 05:30:00+00:00;0.0;0.0;0.0
2025-04-08 05:45:00+00:00;0.0;0.0;0.0
2025-04-08 06:00:00+00:00;0.0;0.0;0.0
2025-04-08 06:15:00+00:00;0.0;0.0;0.572
2025-04-08 06:30:00+00:00;0.0;0.0;0.0
2025-04-08 06:45:00+00:00;0.0;0.0;1.164
2025-04-08 07:00:00+00:00;0.0;0.0;1.224
2025-04-08 07:15:00+00:00;0.083;0.0;0.741
2025-04-08 07:30:00+00:00;0.123;0.0;0.697
2025-04-08 07:45:00+00:00;0.574;0.005;0.453
2025-04-08 08:00:00+00:00;0.942;0.0;1.614
2025-04-08 08:15:00+00:00;1.073;0.0;3.891
2025-04-08 08:30:00+00:00;0.0;0.0;4.452
2025-04-08 08:45:00+00:00;0.0;0.0;4.816
2025-04-08 09:00:00+00:00;0.207;0.0;2.117
2025-04-08 09:15:00+00:00;0.821;0.0;1.443
2025-04-08 09:30:00+00:00;2.117;0.0;0.667
2025-04-08 09:45:00+00:00;0.904;0.0;1.42
2025-04-08 10:00:00+00:00;0.37;0.0;0.838
2025-04-08 10:15:00+00:00;0.505;0.0;0.675
2025-04-08 10:30:00+00:00;0.437;0.0;0.539
2025-04-08 10:45:00+00:00;0.319;0.001;0.38
2025-04-08 11:00:00+00:00;0.22;0.002;0.258
2025-04-08 11:15:00+00:00;0.289;0.001;0.314
2025-04-08 11:30:00+00:00;0.299;0.002;0.303
2025-04-08 11:45:00+00:00;0.297;0.004;0.287
2025-04-08 12:00:00+00:00;1.876;0.023;1.801
2025-04-08 12:15:00+00:00;3.24;0.002;3.05
2025-04-08 12:30:00+00:00;1.905;0.0;1.819
2025-04-08 12:45:00+00:00;2.027;0.0;1.825
2025-04-08 13:00:00+00:00;2.007;0.0;1.901
2025-04-08 13:15:00+00:00;2.076;0.0;1.844
2025-04-08 13:30:00+00:00;0.365;0.014;0.289
2025-04-08 13:45:00+00:00;0.261;0.01;0.197
2025-04-08 14:00:00+00:00;0.725;0.011;0.564
2025-04-08 14:15:00+00:00;0.84;0.0;0.564
2025-04-08 14:30:00+00:00;1.198;0.0;0.718
2025-04-08 14:45:00+00:00;0.948;0.0;0.504
2025-04-08 15:00:00+00:00;0.986;0.0;0.45
2025-04-08 15:15:00+00:00;1.271;0.0;0.429
2025-04-08 15:30:00+00:00;1.481;0.0;0.307
2025-04-08 15:45:00+00:00;3.096;0.0;0.396
2025-04-08 16:00:00+00:00;4.45;0.0;0.242
2025-04-08 16:15:00+00:00;2.872;0.0;0.1
2025-04-08 16:30:00+00:00;3.221;0.0;0.103
2025-04-08 16:45:00+00:00;3.549;0.0;0.091
2025-04-08 17:00:00+00:00;2.952;0.0;0.052
2025-04-08 17:15:00+00:00;1.684;0.0;0.0
2025-04-08 17:30:00+00:00;1.176;0.0;0.0
2025-04-08 17:45:00+00:00;0.0;0.0;0.0
2025-04-08 18:00:00+00:00;0.0;0.0;0.0
2025-04-08 18:15:00+00:00;0.0;0.0;0.0
2025-04-08 18:30:00+00:00;0.0;0.0;0.0
2025-04-08 18:45:00+00:00;0.0;0.0;0.0
2025-04-08 19:00:00+00:00;0.0;0.0;0.0
2025-04-08 19:15:00+00:00;0.0;0.0;0.0
2025-04-08 19:30:00+00:00;0.0;0.0;0.0
2025-04-08 19:45:00+00:00;0.0;0.0;0.0
2025-04-08 20:00:00+00:00;0.0;0.0;0.0
2025-04-08 20:15:00+00:00;0.0;0.0;0.0
2025-04-08 20:30:00+00:00;0.0;0.0;0.0
2025-04-08 20:45:00+00:00;0.0;0.0;0.0
2025-04-08 21:00:00+00:00;0.0;0.0;0.0
2025-04-08 21:15:00+00:00;0.0;0.0;0.0
2025-04-08 21:30:00+00:00;0.0;0.0;0.0
2025-04-08 21:45:00+00:00;0.0;0.0;0.0
2025-04-08 22:00:00+00:00;0.0;0.0;0.0
2025-04-08 22:15:00+00:00;0.0;0.0;0.0
2025-04-08 22:30:00+00:00;0.0;0.0;0.0
2025-04-08 22:45:00+00:00;0.0;0.0;0.0
2025-04-08 23:00:00+00:00;0.0;0.0;0.0
2025-04-08 23:15:00+00:00;0.0;0.0;0.0
2025-04-08 23:30:00+00:00;0.0;0.0;0.0
2025-04-08 23:45:00+00:00;0.0;0.0;0.0
2025-04-09 00:00:00+00:00;0.0;0.0;0.0
2025-04-09 00:15:00+00:00;0.0;0.0;0.0
2025-04-09 00:30:00+00:00;0.0;0.0;0.0
2025-04-09 00:45:00+00:00;0.0;0.0;0.0
2025-04-09 01:00:00+00:00;0.0;0.0;0.0
2025-04-09 01:15:00+00:00;0.0;0.0;0.0
2025-04-09 01:30:00+00:00;0.0;0.0;0.0
2025-04-09 01:45:00+00:00;0.0;0.0;0.0
2025-04-09 02:00:00+00:00;0.0;0.0;0.0
2025-04-09 02:15:00+00:00;0.0;0.0;0.0
2025-04-09 02:30:00+00:00;0.0;0.0;0.0
2025-04-09 02:45:00+00:00;0.0;0.0;0.0
2025-04-09 03:00:00+00:00;0.0;0.0;0.0
2025-04-09 03:15:00+00:00;0.0;0.0;0.0
2025-04-09 03:30:00+00:00;0.0;0.0;0.0
2025-04-09 03:45:00+00:00;0.0;0.0;0.0
2025-04-09 04:00:00+00:00;0.0;0.0;0.0
2025-04-09 04:15:00+00:00;0.0;0.0;0.0
2025-04-09 04:30:00+00:00;0.0;0.0;0.0
2025-04-09 04:45:00+00:00;0.0;0.0;0.0
2025-04-09 05:00:00+00:00;0.0;0.0;0.0
2025-04-09 05:15:00+00:00;0.0;0.0;0.0
2025-04-09 05:30:00+00:00;0.0;0.0;0.0
2025-04-09 05:45:00+00:00;0.0;0.0;0.0
2025-04-09 06:00:00+00:00;0.0;0.0;1.632
2025-04-09 06:15:00+00:00;0.0;0.0;0.0
2025-04-09 06:30:00+00:00;0.0;0.0;2.908
2025-04-09 06:45:00+00:00;0.0;0.0;2.456
2025-04-09 07:00:00+00:00;0.448;0.0;0.0
2025-04-09 07:15:00+00:00;0.234;0.009;0.557
2025-04-09 07:30:00+00:00;0.195;0.008;0.453
2025-04-09 07:45:00+00:00;0.143;0.006;0.383
2025-04-09 08:00:00+00:00;0.551;0.004;1.177
2025-04-09 08:15:00+00:00;1.0;0.017;0.395
2025-04-09 08:30:00+00:00;0.348;0.019;0.333
2025-04-09 08:45:00+00:00;0.391;0.004;0.501
2025-04-09 09:00:00+00:00;0.173;0.001;0.21
2025-04-09 09:15:00+00:00;0.214;0.001;0.245
2025-04-09 09:30:00+00:00;0.976;0.003;1.285
2025-04-09 09:45:00+00:00;0.886;0.002;0.836
2025-04-09 10:00:00+00:00;2.533;0.009;0.65
2025-04-09 10:15:00+00:00;0.835;0.004;1.025
2025-04-09 10:30:00+00:00;0.372;0.001;0.403
2025-04-09 10:45:00+00:00;0.387;0.001;0.332
2025-04-09 11:00:00+00:00;0.379;0.001;0.308
2025-04-09 11:15:00+00:00;0.396;0.001;0.303
2025-04-09 11:30:00+00:00;0.382;0.001;0.293
2025-04-09 11:45:00+00:00;0.361;0.001;0.258
2025-04-09 12:00:00+00:00;0.356;0.001;0.255
2025-04-09 12:15:00+00:00;0.316;0.001;0.235
2025-04-09 12:30:00+00:00;0.369;0.001;0.246
2025-04-09 12:45:00+00:00;0.373;0.001;0.234
2025-04-09 13:00:00+00:00;0.302;0.001;0.181
2025-04-09 13:15:00+00:00;0.33;0.001;0.189
2025-04-09 13:30:00+00:00;0.299;0.001;0.168
2025-04-09 13:45:00+00:00;0.274;0.0;0.146
2025-04-09 14:00:00+00:00;1.92;0.005;0.915
2025-04-09 14:15:00+00:00;1.562;0.003;0.687
2025-04-09 14:30:00+00:00;0.398;0.001;0.161
2025-04-09 14:45:00+00:00;0.215;0.001;0.08
2025-04-09 15:00:00+00:00;0.365;0.001;0.114
2025-04-09 15:15:00+00:00;0.448;0.002;0.11
2025-04-09 15:30:00+00:00;1.033;0.004;0.155
2025-04-09 15:45:00+00:00;0.865;0.004;0.083
2025-04-09 16:00:00+00:00;0.731;0.003;0.042
2025-04-09 16:15:00+00:00;0.737;0.004;0.031
2025-04-09 16:30:00+00:00;1.876;0.012;0.0
2025-04-09 16:45:00+00:00;2.459;0.021;0.0
2025-04-09 17:00:00+00:00;1.167;0.009;0.0
2025-04-09 17:15:00+00:00;0.89;0.014;0.0
2025-04-09 17:30:00+00:00;0.654;0.018;0.0
2025-04-09 17:45:00+00:00;0.0;0.02;0.0
2025-04-09 18:00:00+00:00;0.0;0.02;0.0
2025-04-09 18:15:00+00:00;0.0;0.02;0.0
2025-04-09 18:30:00+00:00;0.0;0.02;0.0
2025-04-09 18:45:00+00:00;0.0;0.016;0.0
2025-04-09 19:00:00+00:00;0.0;0.028;0.0
2025-04-09 19:15:00+00:00;0.0;0.004;0.0
2025-04-09 19:30:00+00:00;0.0;0.004;0.0
2025-04-09 19:45:00+00:00;0.0;0.0;0.0
2025-04-09 20:00:00+00:00;0.0;0.0;0.0
2025-04-09 20:15:00+00:00;0.0;0.0;0.0
2025-04-09 20:30:00+00:00;0.0;0.0;0.0
2025-04-09 20:45:00+00:00;0.0;0.0;0.0
2025-04-09 21:00:00+00:00;0.0;0.0;0.0
2025-04-09 21:15:00+00:00;0.0;0.0;0.0
2025-04-09 21:30:00+00:00;0.0;0.0;0.0
2025-04-09 21:45:00+00:00;0.0;0.0;0.0
2025-04-09 22:00:00+00:00;0.0;0.0;0.0
2025-04-09 22:15:00+00:00;0.0;0.0;0.0
2025-04-09 22:30:00+00:00;0.0;0.0;0.0
2025-04-09 22:45:00+00:00;0.0;0.0;0.0
2025-04-09 23:00:00+00:00;0.0;0.0;0.0
2025-04-09 23:15:00+00:00;0.0;0.0;0.0
2025-04-09 23:30:00+00:00;0.0;0.0;0.0
2025-04-09 23:45:00+00:00;0.0;0.0;0.0
2025-04-10 00:00:00+00:00;0.0;0.0;0.0
2025-04-10 00:15:00+00:00;0.0;0.0;0.0
2025-04-10 00:30:00+00:00;0.0;0.0;0.0
2025-04-10 00:45:00+00:00;0.0;0.0;0.0
2025-04-10 01:00:00+00:00;0.0;0.0;0.0
2025-04-10 01:15:00+00:00;0.0;0.0;0.0
2025-04-10 01:30:00+00:00;0.0;0.0;0.0
2025-04-10 01:45:00+00:00;0.0;0.0;0.0
2025-04-10 02:00:00+00:00;0.0;0.0;0.0
2025-04-10 02:15:00+00:00;0.0;0.0;0.0
2025-04-10 02:30:00+00:00;0.0;0.0;0.0
2025-04-10 02:45:00+00:00;0.0;0.0;0.0
2025-04-10 03:00:00+00:00;0.0;0.0;0.0
2025-04-10 03:15:00+00:00;0.0;0.0;0.0
2025-04-10 03:30:00+00:00;0.0;0.0;0.0
2025-04-10 03:45:00+00:00;0.0;0.0;0.0
2025-04-10 04:00:00+00:00;0.0;0.0;0.0
2025-04-10 04:15:00+00:00;0.0;0.0;0.0
2025-04-10 04:30:00+00:00;0.0;0.0;0.0
2025-04-10 04:45:00+00:00;0.0;0.0;0.0
2025-04-10 05:00:00+00:00;0.0;0.0;0.0
2025-04-10 05:15:00+00:00;0.0;0.0;0.0
2025-04-10 05:30:00+00:00;0.0;0.0;0.0
2025-04-10 05:45:00+00:00;0.0;0.0;0.0
2025-04-10 06:00:00+00:00;0.0;0.0;0.22
2025-04-10 06:15:00+00:00;0.0;0.0;0.0
2025-04-10 06:30:00+00:00;0.132;0.0;0.0
2025-04-10 06:45:00+00:00;0.428;0.012;0.0
2025-04-10 07:00:00+00:00;0.656;0.016;0.0
2025-04-10 07:15:00+00:00;0.676;0.092;0.0
2025-04-10 07:30:00+00:00;0.664;0.144;0.0
2025-04-10 07:45:00+00:00;0.138;0.031;0.219
2025-04-10 08:00:00+00:00;0.215;0.02;0.269
2025-04-10 08:15:00+00:00;1.676;0.0;0.0
2025-04-10 08:30:00+00:00;0.804;0.112;0.0
2025-04-10 08:45:00+00:00;0.276;0.033;0.075
2025-04-10 09:00:00+00:00;0.248;0.008;0.084
2025-04-10 09:15:00+00:00;0.317;0.002;0.129
2025-04-10 09:30:00+00:00;1.73;0.018;0.0
2025-04-10 09:45:00+00:00;0.307;0.002;0.259
2025-04-10 10:00:00+00:00;0.319;0.001;0.364
2025-04-10 10:15:00+00:00;0.249;0.001;0.282
2025-04-10 10:30:00+00:00;0.25;0.001;0.293
2025-04-10 10:45:00+00:00;0.55;0.002;0.64
2025-04-10 11:00:00+00:00;1.485;0.004;1.619
2025-04-10 11:15:00+00:00;0.589;0.001;0.626
2025-04-10 11:30:00+00:00;0.32;0.001;0.291
2025-04-10 11:45:00+00:00;1.259;0.003;0.29
2025-04-10 12:00:00+00:00;0.212;0.001;0.195
2025-04-10 12:15:00+00:00;0.252;0.001;0.223
2025-04-10 12:30:00+00:00;0.635;0.002;0.579
2025-04-10 12:45:00+00:00;0.422;0.002;0.368
2025-04-10 13:00:00+00:00;0.324;0.002;0.262
2025-04-10 13:15:00+00:00;0.286;0.001;0.221
2025-04-10 13:30:00+00:00;0.238;0.001;0.173
2025-04-10 13:45:00+00:00;0.242;0.001;0.169
2025-04-10 14:00:00+00:00;0.439;0.002;0.295
2025-04-10 14:15:00+00:00;1.44;0.005;0.879
2025-04-10 14:30:00+00:00;0.69;0.004;0.374
2025-04-10 14:45:00+00:00;1.53;0.007;0.731
2025-04-10 15:00:00+00:00;2.238;0.011;0.911
2025-04-10 15:15:00+00:00;1.229;0.006;0.405
2025-04-10 15:30:00+00:00;0.666;0.003;0.143
2025-04-10 15:45:00+00:00;0.565;0.003;0.088
2025-04-10 16:00:00+00:00;0.654;0.003;0.055
2025-04-10 16:15:00+00:00;1.635;0.013;0.0
2025-04-10 16:30:00+00:00;2.34;0.02;0.0
2025-04-10 16:45:00+00:00;2.204;0.024;0.0
2025-04-10 17:00:00+00:00;1.628;0.02;0.0
2025-04-10 17:15:00+00:00;0.493;0.011;0.0
2025-04-10 17:30:00+00:00;0.548;0.024;0.0
2025-04-10 17:45:00+00:00;0.0;0.028;0.0
2025-04-10 18:00:00+00:00;0.0;0.024;0.0
2025-04-10 18:15:00+00:00;0.0;0.02;0.0
2025-04-10 18:30:00+00:00;0.0;0.024;0.0
2025-04-10 18:45:00+00:00;0.0;0.016;0.0
2025-04-10 19:00:00+00:00;0.0;0.02;0.0
2025-04-10 19:15:00+00:00;0.0;0.0;0.0
2025-04-10 19:30:00+00:00;0.0;0.0;0.0
2025-04-10 19:45:00+00:00;0.0;0.0;0.0
2025-04-10 20:00:00+00:00;0.0;0.0;0.0
2025-04-10 20:15:00+00:00;0.0;0.0;0.0
2025-04-10 20:30:00+00:00;0.0;0.0;0.0
2025-04-10 20:45:00+00:00;0.0;0.0;0.0
2025-04-10 21:00:00+00:00;0.0;0.0;0.0
2025-04-10 21:15:00+00:00;0.0;0.0;0.0
2025-04-10 21:30:00+00:00;0.0;0.0;0.0
2025-04-10 21:45:00+00:00;0.0;0.0;0.0
2025-04-10 22:00:00+00:00;0.0;0.0;0.0
2025-04-10 22:15:00+00:00;0.0;0.0;0.0
2025-04-10 22:30:00+00:00;0.0;0.0;0.0
2025-04-10 22:45:00+00:00;0.0;0.0;0.0
2025-04-10 23:00:00+00:00;0.0;0.0;0.0
2025-04-10 23:15:00+00:00;0.0;0.0;0.0
2025-04-10 23:30:00+00:00;0.0;0.0;0.0
2025-04-10 23:45:00+00:00;0.0;0.0;0.0
2025-04-11 00:00:00+00:00;0.0;0.0;0.0
2025-04-11 00:15:00+00:00;0.0;0.0;0.0
2025-04-11 00:30:00+00:00;0.0;0.0;0.0
2025-04-11 00:45:00+00:00;0.0;0.0;0.0
2025-04-11 01:00:00+00:00;0.0;0.0;0.0
2025-04-11 01:15:00+00:00;0.0;0.0;0.0
2025-04-11 01:30:00+00:00;0.0;0.0;0.0
2025-04-11 01:45:00+00:00;0.0;0.0;0.0
2025-04-11 02:00:00+00:00;0.0;0.0;0.0
2025-04-11 02:15:00+00:00;0.0;0.0;0.0
2025-04-11 02:30:00+00:00;0.0;0.0;0.0
2025-04-11 02:45:00+00:00;0.0;0.0;0.0
2025-04-11 03:00:00+00:00;0.0;0.0;0.0
2025-04-11 03:15:00+00:00;0.0;0.0;0.0
2025-04-11 03:30:00+00:00;0.0;0.0;0.0
2025-04-11 03:45:00+00:00;0.0;0.0;0.0
2025-04-11 04:00:00+00:00;0.0;0.0;0.0
2025-04-11 04:15:00+00:00;0.0;0.0;0.0
2025-04-11 04:30:00+00:00;0.0;0.0;0.0
2025-04-11 04:45:00+00:00;0.0;0.0;0.0
2025-04-11 05:00:00+00:00;0.0;0.0;0.0
2025-04-11 05:15:00+00:00;0.0;0.0;0.0
2025-04-11 05:30:00+00:00;0.0;0.0;0.0
2025-04-11 05:45:00+00:00;0.0;0.0;0.0
2025-04-11 06:00:00+00:00;0.0;0.0;1.976
2025-04-11 06:15:00+00:00;0.0;0.0;2.056
2025-04-11 06:30:00+00:00;0.0;0.0;0.0
2025-04-11 06:45:00+00:00;0.027;0.0;0.697
2025-04-11 07:00:00+00:00;0.114;0.0;1.506
2025-04-11 07:15:00+00:00;0.075;0.0;0.465
2025-04-11 07:30:00+00:00;0.061;0.003;0.304
2025-04-11 07:45:00+00:00;0.424;0.016;0.68
2025-04-11 08:00:00+00:00;1.663;0.0;1.421
2025-04-11 08:15:00+00:00;0.159;0.011;0.398
2025-04-11 08:30:00+00:00;0.867;0.052;1.765
2025-04-11 08:45:00+00:00;0.616;0.055;1.417
2025-04-11 09:00:00+00:00;0.0;0.023;0.585
2025-04-11 09:15:00+00:00;0.177;0.021;0.426
2025-04-11 09:30:00+00:00;0.273;0.013;0.206
2025-04-11 09:45:00+00:00;0.16;0.001;0.251
2025-04-11 10:00:00+00:00;0.189;0.001;0.306
2025-04-11 10:15:00+00:00;0.177;0.001;0.246
2025-04-11 10:30:00+00:00;0.132;0.001;0.243
2025-04-11 10:45:00+00:00;0.182;0.001;0.289
2025-04-11 11:00:00+00:00;0.177;0.001;0.206
2025-04-11 11:15:00+00:00;0.187;0.001;0.22
2025-04-11 11:30:00+00:00;0.199;0.001;0.24
2025-04-11 11:45:00+00:00;0.181;0.001;0.19
2025-04-11 12:00:00+00:00;0.221;0.001;0.214
2025-04-11 12:15:00+00:00;0.21;0.001;0.201
2025-04-11 12:30:00+00:00;1.15;0.004;1.046
2025-04-11 12:45:00+00:00;1.125;0.004;1.231
2025-04-11 13:00:00+00:00;0.181;0.001;0.234
2025-04-11 13:15:00+00:00;0.313;0.001;0.31
2025-04-11 13:30:00+00:00;0.37;0.002;0.292
2025-04-11 13:45:00+00:00;0.285;0.001;0.202
2025-04-11 14:00:00+00:00;0.227;0.007;0.154
2025-04-11 14:15:00+00:00;0.244;0.055;0.153
2025-04-11 14:30:00+00:00;0.285;0.066;0.165
2025-04-11 14:45:00+00:00;0.44;0.092;0.232
2025-04-11 15:00:00+00:00;0.325;0.057;0.134
2025-04-11 15:15:00+00:00;0.333;0.053;0.11
2025-04-11 15:30:00+00:00;0.299;0.045;0.064
2025-04-11 15:45:00+00:00;0.29;0.037;0.041
2025-04-11 16:00:00+00:00;0.318;0.043;0.027
2025-04-11 16:15:00+00:00;0.418;0.048;0.026
2025-04-11 16:30:00+00:00;0.379;0.009;0.02
2025-04-11 16:45:00+00:00;0.24;0.002;0.01
2025-04-11 17:00:00+00:00;0.328;0.004;0.0
2025-04-11 17:15:00+00:00;0.442;0.006;0.0
2025-04-11 17:30:00+00:00;0.924;0.024;0.0
2025-04-11 17:45:00+00:00;0.292;0.028;0.0
2025-04-11 18:00:00+00:00;0.0;0.028;0.0
2025-04-11 18:15:00+00:00;0.0;0.024;0.0
2025-04-11 18:30:00+00:00;0.0;0.02;0.0
2025-04-11 18:45:00+00:00;0.0;0.024;0.0
2025-04-11 19:00:00+00:00;0.0;0.024;0.0
2025-04-11 19:15:00+00:00;0.0;0.024;0.0
2025-04-11 19:30:00+00:00;0.0;0.0;0.0
2025-04-11 19:45:00+00:00;0.0;0.0;0.0
2025-04-11 20:00:00+00:00;0.0;0.0;0.0
2025-04-11 20:15:00+00:00;0.0;0.0;0.0
2025-04-11 20:30:00+00:00;0.0;0.0;0.0
2025-04-11 20:45:00+00:00;0.0;0.0;0.0
2025-04-11 21:00:00+00:00;0.0;0.0;0.0
2025-04-11 21:15:00+00:00;0.0;0.0;0.0
2025-04-11 21:30:00+00:00;0.0;0.0;0.0
2025-04-11 21:45:00+00:00;0.0;0.0;0.0
2025-04-11 22:00:00+00:00;0.0;0.0;0.0
2025-04-11 22:15:00+00:00;0.0;0.0;0.0
2025-04-11 22:30:00+00:00;0.0;0.0;0.0
2025-04-11 22:45:00+00:00;0.0;0.0;0.0
2025-04-11 23:00:00+00:00;0.0;0.0;0.0
2025-04-11 23:15:00+00:00;0.0;0.0;0.0
2025-04-11 23:30:00+00:00;0.0;0.0;0.0
2025-04-11 23:45:00+00:00;0.0;0.0;0.0
2025-04-12 00:00:00+00:00;0.0;0.0;0.0
2025-04-12 00:15:00+00:00;0.0;0.0;0.0
2025-04-12 00:30:00+00:00;0.0;0.0;0.0
2025-04-12 00:45:00+00:00;0.0;0.0;0.0
2025-04-12 01:00:00+00:00;0.0;0.0;0.0
2025-04-12 01:15:00+00:00;0.0;0.0;0.0
2025-04-12 01:30:00+00:00;0.0;0.0;0.0
2025-04-12 01:45:00+00:00;0.0;0.0;0.0
2025-04-12 02:00:00+00:00;0.0;0.0;0.0
2025-04-12 02:15:00+00:00;0.0;0.0;0.0
2025-04-12 02:30:00+00:00;0.0;0.0;0.0
2025-04-12 02:45:00+00:00;0.0;0.0;0.0
2025-04-12 03:00:00+00:00;0.0;0.0;0.0
2025-04-12 03:15:00+00:00;0.0;0.0;0.0
2025-04-12 03:30:00+00:00;0.0;0.0;0.0
2025-04-12 03:45:00+00:00;0.0;0.0;0.0
2025-04-12 04:00:00+00:00;0.0;0.0;0.0
2025-04-12 04:15:00+00:00;0.0;0.0;0.0
2025-04-12 04:30:00+00:00;0.0;0.0;0.0
2025-04-12 04:45:00+00:00;0.0;0.0;0.0
2025-04-12 05:00:00+00:00;0.0;0.0;0.0
2025-04-12 05:15:00+00:00;0.0;0.0;0.0
2025-04-12 05:30:00+00:00;0.0;0.0;0.0
2025-04-12 05:45:00+00:00;0.0;0.0;0.0
2025-04-12 06:00:00+00:00;0.0;0.0;1.564
2025-04-12 06:15:00+00:00;0.0;0.0;0.0
2025-04-12 06:30:00+00:00;0.0;0.0;0.0
2025-04-12 06:45:00+00:00;0.0;0.0;0.0
2025-04-12 07:00:00+00:00;0.152;0.0;0.0
2025-04-12 07:15:00+00:00;0.172;0.0;0.0
2025-04-12 07:30:00+00:00;0.0;0.0;0.0
2025-04-12 07:45:00+00:00;0.176;0.092;0.0
2025-04-12 08:00:00+00:00;0.287;0.048;0.197
2025-04-12 08:15:00+00:00;0.413;0.049;0.198
2025-04-12 08:30:00+00:00;0.595;0.034;0.315
2025-04-12 08:45:00+00:00;1.1;0.092;0.0
2025-04-12 09:00:00+00:00;2.606;0.178;0.0
2025-04-12 09:15:00+00:00;1.056;0.055;0.649
2025-04-12 09:30:00+00:00;1.592;0.033;0.975
2025-04-12 09:45:00+00:00;0.445;0.002;0.209
2025-04-12 10:00:00+00:00;0.928;0.001;1.207
2025-04-12 10:15:00+00:00;2.599;0.0;3.333
2025-04-12 10:30:00+00:00;4.428;0.0;4.612
2025-04-12 10:45:00+00:00;5.92;0.0;2.348
2025-04-12 11:00:00+00:00;6.16;0.0;2.244
2025-04-12 11:15:00+00:00;5.983;0.025;1.928
2025-04-12 11:30:00+00:00;5.371;0.0;1.677
2025-04-12 11:45:00+00:00;5.582;0.0;1.57
2025-04-12 12:00:00+00:00;5.731;0.0;1.533
2025-04-12 12:15:00+00:00;6.118;0.0;1.366
2025-04-12 12:30:00+00:00;6.377;0.0;1.267
2025-04-12 12:45:00+00:00;7.128;0.0;1.08
2025-04-12 13:00:00+00:00;7.304;0.0;0.812
2025-04-12 13:15:00+00:00;6.748;0.0;0.472
2025-04-12 13:30:00+00:00;6.476;0.0;0.124
2025-04-12 13:45:00+00:00;6.856;0.0;0.0
2025-04-12 14:00:00+00:00;6.88;0.0;0.0
2025-04-12 14:15:00+00:00;6.66;0.052;0.0
2025-04-12 14:30:00+00:00;2.009;0.047;0.0
2025-04-12 14:45:00+00:00;2.463;0.017;0.0
2025-04-12 15:00:00+00:00;3.288;0.032;0.0
2025-04-12 15:15:00+00:00;0.0;0.004;0.0
2025-04-12 15:30:00+00:00;0.0;0.0;0.0
2025-04-12 15:45:00+00:00;0.572;0.012;0.0
2025-04-12 16:00:00+00:00;2.052;0.052;0.0
2025-04-12 16:15:00+00:00;1.104;0.048;0.0
2025-04-12 16:30:00+00:00;0.0;0.12;0.0
2025-04-12 16:45:00+00:00;0.26;0.112;0.0
2025-04-12 17:00:00+00:00;0.088;0.092;0.0
2025-04-12 17:15:00+00:00;0.524;0.024;0.0
2025-04-12 17:30:00+00:00;0.0;0.024;0.0
2025-04-12 17:45:00+00:00;0.0;0.02;0.0
2025-04-12 18:00:00+00:00;0.0;0.012;0.0
2025-04-12 18:15:00+00:00;0.0;0.0;0.0
2025-04-12 18:30:00+00:00;0.0;0.0;0.0
2025-04-12 18:45:00+00:00;0.0;0.0;0.0
2025-04-12 19:00:00+00:00;0.0;0.0;0.0
2025-04-12 19:15:00+00:00;0.0;0.0;0.0
2025-04-12 19:30:00+00:00;0.0;0.0;0.0
2025-04-12 19:45:00+00:00;0.0;0.0;0.0
2025-04-12 20:00:00+00:00;0.0;0.0;0.0
2025-04-12 20:15:00+00:00;0.0;0.0;0.0
2025-04-12 20:30:00+00:00;0.0;0.0;0.0
2025-04-12 20:45:00+00:00;0.0;0.0;0.0
2025-04-12 21:00:00+00:00;0.0;0.0;0.0
2025-04-12 21:15:00+00:00;0.0;0.0;0.0
2025-04-12 21:30:00+00:00;0.0;0.0;0.0
2025-04-12 21:45:00+00:00;0.0;0.0;0.0
2025-04-12 22:00:00+00:00;0.0;0.0;0.0
2025-04-12 22:15:00+00:00;0.0;0.0;0.0
2025-04-12 22:30:00+00:00;0.0;0.0;0.0
2025-04-12 22:45:00+00:00;0.0;0.0;0.0
2025-04-12 23:00:00+00:00;0.0;0.0;0.0
2025-04-12 23:15:00+00:00;0.0;0.0;0.0
2025-04-12 23:30:00+00:00;0.0;0.0;0.0
2025-04-12 23:45:00+00:00;0.0;0.0;0.0
2025-04-13 00:00:00+00:00;0.0;0.0;0.0
2025-04-13 00:15:00+00:00;0.0;0.0;0.0
2025-04-13 00:30:00+00:00;0.0;0.0;0.0
2025-04-13 00:45:00+00:00;0.0;0.0;0.0
2025-04-13 01:00:00+00:00;0.0;0.0;0.0
2025-04-13 01:15:00+00:00;0.0;0.0;0.0
2025-04-13 01:30:00+00:00;0.0;0.0;0.0
2025-04-13 01:45:00+00:00;0.0;0.0;0.0
2025-04-13 02:00:00+00:00;0.0;0.0;0.0
2025-04-13 02:15:00+00:00;0.0;0.0;0.0
2025-04-13 02:30:00+00:00;0.0;0.0;0.0
2025-04-13 02:45:00+00:00;0.0;0.0;0.0
2025-04-13 03:00:00+00:00;0.0;0.0;0.0
2025-04-13 03:15:00+00:00;0.0;0.0;0.0
2025-04-13 03:30:00+00:00;0.0;0.0;0.0
2025-04-13 03:45:00+00:00;0.0;0.0;0.0
2025-04-13 04:00:00+00:00;0.0;0.0;0.0
2025-04-13 04:15:00+00:00;0.0;0.0;0.0
2025-04-13 04:30:00+00:00;0.0;0.0;0.0
2025-04-13 04:45:00+00:00;0.0;0.0;0.0
2025-04-13 05:00:00+00:00;0.0;0.0;0.0
2025-04-13 05:15:00+00:00;0.0;0.0;0.0
2025-04-13 05:30:00+00:00;0.0;0.0;0.0
2025-04-13 05:45:00+00:00;0.0;0.0;0.0
2025-04-13 06:00:00+00:00;0.0;0.0;0.0
2025-04-13 06:15:00+00:00;0.0;0.0;0.0
2025-04-13 06:30:00+00:00;0.0;0.0;0.0
2025-04-13 06:45:00+00:00;0.0;0.0;0.0
2025-04-13 07:00:00+00:00;0.0;0.0;0.0
2025-04-13 07:15:00+00:00;0.238;0.002;0.316
2025-04-13 07:30:00+00:00;0.272;0.002;0.382
2025-04-13 07:45:00+00:00;0.036;0.0;0.0
2025-04-13 08:00:00+00:00;0.0;0.008;0.0
2025-04-13 08:15:00+00:00;0.0;0.048;0.0
2025-04-13 08:30:00+00:00;0.0;0.196;0.0
2025-04-13 08:45:00+00:00;1.164;0.264;0.0
2025-04-13 09:00:00+00:00;0.036;0.136;0.0
2025-04-13 09:15:00+00:00;0.0;0.016;0.644
2025-04-13 09:30:00+00:00;0.0;0.0;0.716
2025-04-13 09:45:00+00:00;0.0;0.0;0.824
2025-04-13 10:00:00+00:00;0.412;0.06;0.0
2025-04-13 10:15:00+00:00;0.0;0.108;0.0
2025-04-13 10:30:00+00:00;0.0;0.0;0.068
2025-04-13 10:45:00+00:00;0.332;0.0;0.464
2025-04-13 11:00:00+00:00;0.62;0.0;0.832
2025-04-13 11:15:00+00:00;0.728;0.0;0.0
2025-04-13 11:30:00+00:00;0.144;0.0;0.0
2025-04-13 11:45:00+00:00;0.252;0.008;0.28
2025-04-13 12:00:00+00:00;0.372;0.012;0.568
2025-04-13 12:15:00+00:00;0.268;0.0;0.0
2025-04-13 12:30:00+00:00;0.42;0.0;0.0
2025-04-13 12:45:00+00:00;1.188;0.088;0.0
2025-04-13 13:00:00+00:00;1.476;0.012;0.0
2025-04-13 13:15:00+00:00;0.944;0.016;0.0
2025-04-13 13:30:00+00:00;0.0;0.0;0.0
2025-04-13 13:45:00+00:00;0.273;0.026;0.213
2025-04-13 14:00:00+00:00;0.237;0.002;0.185
2025-04-13 14:15:00+00:00;0.911;0.005;0.672
2025-04-13 14:30:00+00:00;4.264;0.024;0.0
2025-04-13 14:45:00+00:00;1.093;0.011;0.0
2025-04-13 15:00:00+00:00;0.254;0.003;0.151
2025-04-13 15:15:00+00:00;0.142;0.002;0.096
2025-04-13 15:30:00+00:00;0.26;0.004;0.144
2025-04-13 15:45:00+00:00;0.896;0.02;0.0
2025-04-13 16:00:00+00:00;0.0;0.024;0.0
2025-04-13 16:15:00+00:00;0.0;0.024;0.0
2025-04-13 16:30:00+00:00;0.0;0.016;0.0
2025-04-13 16:45:00+00:00;0.036;0.0;0.0
2025-04-13 17:00:00+00:00;0.508;0.0;0.332
2025-04-13 17:15:00+00:00;0.0;0.0;0.0
2025-04-13 17:30:00+00:00;0.008;0.0;0.0
2025-04-13 17:45:00+00:00;0.0;0.0;0.0
2025-04-13 18:00:00+00:00;0.0;0.0;0.0
2025-04-13 18:15:00+00:00;0.0;0.0;0.0
2025-04-13 18:30:00+00:00;0.0;0.0;0.0
2025-04-13 18:45:00+00:00;0.0;0.0;0.0
2025-04-13 19:00:00+00:00;0.0;0.0;0.0
2025-04-13 19:15:00+00:00;0.0;0.0;0.0
2025-04-13 19:30:00+00:00;0.0;0.0;0.0
2025-04-13 19:45:00+00:00;0.0;0.0;0.0
2025-04-13 20:00:00+00:00;0.0;0.0;0.0
2025-04-13 20:15:00+00:00;0.0;0.0;0.0
2025-04-13 20:30:00+00:00;0.0;0.0;0.0
2025-04-13 20:45:00+00:00;0.0;0.0;0.0
2025-04-13 21:00:00+00:00;0.0;0.0;0.0
2025-04-13 21:15:00+00:00;0.0;0.0;0.0
2025-04-13 21:30:00+00:00;0.0;0.0;0.0
2025-04-13 21:45:00+00:00;0.0;0.0;0.0
2025-04-13 22:00:00+00:00;0.0;0.0;0.0
2025-04-13 22:15:00+00:00;0.0;0.0;0.0
2025-04-13 22:30:00+00:00;0.0;0.0;0.0
2025-04-13 22:45:00+00:00;0.0;0.0;0.0
2025-04-13 23:00:00+00:00;0.0;0.0;0.0
2025-04-13 23:15:00+00:00;0.0;0.0;0.0
2025-04-13 23:30:00+00:00;0.0;0.0;0.0
2025-04-13 23:45:00+00:00;0.0;0.0;0.0
2025-04-14 00:00:00+00:00;0.0;0.0;0.0
2025-04-14 00:15:00+00:00;0.0;0.0;0.0
2025-04-14 00:30:00+00:00;0.0;0.0;0.0
2025-04-14 00:45:00+00:00;0.0;0.0;0.0
2025-04-14 01:00:00+00:00;0.0;0.0;0.0
2025-04-14 01:15:00+00:00;0.0;0.0;0.0
2025-04-14 01:30:00+00:00;0.0;0.0;0.0
2025-04-14 01:45:00+00:00;0.0;0.0;0.0
2025-04-14 02:00:00+00:00;0.0;0.0;0.0
2025-04-14 02:15:00+00:00;0.0;0.0;0.0
2025-04-14 02:30:00+00:00;0.0;0.0;0.0
2025-04-14 02:45:00+00:00;0.0;0.0;0.0
2025-04-14 03:00:00+00:00;0.0;0.0;0.0
2025-04-14 03:15:00+00:00;0.0;0.0;0.0
2025-04-14 03:30:00+00:00;0.0;0.0;0.0
2025-04-14 03:45:00+00:00;0.0;0.0;0.0
2025-04-14 04:00:00+00:00;0.0;0.0;0.0
2025-04-14 04:15:00+00:00;0.0;0.0;0.0
2025-04-14 04:30:00+00:00;0.0;0.0;0.0
2025-04-14 04:45:00+00:00;0.0;0.0;0.0
2025-04-14 05:00:00+00:00;0.0;0.0;0.0
2025-04-14 05:15:00+00:00;0.0;0.0;0.0
2025-04-14 05:30:00+00:00;0.0;0.0;0.772
2025-04-14 05:45:00+00:00;0.0;0.0;0.0
2025-04-14 06:00:00+00:00;0.0;0.0;0.3
2025-04-14 06:15:00+00:00;0.144;0.0;0.0
2025-04-14 06:30:00+00:00;0.06;0.0;0.0
2025-04-14 06:45:00+00:00;0.127;0.0;0.689
2025-04-14 07:00:00+00:00;0.401;0.006;0.749
2025-04-14 07:15:00+00:00;0.246;0.033;0.037
2025-04-14 07:30:00+00:00;0.0;0.068;1.604
2025-04-14 07:45:00+00:00;0.0;0.102;4.534
2025-04-14 08:00:00+00:00;0.098;0.012;0.458
2025-04-14 08:15:00+00:00;1.952;0.0;4.316
2025-04-14 08:30:00+00:00;1.033;0.0;1.979
2025-04-14 08:45:00+00:00;1.037;0.004;1.731
2025-04-14 09:00:00+00:00;0.687;0.007;0.158
2025-04-14 09:15:00+00:00;0.41;0.005;0.569
2025-04-14 09:30:00+00:00;0.427;0.006;0.927
2025-04-14 09:45:00+00:00;0.45;0.015;0.427
2025-04-14 10:00:00+00:00;0.907;0.015;0.934
2025-04-14 10:15:00+00:00;0.614;0.007;0.687
2025-04-14 10:30:00+00:00;0.575;0.01;0.499
2025-04-14 10:45:00+00:00;1.446;0.01;1.372
2025-04-14 11:00:00+00:00;1.661;0.01;1.733
2025-04-14 11:15:00+00:00;1.048;0.017;1.195
2025-04-14 11:30:00+00:00;1.258;0.008;1.33
2025-04-14 11:45:00+00:00;2.676;0.05;2.414
2025-04-14 12:00:00+00:00;1.899;0.014;1.719
2025-04-14 12:15:00+00:00;0.698;0.023;0.695
2025-04-14 12:30:00+00:00;0.597;0.001;0.59
2025-04-14 12:45:00+00:00;1.671;0.004;1.565
2025-04-14 13:00:00+00:00;1.903;0.007;1.538
2025-04-14 13:15:00+00:00;2.283;0.007;1.838
2025-04-14 13:30:00+00:00;1.943;0.014;1.635
2025-04-14 13:45:00+00:00;0.278;0.008;0.194
2025-04-14 14:00:00+00:00;0.284;0.004;0.196
2025-04-14 14:15:00+00:00;0.255;0.001;0.184
2025-04-14 14:30:00+00:00;0.324;0.001;0.183
2025-04-14 14:45:00+00:00;0.358;0.001;0.185
2025-04-14 15:00:00+00:00;0.387;0.003;0.174
2025-04-14 15:15:00+00:00;0.306;0.001;0.117
2025-04-14 15:30:00+00:00;0.768;0.003;0.225
2025-04-14 15:45:00+00:00;2.449;0.012;0.499
2025-04-14 16:00:00+00:00;1.974;0.011;0.215
2025-04-14 16:15:00+00:00;0.484;0.004;0.032
2025-04-14 16:30:00+00:00;0.388;0.004;0.02
2025-04-14 16:45:00+00:00;0.478;0.006;0.0
2025-04-14 17:00:00+00:00;1.317;0.015;0.0
2025-04-14 17:15:00+00:00;1.22;0.024;0.0
2025-04-14 17:30:00+00:00;0.744;0.024;0.0
2025-04-14 17:45:00+00:00;0.0;0.02;0.0
2025-04-14 18:00:00+00:00;0.0;0.02;0.0
2025-04-14 18:15:00+00:00;0.0;0.0;0.0
2025-04-14 18:30:00+00:00;0.0;0.0;0.0
2025-04-14 18:45:00+00:00;0.0;0.0;0.0
2025-04-14 19:00:00+00:00;0.0;0.0;0.0
2025-04-14 19:15:00+00:00;0.0;0.0;0.0
2025-04-14 19:30:00+00:00;0.0;0.0;0.0
2025-04-14 19:45:00+00:00;0.0;0.0;0.0
2025-04-14 20:00:00+00:00;0.0;0.0;0.0
2025-04-14 20:15:00+00:00;0.0;0.0;0.0
2025-04-14 20:30:00+00:00;0.0;0.0;0.0
2025-04-14 20:45:00+00:00;0.0;0.0;0.0
2025-04-14 21:00:00+00:00;0.0;0.0;0.0
2025-04-14 21:15:00+00:00;0.0;0.0;0.0
2025-04-14 21:30:00+00:00;0.0;0.0;0.0
2025-04-14 21:45:00+00:00;0.0;0.0;0.0
2025-04-14 22:00:00+00:00;0.0;0.0;0.0
2025-04-14 22:15:00+00:00;0.0;0.0;0.0
2025-04-14 22:30:00+00:00;0.0;0.0;0.0
2025-04-14 22:45:00+00:00;0.0;0.0;0.0
2025-04-14 23:00:00+00:00;0.0;0.0;0.0
2025-04-14 23:15:00+00:00;0.0;0.0;0.0
2025-04-14 23:30:00+00:00;0.0;0.0;0.0
2025-04-14 23:45:00+00:00;0.0;0.0;0.0
2025-04-15 00:00:00+00:00;0.0;0.0;0.0
2025-04-15 00:15:00+00:00;0.0;0.0;0.0
2025-04-15 00:30:00+00:00;0.0;0.0;0.0
2025-04-15 00:45:00+00:00;0.0;0.0;0.0
2025-04-15 01:00:00+00:00;0.0;0.0;0.0
2025-04-15 01:15:00+00:00;0.0;0.0;0.0
2025-04-15 01:30:00+00:00;0.0;0.0;0.0
2025-04-15 01:45:00+00:00;0.0;0.0;0.0
2025-04-15 02:00:00+00:00;0.0;0.0;0.0
2025-04-15 02:15:00+00:00;0.0;0.0;0.0
2025-04-15 02:30:00+00:00;0.0;0.0;0.0
2025-04-15 02:45:00+00:00;0.0;0.0;0.0
2025-04-15 03:00:00+00:00;0.0;0.0;0.0
2025-04-15 03:15:00+00:00;0.0;0.0;0.0
2025-04-15 03:30:00+00:00;0.0;0.0;0.0
2025-04-15 03:45:00+00:00;0.0;0.0;0.0
2025-04-15 04:00:00+00:00;0.0;0.0;0.0
2025-04-15 04:15:00+00:00;0.0;0.0;0.0
2025-04-15 04:30:00+00:00;0.0;0.0;0.0
2025-04-15 04:45:00+00:00;0.0;0.0;0.0
2025-04-15 05:00:00+00:00;0.0;0.0;0.0
2025-04-15 05:15:00+00:00;0.0;0.0;0.0
2025-04-15 05:30:00+00:00;0.0;0.0;0.0
2025-04-15 05:45:00+00:00;0.0;0.0;0.744
2025-04-15 06:00:00+00:00;0.06;0.0;0.228
2025-04-15 06:15:00+00:00;0.0;0.0;0.256
2025-04-15 06:30:00+00:00;0.0;0.0;0.0
2025-04-15 06:45:00+00:00;0.0;0.0;0.0
2025-04-15 07:00:00+00:00;0.337;0.059;0.788
2025-04-15 07:15:00+00:00;0.279;0.054;0.423
2025-04-15 07:30:00+00:00;0.268;0.03;0.466
2025-04-15 07:45:00+00:00;0.246;0.046;0.12
2025-04-15 08:00:00+00:00;0.723;0.113;0.0
2025-04-15 08:15:00+00:00;0.608;0.028;0.0
2025-04-15 08:30:00+00:00;0.364;0.0;0.0
2025-04-15 08:45:00+00:00;0.548;0.044;0.0
2025-04-15 09:00:00+00:00;2.2;0.124;0.0
2025-04-15 09:15:00+00:00;0.211;0.003;0.25
2025-04-15 09:30:00+00:00;0.192;0.001;0.323
2025-04-15 09:45:00+00:00;0.229;0.002;0.157
2025-04-15 10:00:00+00:00;2.216;0.024;0.0
2025-04-15 10:15:00+00:00;0.417;0.004;0.171
2025-04-15 10:30:00+00:00;0.27;0.004;0.31
2025-04-15 10:45:00+00:00;0.261;0.003;0.232
2025-04-15 11:00:00+00:00;1.333;0.015;0.0
2025-04-15 11:15:00+00:00;1.74;0.02;0.0
2025-04-15 11:30:00+00:00;0.254;0.003;0.315
2025-04-15 11:45:00+00:00;0.06;0.006;0.318
2025-04-15 12:00:00+00:00;0.628;0.028;0.0
2025-04-15 12:15:00+00:00;0.62;0.028;0.0
2025-04-15 12:30:00+00:00;0.174;0.008;0.386
2025-04-15 12:45:00+00:00;0.772;0.02;1.148
2025-04-15 13:00:00+00:00;0.0;0.024;0.0
2025-04-15 13:15:00+00:00;0.0;0.02;0.0
2025-04-15 13:30:00+00:00;0.456;0.02;0.0
2025-04-15 13:45:00+00:00;0.0;0.012;0.532
2025-04-15 14:00:00+00:00;0.0;0.011;0.793
2025-04-15 14:15:00+00:00;0.184;0.024;0.0
2025-04-15 14:30:00+00:00;1.968;0.012;0.0
2025-04-15 14:45:00+00:00;0.282;0.001;0.153
2025-04-15 15:00:00+00:00;0.398;0.003;0.247
2025-04-15 15:15:00+00:00;0.161;0.009;0.414
2025-04-15 15:30:00+00:00;1.6;0.02;0.0
2025-04-15 15:45:00+00:00;1.024;0.024;0.0
2025-04-15 16:00:00+00:00;0.456;0.003;0.049
2025-04-15 16:15:00+00:00;0.593;0.002;0.045
2025-04-15 16:30:00+00:00;1.69;0.01;0.0
2025-04-15 16:45:00+00:00;4.24;0.02;0.0
2025-04-15 17:00:00+00:00;3.192;0.02;0.0
2025-04-15 17:15:00+00:00;2.324;0.02;0.0
2025-04-15 17:30:00+00:00;1.056;0.02;0.0
2025-04-15 17:45:00+00:00;0.0;0.02;0.0
2025-04-15 18:00:00+00:00;0.0;0.004;0.0
2025-04-15 18:15:00+00:00;0.0;0.0;0.0
2025-04-15 18:30:00+00:00;0.0;0.0;0.0
2025-04-15 18:45:00+00:00;0.0;0.0;0.0
2025-04-15 19:00:00+00:00;0.0;0.0;0.0
2025-04-15 19:15:00+00:00;0.0;0.0;0.0
2025-04-15 19:30:00+00:00;0.0;0.0;0.0
2025-04-15 19:45:00+00:00;0.0;0.0;0.0
2025-04-15 20:00:00+00:00;0.0;0.0;0.0
2025-04-15 20:15:00+00:00;0.0;0.0;0.0
2025-04-15 20:30:00+00:00;0.0;0.0;0.0
2025-04-15 20:45:00+00:00;0.0;0.0;0.0
2025-04-15 21:00:00+00:00;0.0;0.0;0.0
2025-04-15 21:15:00+00:00;0.0;0.0;0.0
2025-04-15 21:30:00+00:00;0.0;0.0;0.0
2025-04-15 21:45:00+00:00;0.0;0.0;0.0
2025-04-15 22:00:00+00:00;0.0;0.0;0.0
2025-04-15 22:15:00+00:00;0.0;0.0;0.0
2025-04-15 22:30:00+00:00;0.0;0.0;0.0
2025-04-15 22:45:00+00:00;0.0;0.0;0.0
2025-04-15 23:00:00+00:00;0.0;0.0;0.0
2025-04-15 23:15:00+00:00;0.0;0.0;0.0
2025-04-15 23:30:00+00:00;0.0;0.0;0.0
2025-04-15 23:45:00+00:00;0.0;0.0;0.0
2025-04-16 00:00:00+00:00;0.0;0.0;0.0
2025-04-16 00:15:00+00:00;0.0;0.0;0.0
2025-04-16 00:30:00+00:00;0.0;0.0;0.0
2025-04-16 00:45:00+00:00;0.0;0.0;0.0
2025-04-16 01:00:00+00:00;0.0;0.0;0.0
2025-04-16 01:15:00+00:00;0.0;0.0;0.0
2025-04-16 01:30:00+00:00;0.0;0.0;0.0
2025-04-16 01:45:00+00:00;0.0;0.0;0.0
2025-04-16 02:00:00+00:00;0.0;0.0;0.0
2025-04-16 02:15:00+00:00;0.0;0.0;0.0
2025-04-16 02:30:00+00:00;0.0;0.0;0.0
2025-04-16 02:45:00+00:00;0.0;0.0;0.0
2025-04-16 03:00:00+00:00;0.0;0.0;0.0
2025-04-16 03:15:00+00:00;0.0;0.0;0.0
2025-04-16 03:30:00+00:00;0.0;0.0;0.0
2025-04-16 03:45:00+00:00;0.0;0.0;0.0
2025-04-16 04:00:00+00:00;0.0;0.0;0.0
2025-04-16 04:15:00+00:00;0.0;0.0;0.0
2025-04-16 04:30:00+00:00;0.0;0.0;0.0
2025-04-16 04:45:00+00:00;0.0;0.0;0.0
2025-04-16 05:00:00+00:00;0.0;0.0;0.0
2025-04-16 05:15:00+00:00;0.0;0.0;0.0
2025-04-16 05:30:00+00:00;0.0;0.0;0.0
2025-04-16 05:45:00+00:00;0.0;0.0;0.0
2025-04-16 06:00:00+00:00;0.0;0.0;0.0
2025-04-16 06:15:00+00:00;0.0;0.0;0.0
2025-04-16 06:30:00+00:00;0.0;0.0;0.0
2025-04-16 06:45:00+00:00;0.0;0.0;0.06
2025-04-16 07:00:00+00:00;0.0;0.0;0.02
2025-04-16 07:15:00+00:00;0.0;0.0;0.0
2025-04-16 07:30:00+00:00;0.0;0.0;0.0
2025-04-16 07:45:00+00:00;0.22;0.0;0.204
2025-04-16 08:00:00+00:00;0.432;0.0;0.272
2025-04-16 08:15:00+00:00;0.128;0.0;0.036
2025-04-16 08:30:00+00:00;0.592;0.0;0.0
2025-04-16 08:45:00+00:00;0.68;0.0;0.0
2025-04-16 09:00:00+00:00;0.236;0.0;0.0
2025-04-16 09:15:00+00:00;0.0;0.0;0.0
2025-04-16 09:30:00+00:00;0.0;0.0;0.0
2025-04-16 09:45:00+00:00;0.437;0.0;0.435
2025-04-16 10:00:00+00:00;0.18;0.0;0.732
2025-04-16 10:15:00+00:00;0.0;0.0;0.56
2025-04-16 10:30:00+00:00;0.0;0.0;0.0
2025-04-16 10:45:00+00:00;0.0;0.0;0.0
2025-04-16 11:00:00+00:00;0.58;0.0;0.64
2025-04-16 11:15:00+00:00;0.568;0.0;0.564
2025-04-16 11:30:00+00:00;1.036;0.004;0.428
2025-04-16 11:45:00+00:00;1.348;0.084;0.0
2025-04-16 12:00:00+00:00;0.648;0.02;0.0
2025-04-16 12:15:00+00:00;0.236;0.012;0.0
2025-04-16 12:30:00+00:00;0.0;0.0;0.0
2025-04-16 12:45:00+00:00;0.72;0.0;0.0
2025-04-16 13:00:00+00:00;0.16;0.0;0.0
2025-04-16 13:15:00+00:00;0.0;0.0;0.4
2025-04-16 13:30:00+00:00;0.0;0.0;0.42
2025-04-16 13:45:00+00:00;0.0;0.0;0.436
2025-04-16 14:00:00+00:00;0.0;0.0;0.0
2025-04-16 14:15:00+00:00;0.0;0.0;0.0
2025-04-16 14:30:00+00:00;0.0;0.0;0.388
2025-04-16 14:45:00+00:00;0.0;0.0;0.16
2025-04-16 15:00:00+00:00;0.0;0.0;0.0
2025-04-16 15:15:00+00:00;0.0;0.0;0.0
2025-04-16 15:30:00+00:00;0.0;0.0;0.0
2025-04-16 15:45:00+00:00;0.0;0.0;0.0
2025-04-16 16:00:00+00:00;0.0;0.0;0.0
2025-04-16 16:15:00+00:00;0.0;0.0;0.0
2025-04-16 16:30:00+00:00;0.0;0.0;0.0
2025-04-16 16:45:00+00:00;0.0;0.0;0.0
2025-04-16 17:00:00+00:00;0.0;0.0;0.0
2025-04-16 17:15:00+00:00;0.0;0.0;0.0
2025-04-16 17:30:00+00:00;0.0;0.0;0.0
2025-04-16 17:45:00+00:00;0.0;0.0;0.0
2025-04-16 18:00:00+00:00;0.0;0.0;0.0
2025-04-16 18:15:00+00:00;0.0;0.0;0.0
2025-04-16 18:30:00+00:00;0.0;0.0;0.0
2025-04-16 18:45:00+00:00;0.0;0.0;0.0
2025-04-16 19:00:00+00:00;0.0;0.0;0.0
2025-04-16 19:15:00+00:00;0.0;0.0;0.0
2025-04-16 19:30:00+00:00;0.0;0.0;0.0
2025-04-16 19:45:00+00:00;0.0;0.0;0.0
2025-04-16 20:00:00+00:00;0.0;0.0;0.0
2025-04-16 20:15:00+00:00;0.0;0.0;0.0
2025-04-16 20:30:00+00:00;0.0;0.0;0.0
2025-04-16 20:45:00+00:00;0.0;0.0;0.0
2025-04-16 21:00:00+00:00;0.0;0.0;0.0
2025-04-16 21:15:00+00:00;0.0;0.0;0.0
2025-04-16 21:30:00+00:00;0.0;0.0;0.0
2025-04-16 21:45:00+00:00;0.0;0.0;0.0
2025-04-16 22:00:00+00:00;0.0;0.0;0.0
2025-04-16 22:15:00+00:00;0.0;0.0;0.0
2025-04-16 22:30:00+00:00;0.0;0.0;0.0
2025-04-16 22:45:00+00:00;0.0;0.0;0.0
2025-04-16 23:00:00+00:00;0.0;0.0;0.0
2025-04-16 23:15:00+00:00;0.0;0.0;0.0
2025-04-16 23:30:00+00:00;0.0;0.0;0.0
2025-04-16 23:45:00+00:00;0.0;0.0;0.0
2025-04-17 00:00:00+00:00;0.0;0.0;0.0
2025-04-17 00:15:00+00:00;0.0;0.0;0.0
2025-04-17 00:30:00+00:00;0.0;0.0;0.0
2025-04-17 00:45:00+00:00;0.0;0.0;0.0
2025-04-17 01:00:00+00:00;0.0;0.0;0.0
2025-04-17 01:15:00+00:00;0.0;0.0;0.0
2025-04-17 01:30:00+00:00;0.0;0.0;0.0
2025-04-17 01:45:00+00:00;0.0;0.0;0.0
2025-04-17 02:00:00+00:00;0.0;0.0;0.0
2025-04-17 02:15:00+00:00;0.0;0.0;0.0
2025-04-17 02:30:00+00:00;0.0;0.0;0.0
2025-04-17 02:45:00+00:00;0.0;0.0;0.0
2025-04-17 03:00:00+00:00;0.0;0.0;0.0
2025-04-17 03:15:00+00:00;0.0;0.0;0.0
2025-04-17 03:30:00+00:00;0.0;0.0;0.0
2025-04-17 03:45:00+00:00;0.0;0.0;0.0
2025-04-17 04:00:00+00:00;0.0;0.0;0.0
2025-04-17 04:15:00+00:00;0.0;0.0;0.0
2025-04-17 04:30:00+00:00;0.0;0.0;0.0
2025-04-17 04:45:00+00:00;0.0;0.0;0.0
2025-04-17 05:00:00+00:00;0.0;0.0;0.0
2025-04-17 05:15:00+00:00;0.0;0.0;0.0
2025-04-17 05:30:00+00:00;0.0;0.0;0.0
2025-04-17 05:45:00+00:00;0.0;0.0;0.0
2025-04-17 06:00:00+00:00;0.0;0.0;0.0
2025-04-17 06:15:00+00:00;0.0;0.0;0.0
2025-04-17 06:30:00+00:00;0.0;0.0;0.0
2025-04-17 06:45:00+00:00;0.0;0.0;0.024
2025-04-17 07:00:00+00:00;0.0;0.0;0.032
2025-04-17 07:15:00+00:00;0.0;0.0;0.0
2025-04-17 07:30:00+00:00;0.0;0.0;0.0
2025-04-17 07:45:00+00:00;0.0;0.0;0.0
2025-04-17 08:00:00+00:00;0.0;0.0;0.0
2025-04-17 08:15:00+00:00;0.0;0.0;0.0
2025-04-17 08:30:00+00:00;0.0;0.0;0.0
2025-04-17 08:45:00+00:00;0.0;0.0;0.528
2025-04-17 09:00:00+00:00;0.0;0.0;0.368
2025-04-17 09:15:00+00:00;0.0;0.0;0.0
2025-04-17 09:30:00+00:00;0.0;0.0;0.0
2025-04-17 09:45:00+00:00;0.0;0.0;0.0
2025-04-17 10:00:00+00:00;0.392;0.0;0.0
2025-04-17 10:15:00+00:00;0.264;0.0;0.0
2025-04-17 10:30:00+00:00;0.028;0.0;0.0
2025-04-17 10:45:00+00:00;0.0;0.0;0.0
2025-04-17 11:00:00+00:00;0.648;0.0;0.776
2025-04-17 11:15:00+00:00;0.716;0.0;0.684
2025-04-17 11:30:00+00:00;1.16;0.0;0.0
2025-04-17 11:45:00+00:00;0.892;0.0;0.0
2025-04-17 12:00:00+00:00;0.0;0.0;0.0
2025-04-17 12:15:00+00:00;0.0;0.0;0.0
2025-04-17 12:30:00+00:00;0.0;0.0;0.0
2025-04-17 12:45:00+00:00;0.42;0.0;0.0
2025-04-17 13:00:00+00:00;0.0;0.0;0.412
2025-04-17 13:15:00+00:00;0.0;0.0;0.388
2025-04-17 13:30:00+00:00;0.0;0.0;0.212
2025-04-17 13:45:00+00:00;0.0;0.0;0.0
2025-04-17 14:00:00+00:00;0.0;0.0;0.0
2025-04-17 14:15:00+00:00;0.0;0.0;0.0
2025-04-17 14:30:00+00:00;0.0;0.0;0.14
2025-04-17 14:45:00+00:00;0.0;0.0;0.124
2025-04-17 15:00:00+00:00;0.0;0.0;0.0
2025-04-17 15:15:00+00:00;0.0;0.0;0.0
2025-04-17 15:30:00+00:00;0.0;0.0;0.0
2025-04-17 15:45:00+00:00;0.0;0.0;0.036
2025-04-17 16:00:00+00:00;0.0;0.0;0.0
2025-04-17 16:15:00+00:00;0.0;0.0;0.0
2025-04-17 16:30:00+00:00;0.0;0.0;0.0
2025-04-17 16:45:00+00:00;0.0;0.0;0.0
2025-04-17 17:00:00+00:00;0.0;0.0;0.0
2025-04-17 17:15:00+00:00;0.0;0.0;0.0
2025-04-17 17:30:00+00:00;0.0;0.0;0.0
2025-04-17 17:45:00+00:00;0.0;0.0;0.0
2025-04-17 18:00:00+00:00;0.0;0.0;0.0
2025-04-17 18:15:00+00:00;0.0;0.0;0.0
2025-04-17 18:30:00+00:00;0.0;0.0;0.0
2025-04-17 18:45:00+00:00;0.0;0.0;0.0
2025-04-17 19:00:00+00:00;0.0;0.0;0.0
2025-04-17 19:15:00+00:00;0.0;0.0;0.0
2025-04-17 19:30:00+00:00;0.0;0.0;0.0
2025-04-17 19:45:00+00:00;0.0;0.0;0.0
2025-04-17 20:00:00+00:00;0.0;0.0;0.0
2025-04-17 20:15:00+00:00;0.0;0.0;0.0
2025-04-17 20:30:00+00:00;0.0;0.0;0.0
2025-04-17 20:45:00+00:00;0.0;0.0;0.0
2025-04-17 21:00:00+00:00;0.0;0.0;0.0
2025-04-17 21:15:00+00:00;0.0;0.0;0.0
2025-04-17 21:30:00+00:00;0.0;0.0;0.0
2025-04-17 21:45:00+00:00;0.0;0.0;0.0
2025-04-17 22:00:00+00:00;0.0;0.0;0.0
2025-04-17 22:15:00+00:00;0.0;0.0;0.0
2025-04-17 22:30:00+00:00;0.0;0.0;0.0
2025-04-17 22:45:00+00:00;0.0;0.0;0.0
2025-04-17 23:00:00+00:00;0.0;0.0;0.0
2025-04-17 23:15:00+00:00;0.0;0.0;0.0
2025-04-17 23:30:00+00:00;0.0;0.0;0.0
2025-04-17 23:45:00+00:00;0.0;0.0;0.0
2025-04-18 00:00:00+00:00;0.0;0.0;0.0
2025-04-18 00:15:00+00:00;0.0;0.0;0.0
2025-04-18 00:30:00+00:00;0.0;0.0;0.0
2025-04-18 00:45:00+00:00;0.0;0.0;0.0
2025-04-18 01:00:00+00:00;0.0;0.0;0.0
2025-04-18 01:15:00+00:00;0.0;0.0;0.0
2025-04-18 01:30:00+00:00;0.0;0.0;0.0
2025-04-18 01:45:00+00:00;0.0;0.0;0.0
2025-04-18 02:00:00+00:00;0.0;0.0;0.0
2025-04-18 02:15:00+00:00;0.0;0.0;0.0
2025-04-18 02:30:00+00:00;0.0;0.0;0.0
2025-04-18 02:45:00+00:00;0.0;0.0;0.0
2025-04-18 03:00:00+00:00;0.0;0.0;0.0
2025-04-18 03:15:00+00:00;0.0;0.0;0.0
2025-04-18 03:30:00+00:00;0.0;0.0;0.0
2025-04-18 03:45:00+00:00;0.0;0.0;0.0
2025-04-18 04:00:00+00:00;0.0;0.0;0.0
2025-04-18 04:15:00+00:00;0.0;0.0;0.0
2025-04-18 04:30:00+00:00;0.0;0.0;0.0
2025-04-18 04:45:00+00:00;0.0;0.0;0.0
2025-04-18 05:00:00+00:00;0.0;0.0;0.0
2025-04-18 05:15:00+00:00;0.0;0.0;0.0
2025-04-18 05:30:00+00:00;0.0;0.0;0.0
2025-04-18 05:45:00+00:00;0.0;0.0;0.0
2025-04-18 06:00:00+00:00;0.0;0.0;0.02
2025-04-18 06:15:00+00:00;0.0;0.0;0.244
2025-04-18 06:30:00+00:00;0.2;0.0;0.0
2025-04-18 06:45:00+00:00;0.48;0.028;0.0
2025-04-18 07:00:00+00:00;0.133;0.016;0.331
2025-04-18 07:15:00+00:00;0.676;0.036;1.276
2025-04-18 07:30:00+00:00;0.416;0.014;0.622
2025-04-18 07:45:00+00:00;0.832;0.096;0.0
2025-04-18 08:00:00+00:00;0.793;0.079;0.0
2025-04-18 08:15:00+00:00;0.251;0.045;0.116
2025-04-18 08:30:00+00:00;0.032;0.02;0.396
2025-04-18 08:45:00+00:00;0.0;0.212;0.0
2025-04-18 09:00:00+00:00;0.291;0.096;0.153
2025-04-18 09:15:00+00:00;0.081;0.021;0.274
2025-04-18 09:30:00+00:00;0.135;0.013;0.152
2025-04-18 09:45:00+00:00;0.111;0.006;0.211
2025-04-18 10:00:00+00:00;0.8;0.02;0.984
2025-04-18 10:15:00+00:00;1.14;0.032;0.0
2025-04-18 10:30:00+00:00;0.144;0.002;0.102
2025-04-18 10:45:00+00:00;0.077;0.003;0.18
2025-04-18 11:00:00+00:00;0.0;0.024;0.488
2025-04-18 11:15:00+00:00;0.0;0.024;0.116
2025-04-18 11:30:00+00:00;1.197;0.027;0.0
2025-04-18 11:45:00+00:00;0.518;0.006;0.124
2025-04-18 12:00:00+00:00;0.268;0.024;0.0
2025-04-18 12:15:00+00:00;0.0;0.02;0.0
2025-04-18 12:30:00+00:00;0.0;0.016;0.0
2025-04-18 12:45:00+00:00;0.0;0.004;0.488
2025-04-18 13:00:00+00:00;1.1;0.0;1.396
2025-04-18 13:15:00+00:00;0.393;0.037;0.87
2025-04-18 13:30:00+00:00;0.147;0.015;0.47
2025-04-18 13:45:00+00:00;1.38;0.168;0.0
2025-04-18 14:00:00+00:00;0.688;0.0;0.272
2025-04-18 14:15:00+00:00;0.0;0.0;0.596
2025-04-18 14:30:00+00:00;0.0;0.0;0.76
2025-04-18 14:45:00+00:00;0.0;0.0;0.0
2025-04-18 15:00:00+00:00;0.0;0.0;0.0
2025-04-18 15:15:00+00:00;0.0;0.0;0.0
2025-04-18 15:30:00+00:00;0.0;0.0;0.0
2025-04-18 15:45:00+00:00;0.0;0.032;0.0
2025-04-18 16:00:00+00:00;0.0;0.0;0.0
2025-04-18 16:15:00+00:00;0.448;0.0;0.0
2025-04-18 16:30:00+00:00;0.564;0.0;0.0
2025-04-18 16:45:00+00:00;0.708;0.0;0.0
2025-04-18 17:00:00+00:00;0.168;0.0;0.0
2025-04-18 17:15:00+00:00;0.052;0.0;0.0
2025-04-18 17:30:00+00:00;0.404;0.0;0.076
2025-04-18 17:45:00+00:00;0.64;0.0;0.0
2025-04-18 18:00:00+00:00;0.0;0.0;0.0
2025-04-18 18:15:00+00:00;0.0;0.0;0.0
2025-04-18 18:30:00+00:00;0.0;0.0;0.0
2025-04-18 18:45:00+00:00;0.0;0.0;0.0
2025-04-18 19:00:00+00:00;0.0;0.0;0.0
2025-04-18 19:15:00+00:00;0.0;0.0;0.0
2025-04-18 19:30:00+00:00;0.0;0.0;0.0
2025-04-18 19:45:00+00:00;0.0;0.0;0.0
2025-04-18 20:00:00+00:00;0.0;0.0;0.0
2025-04-18 20:15:00+00:00;0.0;0.0;0.0
2025-04-18 20:30:00+00:00;0.0;0.0;0.0
2025-04-18 20:45:00+00:00;0.0;0.0;0.0
2025-04-18 21:00:00+00:00;0.0;0.0;0.0
2025-04-18 21:15:00+00:00;0.0;0.0;0.0
2025-04-18 21:30:00+00:00;0.0;0.0;0.0
2025-04-18 21:45:00+00:00;0.0;0.0;0.0
2025-04-18 22:00:00+00:00;0.0;0.0;0.0
2025-04-18 22:15:00+00:00;0.0;0.0;0.0
2025-04-18 22:30:00+00:00;0.0;0.0;0.0
2025-04-18 22:45:00+00:00;0.0;0.0;0.0
2025-04-18 23:00:00+00:00;0.0;0.0;0.0
2025-04-18 23:15:00+00:00;0.0;0.0;0.0
2025-04-18 23:30:00+00:00;0.0;0.0;0.0
2025-04-18 23:45:00+00:00;0.0;0.0;0.0
2025-04-19 00:00:00+00:00;0.0;0.0;0.0
2025-04-19 00:15:00+00:00;0.0;0.0;0.0
2025-04-19 00:30:00+00:00;0.0;0.0;0.0
2025-04-19 00:45:00+00:00;0.0;0.0;0.0
2025-04-19 01:00:00+00:00;0.0;0.0;0.0
2025-04-19 01:15:00+00:00;0.0;0.0;0.0
2025-04-19 01:30:00+00:00;0.0;0.0;0.0
2025-04-19 01:45:00+00:00;0.0;0.0;0.0
2025-04-19 02:00:00+00:00;0.0;0.0;0.0
2025-04-19 02:15:00+00:00;0.0;0.0;0.0
2025-04-19 02:30:00+00:00;0.0;0.0;0.0
2025-04-19 02:45:00+00:00;0.0;0.0;0.0
2025-04-19 03:00:00+00:00;0.0;0.0;0.0
2025-04-19 03:15:00+00:00;0.0;0.0;0.0
2025-04-19 03:30:00+00:00;0.0;0.0;0.0
2025-04-19 03:45:00+00:00;0.0;0.0;0.0
2025-04-19 04:00:00+00:00;0.0;0.0;0.0
2025-04-19 04:15:00+00:00;0.0;0.0;0.0
2025-04-19 04:30:00+00:00;0.0;0.0;0.0
2025-04-19 04:45:00+00:00;0.0;0.0;0.0
2025-04-19 05:00:00+00:00;0.0;0.0;0.0
2025-04-19 05:15:00+00:00;0.0;0.0;0.0
2025-04-19 05:30:00+00:00;0.0;0.0;0.0
2025-04-19 05:45:00+00:00;0.0;0.0;0.892
2025-04-19 06:00:00+00:00;0.0;0.0;0.0
2025-04-19 06:15:00+00:00;0.0;0.0;0.012
2025-04-19 06:30:00+00:00;0.0;0.0;1.704
2025-04-19 06:45:00+00:00;0.08;0.0;3.868
2025-04-19 07:00:00+00:00;0.098;0.004;0.73
2025-04-19 07:15:00+00:00;1.085;0.063;2.848
2025-04-19 07:30:00+00:00;0.85;0.026;1.7
2025-04-19 07:45:00+00:00;0.389;0.009;0.698
2025-04-19 08:00:00+00:00;0.567;0.022;0.575
2025-04-19 08:15:00+00:00;0.384;0.024;0.1
2025-04-19 08:30:00+00:00;0.305;0.01;0.493
2025-04-19 08:45:00+00:00;0.942;0.005;1.561
2025-04-19 09:00:00+00:00;1.078;0.007;1.183
2025-04-19 09:15:00+00:00;1.009;0.003;0.404
2025-04-19 09:30:00+00:00;1.285;0.01;0.481
2025-04-19 09:45:00+00:00;0.612;0.002;0.21
2025-04-19 10:00:00+00:00;0.446;0.003;0.291
2025-04-19 10:15:00+00:00;1.732;0.007;0.533
2025-04-19 10:30:00+00:00;5.804;0.024;0.0
2025-04-19 10:45:00+00:00;2.326;0.007;0.083
2025-04-19 11:00:00+00:00;2.493;0.01;0.589
2025-04-19 11:15:00+00:00;2.461;0.008;0.627
2025-04-19 11:30:00+00:00;0.579;0.002;0.427
2025-04-19 11:45:00+00:00;0.253;0.001;0.238
2025-04-19 12:00:00+00:00;0.28;0.001;0.255
2025-04-19 12:15:00+00:00;0.278;0.001;0.257
2025-04-19 12:30:00+00:00;0.252;0.001;0.211
2025-04-19 12:45:00+00:00;0.577;0.003;0.096
2025-04-19 13:00:00+00:00;0.808;0.004;0.0
2025-04-19 13:15:00+00:00;4.476;0.036;0.0
2025-04-19 13:30:00+00:00;2.709;0.011;0.0
2025-04-19 13:45:00+00:00;0.948;0.004;0.0
2025-04-19 14:00:00+00:00;2.602;0.014;0.0
2025-04-19 14:15:00+00:00;1.07;0.01;0.0
2025-04-19 14:30:00+00:00;0.549;0.004;0.395
2025-04-19 14:45:00+00:00;2.226;0.013;1.405
2025-04-19 15:00:00+00:00;1.615;0.02;1.217
2025-04-19 15:15:00+00:00;1.337;0.008;0.827
2025-04-19 15:30:00+00:00;1.638;0.009;0.625
2025-04-19 15:45:00+00:00;1.83;0.012;0.734
2025-04-19 16:00:00+00:00;0.42;0.016;0.604
2025-04-19 16:15:00+00:00;0.704;0.023;0.537
2025-04-19 16:30:00+00:00;0.983;0.005;0.12
2025-04-19 16:45:00+00:00;0.888;0.008;0.0
2025-04-19 17:00:00+00:00;1.074;0.014;0.0
2025-04-19 17:15:00+00:00;1.54;0.028;0.048
2025-04-19 17:30:00+00:00;0.0;0.02;0.0
2025-04-19 17:45:00+00:00;0.0;0.024;0.0
2025-04-19 18:00:00+00:00;0.0;0.024;0.0
2025-04-19 18:15:00+00:00;0.0;0.024;0.0
2025-04-19 18:30:00+00:00;0.0;0.02;0.0
2025-04-19 18:45:00+00:00;0.0;0.024;0.0
2025-04-19 19:00:00+00:00;0.0;0.016;0.0
2025-04-19 19:15:00+00:00;0.0;0.02;0.0
2025-04-19 19:30:00+00:00;0.0;0.024;0.0
2025-04-19 19:45:00+00:00;0.0;0.004;0.0
2025-04-19 20:00:00+00:00;0.0;0.0;0.0
2025-04-19 20:15:00+00:00;0.0;0.0;0.0
2025-04-19 20:30:00+00:00;0.0;0.0;0.0
2025-04-19 20:45:00+00:00;0.0;0.0;0.0
2025-04-19 21:00:00+00:00;0.0;0.0;0.0
2025-04-19 21:15:00+00:00;0.0;0.0;0.0
2025-04-19 21:30:00+00:00;0.0;0.0;0.0
2025-04-19 21:45:00+00:00;0.0;0.0;0.0
2025-04-19 22:00:00+00:00;0.0;0.0;0.0
2025-04-19 22:15:00+00:00;0.0;0.0;0.0
2025-04-19 22:30:00+00:00;0.0;0.0;0.0
2025-04-19 22:45:00+00:00;0.0;0.0;0.0
2025-04-19 23:00:00+00:00;0.0;0.0;0.0
2025-04-19 23:15:00+00:00;0.0;0.0;0.0
2025-04-19 23:30:00+00:00;0.0;0.0;0.0
2025-04-19 23:45:00+00:00;0.0;0.0;0.0
2025-04-20 00:00:00+00:00;0.0;0.0;0.0
2025-04-20 00:15:00+00:00;0.0;0.0;0.0
2025-04-20 00:30:00+00:00;0.0;0.0;0.0
2025-04-20 00:45:00+00:00;0.0;0.0;0.0
2025-04-20 01:00:00+00:00;0.0;0.0;0.0
2025-04-20 01:15:00+00:00;0.0;0.0;0.0
2025-04-20 01:30:00+00:00;0.0;0.0;0.0
2025-04-20 01:45:00+00:00;0.0;0.0;0.0
2025-04-20 02:00:00+00:00;0.0;0.0;0.0
2025-04-20 02:15:00+00:00;0.0;0.0;0.0
2025-04-20 02:30:00+00:00;0.0;0.0;0.0
2025-04-20 02:45:00+00:00;0.0;0.0;0.0
2025-04-20 03:00:00+00:00;0.0;0.0;0.0
2025-04-20 03:15:00+00:00;0.0;0.0;0.0
2025-04-20 03:30:00+00:00;0.0;0.0;0.0
2025-04-20 03:45:00+00:00;0.0;0.0;0.0
2025-04-20 04:00:00+00:00;0.0;0.0;0.0
2025-04-20 04:15:00+00:00;0.0;0.0;0.0
2025-04-20 04:30:00+00:00;0.0;0.0;0.0
2025-04-20 04:45:00+00:00;0.0;0.0;0.0
2025-04-20 05:00:00+00:00;0.0;0.0;0.0
2025-04-20 05:15:00+00:00;0.0;0.0;0.0
2025-04-20 05:30:00+00:00;0.0;0.0;0.0
2025-04-20 05:45:00+00:00;0.0;0.0;0.0
2025-04-20 06:00:00+00:00;0.0;0.0;0.0
2025-04-20 06:15:00+00:00;0.0;0.0;0.624
2025-04-20 06:30:00+00:00;0.0;0.0;0.72
2025-04-20 06:45:00+00:00;0.048;0.028;0.0
2025-04-20 07:00:00+00:00;0.4;0.064;0.0
2025-04-20 07:15:00+00:00;0.094;0.004;0.634
2025-04-20 07:30:00+00:00;0.261;0.015;1.64
2025-04-20 07:45:00+00:00;0.611;0.0;2.005
2025-04-20 08:00:00+00:00;1.038;0.064;0.802
2025-04-20 08:15:00+00:00;1.771;0.022;0.991
2025-04-20 08:30:00+00:00;0.339;0.023;0.678
2025-04-20 08:45:00+00:00;0.356;0.04;0.572
2025-04-20 09:00:00+00:00;0.21;0.007;0.323
2025-04-20 09:15:00+00:00;0.305;0.002;0.385
2025-04-20 09:30:00+00:00;2.48;0.02;0.0
2025-04-20 09:45:00+00:00;2.036;0.02;0.0
2025-04-20 10:00:00+00:00;1.656;0.02;0.128
2025-04-20 10:15:00+00:00;1.554;0.017;1.021
2025-04-20 10:30:00+00:00;1.17;0.012;0.842
2025-04-20 10:45:00+00:00;0.544;0.004;0.268
2025-04-20 11:00:00+00:00;0.956;0.008;0.0
2025-04-20 11:15:00+00:00;0.304;0.002;0.286
2025-04-20 11:30:00+00:00;0.284;0.002;0.226
2025-04-20 11:45:00+00:00;0.306;0.002;0.268
2025-04-20 12:00:00+00:00;0.359;0.002;0.327
2025-04-20 12:15:00+00:00;0.519;0.005;0.036
2025-04-20 12:30:00+00:00;2.06;0.02;0.0
2025-04-20 12:45:00+00:00;0.374;0.004;0.19
2025-04-20 13:00:00+00:00;1.637;0.008;1.079
2025-04-20 13:15:00+00:00;1.276;0.01;0.902
2025-04-20 13:30:00+00:00;0.333;0.002;0.261
2025-04-20 13:45:00+00:00;0.629;0.011;0.0
2025-04-20 14:00:00+00:00;0.576;0.02;0.0
2025-04-20 14:15:00+00:00;0.524;0.02;0.0
2025-04-20 14:30:00+00:00;0.128;0.02;0.312
2025-04-20 14:45:00+00:00;0.0;0.028;0.416
2025-04-20 15:00:00+00:00;0.16;0.012;0.3
2025-04-20 15:15:00+00:00;0.78;0.032;0.0
2025-04-20 15:30:00+00:00;1.46;0.036;0.0
2025-04-20 15:45:00+00:00;0.61;0.006;0.308
2025-04-20 16:00:00+00:00;0.507;0.007;0.238
2025-04-20 16:15:00+00:00;0.561;0.012;0.327
2025-04-20 16:30:00+00:00;0.672;0.016;0.424
2025-04-20 16:45:00+00:00;0.736;0.028;0.0
2025-04-20 17:00:00+00:00;0.324;0.02;0.0
2025-04-20 17:15:00+00:00;0.1;0.0;0.0
2025-04-20 17:30:00+00:00;0.0;0.0;0.0
2025-04-20 17:45:00+00:00;0.0;0.0;0.0
2025-04-20 18:00:00+00:00;0.0;0.0;0.0
2025-04-20 18:15:00+00:00;0.0;0.0;0.0
2025-04-20 18:30:00+00:00;0.0;0.0;0.0
2025-04-20 18:45:00+00:00;0.0;0.0;0.0
2025-04-20 19:00:00+00:00;0.0;0.0;0.0
2025-04-20 19:15:00+00:00;0.0;0.0;0.0
2025-04-20 19:30:00+00:00;0.0;0.0;0.0
2025-04-20 19:45:00+00:00;0.0;0.0;0.0
2025-04-20 20:00:00+00:00;0.0;0.0;0.0
2025-04-20 20:15:00+00:00;0.0;0.0;0.0
2025-04-20 20:30:00+00:00;0.0;0.0;0.0
2025-04-20 20:45:00+00:00;0.0;0.0;0.0
2025-04-20 21:00:00+00:00;0.0;0.0;0.0
2025-04-20 21:15:00+00:00;0.0;0.0;0.0
2025-04-20 21:30:00+00:00;0.0;0.0;0.0
2025-04-20 21:45:00+00:00;0.0;0.0;0.0
2025-04-20 22:00:00+00:00;0.0;0.0;0.0
2025-04-20 22:15:00+00:00;0.0;0.0;0.0
2025-04-20 22:30:00+00:00;0.0;0.0;0.0
2025-04-20 22:45:00+00:00;0.0;0.0;0.0
2025-04-20 23:00:00+00:00;0.0;0.0;0.0
2025-04-20 23:15:00+00:00;0.0;0.0;0.0
2025-04-20 23:30:00+00:00;0.0;0.0;0.0
2025-04-20 23:45:00+00:00;0.0;0.0;0.0
2025-04-21 00:00:00+00:00;0.0;0.0;0.0
2025-04-21 00:15:00+00:00;0.0;0.0;0.0
2025-04-21 00:30:00+00:00;0.0;0.0;0.0
2025-04-21 00:45:00+00:00;0.0;0.0;0.0
2025-04-21 01:00:00+00:00;0.0;0.0;0.0
2025-04-21 01:15:00+00:00;0.0;0.0;0.0
2025-04-21 01:30:00+00:00;0.0;0.0;0.0
2025-04-21 01:45:00+00:00;0.0;0.0;0.0
2025-04-21 02:00:00+00:00;0.0;0.0;0.0
2025-04-21 02:15:00+00:00;0.0;0.0;0.0
2025-04-21 02:30:00+00:00;0.0;0.0;0.0
2025-04-21 02:45:00+00:00;0.0;0.0;0.0
2025-04-21 03:00:00+00:00;0.0;0.0;0.0
2025-04-21 03:15:00+00:00;0.0;0.0;0.0
2025-04-21 03:30:00+00:00;0.0;0.0;0.0
2025-04-21 03:45:00+00:00;0.0;0.0;0.0
2025-04-21 04:00:00+00:00;0.0;0.0;0.0
2025-04-21 04:15:00+00:00;0.0;0.0;0.0
2025-04-21 04:30:00+00:00;0.0;0.0;0.0
2025-04-21 04:45:00+00:00;0.0;0.0;0.0
2025-04-21 05:00:00+00:00;0.0;0.0;0.0
2025-04-21 05:15:00+00:00;0.0;0.0;0.0
2025-04-21 05:30:00+00:00;0.0;0.0;0.0
2025-04-21 05:45:00+00:00;0.0;0.0;0.28
2025-04-21 06:00:00+00:00;0.0;0.0;1.1
2025-04-21 06:15:00+00:00;0.0;0.0;1.24
2025-04-21 06:30:00+00:00;0.36;0.0;0.0
2025-04-21 06:45:00+00:00;0.072;0.044;0.0
2025-04-21 07:00:00+00:00;0.0;0.036;0.252
2025-04-21 07:15:00+00:00;0.0;0.0;0.804
2025-04-21 07:30:00+00:00;0.0;0.088;1.588
2025-04-21 07:45:00+00:00;1.124;0.076;2.564
2025-04-21 08:00:00+00:00;0.892;0.128;0.0
2025-04-21 08:15:00+00:00;0.321;0.047;1.2
2025-04-21 08:30:00+00:00;0.632;0.024;1.684
2025-04-21 08:45:00+00:00;0.549;0.029;1.006
2025-04-21 09:00:00+00:00;0.0;0.201;0.379
2025-04-21 09:15:00+00:00;0.376;0.007;0.025
2025-04-21 09:30:00+00:00;0.297;0.002;0.341
2025-04-21 09:45:00+00:00;0.338;0.008;0.698
2025-04-21 10:00:00+00:00;0.829;0.006;0.989
2025-04-21 10:15:00+00:00;0.183;0.002;0.163
2025-04-21 10:30:00+00:00;2.572;0.016;0.0
2025-04-21 10:45:00+00:00;0.321;0.002;0.253
2025-04-21 11:00:00+00:00;0.281;0.004;0.275
2025-04-21 11:15:00+00:00;1.349;0.012;1.271
2025-04-21 11:30:00+00:00;1.372;0.011;1.613
2025-04-21 11:45:00+00:00;1.076;0.006;0.61
2025-04-21 12:00:00+00:00;5.028;0.008;3.148
2025-04-21 12:15:00+00:00;5.492;0.0;3.52
2025-04-21 12:30:00+00:00;4.068;0.0;1.872
2025-04-21 12:45:00+00:00;1.452;0.0;0.0
2025-04-21 13:00:00+00:00;1.968;0.0;1.992
2025-04-21 13:15:00+00:00;2.224;0.192;0.0
2025-04-21 13:30:00+00:00;0.88;0.092;0.0
2025-04-21 13:45:00+00:00;0.392;0.0;0.0
2025-04-21 14:00:00+00:00;1.172;0.088;0.0
2025-04-21 14:15:00+00:00;0.284;0.0;0.0
2025-04-21 14:30:00+00:00;0.264;0.0;0.0
2025-04-21 14:45:00+00:00;0.304;0.016;0.0
2025-04-21 15:00:00+00:00;0.0;0.0;0.0
2025-04-21 15:15:00+00:00;0.0;0.044;0.0
2025-04-21 15:30:00+00:00;0.0;0.0;0.0
2025-04-21 15:45:00+00:00;0.0;0.0;0.0
2025-04-21 16:00:00+00:00;0.0;0.0;0.0
2025-04-21 16:15:00+00:00;0.96;0.012;0.0
2025-04-21 16:30:00+00:00;1.524;0.0;0.0
2025-04-21 16:45:00+00:00;0.248;0.0;0.0
2025-04-21 17:00:00+00:00;0.076;0.0;0.0
2025-04-21 17:15:00+00:00;0.0;0.0;0.0
2025-04-21 17:30:00+00:00;0.0;0.0;0.0
2025-04-21 17:45:00+00:00;0.0;0.0;0.0
2025-04-21 18:00:00+00:00;0.0;0.0;0.0
2025-04-21 18:15:00+00:00;0.0;0.0;0.0
2025-04-21 18:30:00+00:00;0.0;0.0;0.0
2025-04-21 18:45:00+00:00;0.0;0.0;0.0
2025-04-21 19:00:00+00:00;0.0;0.0;0.0
2025-04-21 19:15:00+00:00;0.0;0.0;0.0
2025-04-21 19:30:00+00:00;0.0;0.0;0.0
2025-04-21 19:45:00+00:00;0.0;0.0;0.0
2025-04-21 20:00:00+00:00;0.0;0.0;0.0
2025-04-21 20:15:00+00:00;0.0;0.0;0.0
2025-04-21 20:30:00+00:00;0.0;0.0;0.0
2025-04-21 20:45:00+00:00;0.0;0.0;0.0
2025-04-21 21:00:00+00:00;0.0;0.0;0.0
2025-04-21 21:15:00+00:00;0.0;0.0;0.0
2025-04-21 21:30:00+00:00;0.0;0.0;0.0
2025-04-21 21:45:00+00:00;0.0;0.0;0.0
