startedAt;percentage_prod;percentage_prod;valueprod;valueprod;total_sum_prod
;df-prod-Marc;df-prod-Véronique;df-prod-Marc;df-prod-Véronique;
2025-02-01 00:00:00+00:00;;;0.0;0.0;0.0
2025-02-01 00:15:00+00:00;;;0.0;0.0;0.0
2025-02-01 00:30:00+00:00;;;0.0;0.0;0.0
2025-02-01 00:45:00+00:00;;;0.0;0.0;0.0
2025-02-01 01:00:00+00:00;;;0.0;0.0;0.0
2025-02-01 01:15:00+00:00;;;0.0;0.0;0.0
2025-02-01 01:30:00+00:00;;;0.0;0.0;0.0
2025-02-01 01:45:00+00:00;;;0.0;0.0;0.0
2025-02-01 02:00:00+00:00;;;0.0;0.0;0.0
2025-02-01 02:15:00+00:00;;;0.0;0.0;0.0
2025-02-01 02:30:00+00:00;;;0.0;0.0;0.0
2025-02-01 02:45:00+00:00;;;0.0;0.0;0.0
2025-02-01 03:00:00+00:00;;;0.0;0.0;0.0
2025-02-01 03:15:00+00:00;;;0.0;0.0;0.0
2025-02-01 03:30:00+00:00;;;0.0;0.0;0.0
2025-02-01 03:45:00+00:00;;;0.0;0.0;0.0
2025-02-01 04:00:00+00:00;;;0.0;0.0;0.0
2025-02-01 04:15:00+00:00;;;0.0;0.0;0.0
2025-02-01 04:30:00+00:00;;;0.0;0.0;0.0
2025-02-01 04:45:00+00:00;;;0.0;0.0;0.0
2025-02-01 05:00:00+00:00;;;0.0;0.0;0.0
2025-02-01 05:15:00+00:00;;;0.0;0.0;0.0
2025-02-01 05:30:00+00:00;;;0.0;0.0;0.0
2025-02-01 05:45:00+00:00;;;0.0;0.0;0.0
2025-02-01 06:00:00+00:00;;;0.0;0.0;0.0
2025-02-01 06:15:00+00:00;;;0.0;0.0;0.0
2025-02-01 06:30:00+00:00;;;0.0;0.0;0.0
2025-02-01 06:45:00+00:00;;;0.0;0.0;0.0
2025-02-01 07:00:00+00:00;;;0.0;0.0;0.0
2025-02-01 07:15:00+00:00;;;0.0;0.0;0.0
2025-02-01 07:30:00+00:00;;;0.0;0.0;0.0
2025-02-01 07:45:00+00:00;;;0.0;0.0;0.0
2025-02-01 08:00:00+00:00;0.0;100.0;0.0;0.272;0.272
2025-02-01 08:15:00+00:00;;;0.0;0.0;0.0
2025-02-01 08:30:00+00:00;0.0;100.0;0.0;1.596;1.596
2025-02-01 08:45:00+00:00;0.0;100.0;0.0;0.568;0.568
2025-02-01 09:00:00+00:00;0.0;100.0;0.0;1.256;1.256
2025-02-01 09:15:00+00:00;0.0;100.0;0.0;4.156;4.156
2025-02-01 09:30:00+00:00;0.0;100.0;0.0;2.496;2.496
2025-02-01 09:45:00+00:00;0.0;100.0;0.0;0.716;0.716
2025-02-01 10:00:00+00:00;0.0;100.0;0.0;5.468;5.468
2025-02-01 10:15:00+00:00;0.0;100.0;0.0;1.104;1.104
2025-02-01 10:30:00+00:00;0.0;100.0;0.0;0.704;0.704
2025-02-01 10:45:00+00:00;0.0;100.0;0.0;0.776;0.776
2025-02-01 11:00:00+00:00;;;0.0;0.0;0.0
2025-02-01 11:15:00+00:00;;;0.0;0.0;0.0
2025-02-01 11:30:00+00:00;;;0.0;0.0;0.0
2025-02-01 11:45:00+00:00;;;0.0;0.0;0.0
2025-02-01 12:00:00+00:00;0.0;100.0;0.0;0.08;0.08
2025-02-01 12:15:00+00:00;0.0;100.0;0.0;1.72;1.72
2025-02-01 12:30:00+00:00;0.0;100.0;0.0;1.776;1.776
2025-02-01 12:45:00+00:00;;;0.0;0.0;0.0
2025-02-01 13:00:00+00:00;;;0.0;0.0;0.0
2025-02-01 13:15:00+00:00;0.0;100.0;0.0;1.596;1.596
2025-02-01 13:30:00+00:00;0.0;100.0;0.0;1.32;1.32
2025-02-01 13:45:00+00:00;0.0;100.0;0.0;0.888;0.888
2025-02-01 14:00:00+00:00;0.0;100.0;0.0;0.484;0.484
2025-02-01 14:15:00+00:00;;;0.0;0.0;0.0
2025-02-01 14:30:00+00:00;;;0.0;0.0;0.0
2025-02-01 14:45:00+00:00;0.0;100.0;0.0;1.144;1.144
2025-02-01 15:00:00+00:00;0.0;100.0;0.0;0.68;0.68
2025-02-01 15:15:00+00:00;0.0;100.0;0.0;0.204;0.204
2025-02-01 15:30:00+00:00;;;0.0;0.0;0.0
2025-02-01 15:45:00+00:00;;;0.0;0.0;0.0
2025-02-01 16:00:00+00:00;;;0.0;0.0;0.0
2025-02-01 16:15:00+00:00;;;0.0;0.0;0.0
2025-02-01 16:30:00+00:00;;;0.0;0.0;0.0
2025-02-01 16:45:00+00:00;;;0.0;0.0;0.0
2025-02-01 17:00:00+00:00;;;0.0;0.0;0.0
2025-02-01 17:15:00+00:00;;;0.0;0.0;0.0
2025-02-01 17:30:00+00:00;;;0.0;0.0;0.0
2025-02-01 17:45:00+00:00;;;0.0;0.0;0.0
2025-02-01 18:00:00+00:00;;;0.0;0.0;0.0
2025-02-01 18:15:00+00:00;;;0.0;0.0;0.0
2025-02-01 18:30:00+00:00;;;0.0;0.0;0.0
2025-02-01 18:45:00+00:00;;;0.0;0.0;0.0
2025-02-01 19:00:00+00:00;;;0.0;0.0;0.0
2025-02-01 19:15:00+00:00;;;0.0;0.0;0.0
2025-02-01 19:30:00+00:00;;;0.0;0.0;0.0
2025-02-01 19:45:00+00:00;;;0.0;0.0;0.0
2025-02-01 20:00:00+00:00;;;0.0;0.0;0.0
2025-02-01 20:15:00+00:00;;;0.0;0.0;0.0
2025-02-01 20:30:00+00:00;;;0.0;0.0;0.0
2025-02-01 20:45:00+00:00;;;0.0;0.0;0.0
2025-02-01 21:00:00+00:00;;;0.0;0.0;0.0
2025-02-01 21:15:00+00:00;;;0.0;0.0;0.0
2025-02-01 21:30:00+00:00;;;0.0;0.0;0.0
2025-02-01 21:45:00+00:00;;;0.0;0.0;0.0
2025-02-01 22:00:00+00:00;;;0.0;0.0;0.0
2025-02-01 22:15:00+00:00;;;0.0;0.0;0.0
2025-02-01 22:30:00+00:00;;;0.0;0.0;0.0
2025-02-01 22:45:00+00:00;;;0.0;0.0;0.0
2025-02-01 23:00:00+00:00;;;0.0;0.0;0.0
2025-02-01 23:15:00+00:00;;;0.0;0.0;0.0
2025-02-01 23:30:00+00:00;;;0.0;0.0;0.0
2025-02-01 23:45:00+00:00;;;0.0;0.0;0.0
2025-02-02 00:00:00+00:00;;;0.0;0.0;0.0
2025-02-02 00:15:00+00:00;;;0.0;0.0;0.0
2025-02-02 00:30:00+00:00;;;0.0;0.0;0.0
2025-02-02 00:45:00+00:00;;;0.0;0.0;0.0
2025-02-02 01:00:00+00:00;;;0.0;0.0;0.0
2025-02-02 01:15:00+00:00;;;0.0;0.0;0.0
2025-02-02 01:30:00+00:00;;;0.0;0.0;0.0
2025-02-02 01:45:00+00:00;;;0.0;0.0;0.0
2025-02-02 02:00:00+00:00;;;0.0;0.0;0.0
2025-02-02 02:15:00+00:00;;;0.0;0.0;0.0
2025-02-02 02:30:00+00:00;;;0.0;0.0;0.0
2025-02-02 02:45:00+00:00;;;0.0;0.0;0.0
2025-02-02 03:00:00+00:00;;;0.0;0.0;0.0
2025-02-02 03:15:00+00:00;;;0.0;0.0;0.0
2025-02-02 03:30:00+00:00;;;0.0;0.0;0.0
2025-02-02 03:45:00+00:00;;;0.0;0.0;0.0
2025-02-02 04:00:00+00:00;;;0.0;0.0;0.0
2025-02-02 04:15:00+00:00;;;0.0;0.0;0.0
2025-02-02 04:30:00+00:00;;;0.0;0.0;0.0
2025-02-02 04:45:00+00:00;;;0.0;0.0;0.0
2025-02-02 05:00:00+00:00;;;0.0;0.0;0.0
2025-02-02 05:15:00+00:00;;;0.0;0.0;0.0
2025-02-02 05:30:00+00:00;;;0.0;0.0;0.0
2025-02-02 05:45:00+00:00;;;0.0;0.0;0.0
2025-02-02 06:00:00+00:00;;;0.0;0.0;0.0
2025-02-02 06:15:00+00:00;;;0.0;0.0;0.0
2025-02-02 06:30:00+00:00;;;0.0;0.0;0.0
2025-02-02 06:45:00+00:00;;;0.0;0.0;0.0
2025-02-02 07:00:00+00:00;;;0.0;0.0;0.0
2025-02-02 07:15:00+00:00;;;0.0;0.0;0.0
2025-02-02 07:30:00+00:00;;;0.0;0.0;0.0
2025-02-02 07:45:00+00:00;;;0.0;0.0;0.0
2025-02-02 08:00:00+00:00;0.0;100.0;0.0;0.092;0.092
2025-02-02 08:15:00+00:00;0.0;100.0;0.0;0.472;0.472
2025-02-02 08:30:00+00:00;;;0.0;0.0;0.0
2025-02-02 08:45:00+00:00;0.0;100.0;0.0;0.452;0.452
2025-02-02 09:00:00+00:00;0.0;100.0;0.0;2.692;2.692
2025-02-02 09:15:00+00:00;0.0;100.0;0.0;2.904;2.904
2025-02-02 09:30:00+00:00;0.0;100.0;0.0;4.92;4.92
2025-02-02 09:45:00+00:00;0.0;100.0;0.0;4.724;4.724
2025-02-02 10:00:00+00:00;0.0;100.0;0.0;0.748;0.748
2025-02-02 10:15:00+00:00;;;0.0;0.0;0.0
2025-02-02 10:30:00+00:00;0.0;100.0;0.0;4.504;4.504
2025-02-02 10:45:00+00:00;0.0;100.0;0.0;5.108;5.108
2025-02-02 11:00:00+00:00;0.0;100.0;0.0;5.528;5.528
2025-02-02 11:15:00+00:00;0.0;100.0;0.0;5.592;5.592
2025-02-02 11:30:00+00:00;0.0;100.0;0.0;5.42;5.42
2025-02-02 11:45:00+00:00;;;0.0;0.0;0.0
2025-02-02 12:00:00+00:00;0.0;100.0;0.0;4.268;4.268
2025-02-02 12:15:00+00:00;0.0;100.0;0.0;4.716;4.716
2025-02-02 12:30:00+00:00;0.0;100.0;0.0;4.576;4.576
2025-02-02 12:45:00+00:00;0.0;100.0;0.0;4.328;4.328
2025-02-02 13:00:00+00:00;0.0;100.0;0.0;3.916;3.916
2025-02-02 13:15:00+00:00;;;0.0;0.0;0.0
2025-02-02 13:30:00+00:00;0.0;100.0;0.0;1.516;1.516
2025-02-02 13:45:00+00:00;0.0;100.0;0.0;2.96;2.96
2025-02-02 14:00:00+00:00;0.0;100.0;0.0;2.432;2.432
2025-02-02 14:15:00+00:00;0.0;100.0;0.0;2.064;2.064
2025-02-02 14:30:00+00:00;;;0.0;0.0;0.0
2025-02-02 14:45:00+00:00;;;0.0;0.0;0.0
2025-02-02 15:00:00+00:00;0.0;100.0;0.0;0.712;0.712
2025-02-02 15:15:00+00:00;0.0;100.0;0.0;0.208;0.208
2025-02-02 15:30:00+00:00;;;0.0;0.0;0.0
2025-02-02 15:45:00+00:00;;;0.0;0.0;0.0
2025-02-02 16:00:00+00:00;;;0.0;0.0;0.0
2025-02-02 16:15:00+00:00;;;0.0;0.0;0.0
2025-02-02 16:30:00+00:00;;;0.0;0.0;0.0
2025-02-02 16:45:00+00:00;;;0.0;0.0;0.0
2025-02-02 17:00:00+00:00;;;0.0;0.0;0.0
2025-02-02 17:15:00+00:00;;;0.0;0.0;0.0
2025-02-02 17:30:00+00:00;;;0.0;0.0;0.0
2025-02-02 17:45:00+00:00;;;0.0;0.0;0.0
2025-02-02 18:00:00+00:00;;;0.0;0.0;0.0
2025-02-02 18:15:00+00:00;;;0.0;0.0;0.0
2025-02-02 18:30:00+00:00;;;0.0;0.0;0.0
2025-02-02 18:45:00+00:00;;;0.0;0.0;0.0
2025-02-02 19:00:00+00:00;;;0.0;0.0;0.0
2025-02-02 19:15:00+00:00;;;0.0;0.0;0.0
2025-02-02 19:30:00+00:00;;;0.0;0.0;0.0
2025-02-02 19:45:00+00:00;;;0.0;0.0;0.0
2025-02-02 20:00:00+00:00;;;0.0;0.0;0.0
2025-02-02 20:15:00+00:00;;;0.0;0.0;0.0
2025-02-02 20:30:00+00:00;;;0.0;0.0;0.0
2025-02-02 20:45:00+00:00;;;0.0;0.0;0.0
2025-02-02 21:00:00+00:00;;;0.0;0.0;0.0
2025-02-02 21:15:00+00:00;;;0.0;0.0;0.0
2025-02-02 21:30:00+00:00;;;0.0;0.0;0.0
2025-02-02 21:45:00+00:00;;;0.0;0.0;0.0
2025-02-02 22:00:00+00:00;;;0.0;0.0;0.0
2025-02-02 22:15:00+00:00;;;0.0;0.0;0.0
2025-02-02 22:30:00+00:00;;;0.0;0.0;0.0
2025-02-02 22:45:00+00:00;;;0.0;0.0;0.0
2025-02-02 23:00:00+00:00;;;0.0;0.0;0.0
2025-02-02 23:15:00+00:00;;;0.0;0.0;0.0
2025-02-02 23:30:00+00:00;;;0.0;0.0;0.0
2025-02-02 23:45:00+00:00;;;0.0;0.0;0.0
2025-02-03 00:00:00+00:00;;;0.0;0.0;0.0
2025-02-03 00:15:00+00:00;;;0.0;0.0;0.0
2025-02-03 00:30:00+00:00;;;0.0;0.0;0.0
2025-02-03 00:45:00+00:00;;;0.0;0.0;0.0
2025-02-03 01:00:00+00:00;;;0.0;0.0;0.0
2025-02-03 01:15:00+00:00;;;0.0;0.0;0.0
2025-02-03 01:30:00+00:00;;;0.0;0.0;0.0
2025-02-03 01:45:00+00:00;;;0.0;0.0;0.0
2025-02-03 02:00:00+00:00;;;0.0;0.0;0.0
2025-02-03 02:15:00+00:00;;;0.0;0.0;0.0
2025-02-03 02:30:00+00:00;;;0.0;0.0;0.0
2025-02-03 02:45:00+00:00;;;0.0;0.0;0.0
2025-02-03 03:00:00+00:00;;;0.0;0.0;0.0
2025-02-03 03:15:00+00:00;;;0.0;0.0;0.0
2025-02-03 03:30:00+00:00;;;0.0;0.0;0.0
2025-02-03 03:45:00+00:00;;;0.0;0.0;0.0
2025-02-03 04:00:00+00:00;;;0.0;0.0;0.0
2025-02-03 04:15:00+00:00;;;0.0;0.0;0.0
2025-02-03 04:30:00+00:00;;;0.0;0.0;0.0
2025-02-03 04:45:00+00:00;;;0.0;0.0;0.0
2025-02-03 05:00:00+00:00;;;0.0;0.0;0.0
2025-02-03 05:15:00+00:00;;;0.0;0.0;0.0
2025-02-03 05:30:00+00:00;;;0.0;0.0;0.0
2025-02-03 05:45:00+00:00;;;0.0;0.0;0.0
2025-02-03 06:00:00+00:00;;;0.0;0.0;0.0
2025-02-03 06:15:00+00:00;;;0.0;0.0;0.0
2025-02-03 06:30:00+00:00;;;0.0;0.0;0.0
2025-02-03 06:45:00+00:00;;;0.0;0.0;0.0
2025-02-03 07:00:00+00:00;;;0.0;0.0;0.0
2025-02-03 07:15:00+00:00;;;0.0;0.0;0.0
2025-02-03 07:30:00+00:00;;;0.0;0.0;0.0
2025-02-03 07:45:00+00:00;;;0.0;0.0;0.0
2025-02-03 08:00:00+00:00;0.0;100.0;0.0;0.792;0.792
2025-02-03 08:15:00+00:00;;;0.0;0.0;0.0
2025-02-03 08:30:00+00:00;;;0.0;0.0;0.0
2025-02-03 08:45:00+00:00;0.0;100.0;0.0;2.584;2.584
2025-02-03 09:00:00+00:00;0.0;100.0;0.0;0.472;0.472
2025-02-03 09:15:00+00:00;0.0;100.0;0.0;0.812;0.812
2025-02-03 09:30:00+00:00;0.0;100.0;0.0;4.492;4.492
2025-02-03 09:45:00+00:00;0.0;100.0;0.0;2.292;2.292
2025-02-03 10:00:00+00:00;0.0;100.0;0.0;2.624;2.624
2025-02-03 10:15:00+00:00;0.0;100.0;0.0;3.156;3.156
2025-02-03 10:30:00+00:00;0.0;100.0;0.0;0.26;0.26
2025-02-03 10:45:00+00:00;0.0;100.0;0.0;2.604;2.604
2025-02-03 11:00:00+00:00;0.0;100.0;0.0;3.7;3.7
2025-02-03 11:15:00+00:00;0.0;100.0;0.0;2.888;2.888
2025-02-03 11:30:00+00:00;0.0;100.0;0.0;4.856;4.856
2025-02-03 11:45:00+00:00;0.0;100.0;0.0;4.7;4.7
2025-02-03 12:00:00+00:00;0.0;100.0;0.0;1.52;1.52
2025-02-03 12:15:00+00:00;;;0.0;0.0;0.0
2025-02-03 12:30:00+00:00;0.0;100.0;0.0;2.952;2.952
2025-02-03 12:45:00+00:00;0.0;100.0;0.0;4.1;4.1
2025-02-03 13:00:00+00:00;0.0;100.0;0.0;3.704;3.704
2025-02-03 13:15:00+00:00;0.0;100.0;0.0;3.464;3.464
2025-02-03 13:30:00+00:00;0.0;100.0;0.0;3.52;3.52
2025-02-03 13:45:00+00:00;0.0;100.0;0.0;0.312;0.312
2025-02-03 14:00:00+00:00;;;0.0;0.0;0.0
2025-02-03 14:15:00+00:00;0.0;100.0;0.0;2.256;2.256
2025-02-03 14:30:00+00:00;0.0;100.0;0.0;1.912;1.912
2025-02-03 14:45:00+00:00;0.0;100.0;0.0;1.416;1.416
2025-02-03 15:00:00+00:00;0.0;100.0;0.0;0.972;0.972
2025-02-03 15:15:00+00:00;;;0.0;0.0;0.0
2025-02-03 15:30:00+00:00;;;0.0;0.0;0.0
2025-02-03 15:45:00+00:00;;;0.0;0.0;0.0
2025-02-03 16:00:00+00:00;;;0.0;0.0;0.0
2025-02-03 16:15:00+00:00;;;0.0;0.0;0.0
2025-02-03 16:30:00+00:00;;;0.0;0.0;0.0
2025-02-03 16:45:00+00:00;;;0.0;0.0;0.0
2025-02-03 17:00:00+00:00;;;0.0;0.0;0.0
2025-02-03 17:15:00+00:00;;;0.0;0.0;0.0
2025-02-03 17:30:00+00:00;;;0.0;0.0;0.0
2025-02-03 17:45:00+00:00;;;0.0;0.0;0.0
2025-02-03 18:00:00+00:00;;;0.0;0.0;0.0
2025-02-03 18:15:00+00:00;;;0.0;0.0;0.0
2025-02-03 18:30:00+00:00;;;0.0;0.0;0.0
2025-02-03 18:45:00+00:00;;;0.0;0.0;0.0
2025-02-03 19:00:00+00:00;;;0.0;0.0;0.0
2025-02-03 19:15:00+00:00;;;0.0;0.0;0.0
2025-02-03 19:30:00+00:00;;;0.0;0.0;0.0
2025-02-03 19:45:00+00:00;;;0.0;0.0;0.0
2025-02-03 20:00:00+00:00;;;0.0;0.0;0.0
2025-02-03 20:15:00+00:00;;;0.0;0.0;0.0
2025-02-03 20:30:00+00:00;;;0.0;0.0;0.0
2025-02-03 20:45:00+00:00;;;0.0;0.0;0.0
2025-02-03 21:00:00+00:00;;;0.0;0.0;0.0
2025-02-03 21:15:00+00:00;;;0.0;0.0;0.0
2025-02-03 21:30:00+00:00;;;0.0;0.0;0.0
2025-02-03 21:45:00+00:00;;;0.0;0.0;0.0
2025-02-03 22:00:00+00:00;;;0.0;0.0;0.0
2025-02-03 22:15:00+00:00;;;0.0;0.0;0.0
2025-02-03 22:30:00+00:00;;;0.0;0.0;0.0
2025-02-03 22:45:00+00:00;;;0.0;0.0;0.0
2025-02-03 23:00:00+00:00;;;0.0;0.0;0.0
2025-02-03 23:15:00+00:00;;;0.0;0.0;0.0
2025-02-03 23:30:00+00:00;;;0.0;0.0;0.0
2025-02-03 23:45:00+00:00;;;0.0;0.0;0.0
2025-02-04 00:00:00+00:00;;;0.0;0.0;0.0
2025-02-04 00:15:00+00:00;;;0.0;0.0;0.0
2025-02-04 00:30:00+00:00;;;0.0;0.0;0.0
2025-02-04 00:45:00+00:00;;;0.0;0.0;0.0
2025-02-04 01:00:00+00:00;;;0.0;0.0;0.0
2025-02-04 01:15:00+00:00;;;0.0;0.0;0.0
2025-02-04 01:30:00+00:00;;;0.0;0.0;0.0
2025-02-04 01:45:00+00:00;;;0.0;0.0;0.0
2025-02-04 02:00:00+00:00;;;0.0;0.0;0.0
2025-02-04 02:15:00+00:00;;;0.0;0.0;0.0
2025-02-04 02:30:00+00:00;;;0.0;0.0;0.0
2025-02-04 02:45:00+00:00;;;0.0;0.0;0.0
2025-02-04 03:00:00+00:00;;;0.0;0.0;0.0
2025-02-04 03:15:00+00:00;;;0.0;0.0;0.0
2025-02-04 03:30:00+00:00;;;0.0;0.0;0.0
2025-02-04 03:45:00+00:00;;;0.0;0.0;0.0
2025-02-04 04:00:00+00:00;;;0.0;0.0;0.0
2025-02-04 04:15:00+00:00;;;0.0;0.0;0.0
2025-02-04 04:30:00+00:00;;;0.0;0.0;0.0
2025-02-04 04:45:00+00:00;;;0.0;0.0;0.0
2025-02-04 05:00:00+00:00;;;0.0;0.0;0.0
2025-02-04 05:15:00+00:00;;;0.0;0.0;0.0
2025-02-04 05:30:00+00:00;;;0.0;0.0;0.0
2025-02-04 05:45:00+00:00;;;0.0;0.0;0.0
2025-02-04 06:00:00+00:00;;;0.0;0.0;0.0
2025-02-04 06:15:00+00:00;;;0.0;0.0;0.0
2025-02-04 06:30:00+00:00;;;0.0;0.0;0.0
2025-02-04 06:45:00+00:00;;;0.0;0.0;0.0
2025-02-04 07:00:00+00:00;;;0.0;0.0;0.0
2025-02-04 07:15:00+00:00;;;0.0;0.0;0.0
2025-02-04 07:30:00+00:00;;;0.0;0.0;0.0
2025-02-04 07:45:00+00:00;;;0.0;0.0;0.0
2025-02-04 08:00:00+00:00;;;0.0;0.0;0.0
2025-02-04 08:15:00+00:00;;;0.0;0.0;0.0
2025-02-04 08:30:00+00:00;;;0.0;0.0;0.0
2025-02-04 08:45:00+00:00;;;0.0;0.0;0.0
2025-02-04 09:00:00+00:00;;;0.0;0.0;0.0
2025-02-04 09:15:00+00:00;;;0.0;0.0;0.0
2025-02-04 09:30:00+00:00;;;0.0;0.0;0.0
2025-02-04 09:45:00+00:00;;;0.0;0.0;0.0
2025-02-04 10:00:00+00:00;;;0.0;0.0;0.0
2025-02-04 10:15:00+00:00;;;0.0;0.0;0.0
2025-02-04 10:30:00+00:00;;;0.0;0.0;0.0
2025-02-04 10:45:00+00:00;;;0.0;0.0;0.0
2025-02-04 11:00:00+00:00;;;0.0;0.0;0.0
2025-02-04 11:15:00+00:00;;;0.0;0.0;0.0
2025-02-04 11:30:00+00:00;;;0.0;0.0;0.0
2025-02-04 11:45:00+00:00;;;0.0;0.0;0.0
2025-02-04 12:00:00+00:00;;;0.0;0.0;0.0
2025-02-04 12:15:00+00:00;;;0.0;0.0;0.0
2025-02-04 12:30:00+00:00;;;0.0;0.0;0.0
2025-02-04 12:45:00+00:00;;;0.0;0.0;0.0
2025-02-04 13:00:00+00:00;;;0.0;0.0;0.0
2025-02-04 13:15:00+00:00;;;0.0;0.0;0.0
2025-02-04 13:30:00+00:00;;;0.0;0.0;0.0
2025-02-04 13:45:00+00:00;;;0.0;0.0;0.0
2025-02-04 14:00:00+00:00;;;0.0;0.0;0.0
2025-02-04 14:15:00+00:00;;;0.0;0.0;0.0
2025-02-04 14:30:00+00:00;;;0.0;0.0;0.0
2025-02-04 14:45:00+00:00;;;0.0;0.0;0.0
2025-02-04 15:00:00+00:00;;;0.0;0.0;0.0
2025-02-04 15:15:00+00:00;;;0.0;0.0;0.0
2025-02-04 15:30:00+00:00;;;0.0;0.0;0.0
2025-02-04 15:45:00+00:00;;;0.0;0.0;0.0
2025-02-04 16:00:00+00:00;;;0.0;0.0;0.0
2025-02-04 16:15:00+00:00;;;0.0;0.0;0.0
2025-02-04 16:30:00+00:00;;;0.0;0.0;0.0
2025-02-04 16:45:00+00:00;;;0.0;0.0;0.0
2025-02-04 17:00:00+00:00;;;0.0;0.0;0.0
2025-02-04 17:15:00+00:00;;;0.0;0.0;0.0
2025-02-04 17:30:00+00:00;;;0.0;0.0;0.0
2025-02-04 17:45:00+00:00;;;0.0;0.0;0.0
2025-02-04 18:00:00+00:00;;;0.0;0.0;0.0
2025-02-04 18:15:00+00:00;;;0.0;0.0;0.0
2025-02-04 18:30:00+00:00;;;0.0;0.0;0.0
2025-02-04 18:45:00+00:00;;;0.0;0.0;0.0
2025-02-04 19:00:00+00:00;;;0.0;0.0;0.0
2025-02-04 19:15:00+00:00;;;0.0;0.0;0.0
2025-02-04 19:30:00+00:00;;;0.0;0.0;0.0
2025-02-04 19:45:00+00:00;;;0.0;0.0;0.0
2025-02-04 20:00:00+00:00;;;0.0;0.0;0.0
2025-02-04 20:15:00+00:00;;;0.0;0.0;0.0
2025-02-04 20:30:00+00:00;;;0.0;0.0;0.0
2025-02-04 20:45:00+00:00;;;0.0;0.0;0.0
2025-02-04 21:00:00+00:00;;;0.0;0.0;0.0
2025-02-04 21:15:00+00:00;;;0.0;0.0;0.0
2025-02-04 21:30:00+00:00;;;0.0;0.0;0.0
2025-02-04 21:45:00+00:00;;;0.0;0.0;0.0
2025-02-04 22:00:00+00:00;;;0.0;0.0;0.0
2025-02-04 22:15:00+00:00;;;0.0;0.0;0.0
2025-02-04 22:30:00+00:00;;;0.0;0.0;0.0
2025-02-04 22:45:00+00:00;;;0.0;0.0;0.0
2025-02-04 23:00:00+00:00;;;0.0;0.0;0.0
2025-02-04 23:15:00+00:00;;;0.0;0.0;0.0
2025-02-04 23:30:00+00:00;;;0.0;0.0;0.0
2025-02-04 23:45:00+00:00;;;0.0;0.0;0.0
2025-02-05 00:00:00+00:00;;;0.0;0.0;0.0
2025-02-05 00:15:00+00:00;;;0.0;0.0;0.0
2025-02-05 00:30:00+00:00;;;0.0;0.0;0.0
2025-02-05 00:45:00+00:00;;;0.0;0.0;0.0
2025-02-05 01:00:00+00:00;;;0.0;0.0;0.0
2025-02-05 01:15:00+00:00;;;0.0;0.0;0.0
2025-02-05 01:30:00+00:00;;;0.0;0.0;0.0
2025-02-05 01:45:00+00:00;;;0.0;0.0;0.0
2025-02-05 02:00:00+00:00;;;0.0;0.0;0.0
2025-02-05 02:15:00+00:00;;;0.0;0.0;0.0
2025-02-05 02:30:00+00:00;;;0.0;0.0;0.0
2025-02-05 02:45:00+00:00;;;0.0;0.0;0.0
2025-02-05 03:00:00+00:00;;;0.0;0.0;0.0
2025-02-05 03:15:00+00:00;;;0.0;0.0;0.0
2025-02-05 03:30:00+00:00;;;0.0;0.0;0.0
2025-02-05 03:45:00+00:00;;;0.0;0.0;0.0
2025-02-05 04:00:00+00:00;;;0.0;0.0;0.0
2025-02-05 04:15:00+00:00;;;0.0;0.0;0.0
2025-02-05 04:30:00+00:00;;;0.0;0.0;0.0
2025-02-05 04:45:00+00:00;;;0.0;0.0;0.0
2025-02-05 05:00:00+00:00;;;0.0;0.0;0.0
2025-02-05 05:15:00+00:00;;;0.0;0.0;0.0
2025-02-05 05:30:00+00:00;;;0.0;0.0;0.0
2025-02-05 05:45:00+00:00;;;0.0;0.0;0.0
2025-02-05 06:00:00+00:00;;;0.0;0.0;0.0
2025-02-05 06:15:00+00:00;;;0.0;0.0;0.0
2025-02-05 06:30:00+00:00;;;0.0;0.0;0.0
2025-02-05 06:45:00+00:00;;;0.0;0.0;0.0
2025-02-05 07:00:00+00:00;;;0.0;0.0;0.0
2025-02-05 07:15:00+00:00;;;0.0;0.0;0.0
2025-02-05 07:30:00+00:00;;;0.0;0.0;0.0
2025-02-05 07:45:00+00:00;;;0.0;0.0;0.0
2025-02-05 08:00:00+00:00;;;0.0;0.0;0.0
2025-02-05 08:15:00+00:00;;;0.0;0.0;0.0
2025-02-05 08:30:00+00:00;;;0.0;0.0;0.0
2025-02-05 08:45:00+00:00;;;0.0;0.0;0.0
2025-02-05 09:00:00+00:00;;;0.0;0.0;0.0
2025-02-05 09:15:00+00:00;;;0.0;0.0;0.0
2025-02-05 09:30:00+00:00;;;0.0;0.0;0.0
2025-02-05 09:45:00+00:00;;;0.0;0.0;0.0
2025-02-05 10:00:00+00:00;;;0.0;0.0;0.0
2025-02-05 10:15:00+00:00;100.0;0.0;0.072;0.0;0.072
2025-02-05 10:30:00+00:00;100.0;0.0;0.008;0.0;0.008
2025-02-05 10:45:00+00:00;;;0.0;0.0;0.0
2025-02-05 11:00:00+00:00;;;0.0;0.0;0.0
2025-02-05 11:15:00+00:00;;;0.0;0.0;0.0
2025-02-05 11:30:00+00:00;;;0.0;0.0;0.0
2025-02-05 11:45:00+00:00;;;0.0;0.0;0.0
2025-02-05 12:00:00+00:00;;;0.0;0.0;0.0
2025-02-05 12:15:00+00:00;;;0.0;0.0;0.0
2025-02-05 12:30:00+00:00;;;0.0;0.0;0.0
2025-02-05 12:45:00+00:00;;;0.0;0.0;0.0
2025-02-05 13:00:00+00:00;;;0.0;0.0;0.0
2025-02-05 13:15:00+00:00;;;0.0;0.0;0.0
2025-02-05 13:30:00+00:00;;;0.0;0.0;0.0
2025-02-05 13:45:00+00:00;;;0.0;0.0;0.0
2025-02-05 14:00:00+00:00;0.0;100.0;0.0;0.348;0.348
2025-02-05 14:15:00+00:00;;;0.0;0.0;0.0
2025-02-05 14:30:00+00:00;;;0.0;0.0;0.0
2025-02-05 14:45:00+00:00;;;0.0;0.0;0.0
2025-02-05 15:00:00+00:00;;;0.0;0.0;0.0
2025-02-05 15:15:00+00:00;;;0.0;0.0;0.0
2025-02-05 15:30:00+00:00;;;0.0;0.0;0.0
2025-02-05 15:45:00+00:00;;;0.0;0.0;0.0
2025-02-05 16:00:00+00:00;;;0.0;0.0;0.0
2025-02-05 16:15:00+00:00;;;0.0;0.0;0.0
2025-02-05 16:30:00+00:00;;;0.0;0.0;0.0
2025-02-05 16:45:00+00:00;;;0.0;0.0;0.0
2025-02-05 17:00:00+00:00;;;0.0;0.0;0.0
2025-02-05 17:15:00+00:00;;;0.0;0.0;0.0
2025-02-05 17:30:00+00:00;;;0.0;0.0;0.0
2025-02-05 17:45:00+00:00;;;0.0;0.0;0.0
2025-02-05 18:00:00+00:00;;;0.0;0.0;0.0
2025-02-05 18:15:00+00:00;;;0.0;0.0;0.0
2025-02-05 18:30:00+00:00;;;0.0;0.0;0.0
2025-02-05 18:45:00+00:00;;;0.0;0.0;0.0
2025-02-05 19:00:00+00:00;;;0.0;0.0;0.0
2025-02-05 19:15:00+00:00;;;0.0;0.0;0.0
2025-02-05 19:30:00+00:00;;;0.0;0.0;0.0
2025-02-05 19:45:00+00:00;;;0.0;0.0;0.0
2025-02-05 20:00:00+00:00;;;0.0;0.0;0.0
2025-02-05 20:15:00+00:00;;;0.0;0.0;0.0
2025-02-05 20:30:00+00:00;;;0.0;0.0;0.0
2025-02-05 20:45:00+00:00;;;0.0;0.0;0.0
2025-02-05 21:00:00+00:00;;;0.0;0.0;0.0
2025-02-05 21:15:00+00:00;;;0.0;0.0;0.0
2025-02-05 21:30:00+00:00;;;0.0;0.0;0.0
2025-02-05 21:45:00+00:00;;;0.0;0.0;0.0
2025-02-05 22:00:00+00:00;;;0.0;0.0;0.0
2025-02-05 22:15:00+00:00;;;0.0;0.0;0.0
2025-02-05 22:30:00+00:00;;;0.0;0.0;0.0
2025-02-05 22:45:00+00:00;;;0.0;0.0;0.0
2025-02-05 23:00:00+00:00;;;0.0;0.0;0.0
2025-02-05 23:15:00+00:00;;;0.0;0.0;0.0
2025-02-05 23:30:00+00:00;;;0.0;0.0;0.0
2025-02-05 23:45:00+00:00;;;0.0;0.0;0.0
2025-02-06 00:00:00+00:00;;;0.0;0.0;0.0
2025-02-06 00:15:00+00:00;;;0.0;0.0;0.0
2025-02-06 00:30:00+00:00;;;0.0;0.0;0.0
2025-02-06 00:45:00+00:00;;;0.0;0.0;0.0
2025-02-06 01:00:00+00:00;;;0.0;0.0;0.0
2025-02-06 01:15:00+00:00;;;0.0;0.0;0.0
2025-02-06 01:30:00+00:00;;;0.0;0.0;0.0
2025-02-06 01:45:00+00:00;;;0.0;0.0;0.0
2025-02-06 02:00:00+00:00;;;0.0;0.0;0.0
2025-02-06 02:15:00+00:00;;;0.0;0.0;0.0
2025-02-06 02:30:00+00:00;;;0.0;0.0;0.0
2025-02-06 02:45:00+00:00;;;0.0;0.0;0.0
2025-02-06 03:00:00+00:00;;;0.0;0.0;0.0
2025-02-06 03:15:00+00:00;;;0.0;0.0;0.0
2025-02-06 03:30:00+00:00;;;0.0;0.0;0.0
2025-02-06 03:45:00+00:00;;;0.0;0.0;0.0
2025-02-06 04:00:00+00:00;;;0.0;0.0;0.0
2025-02-06 04:15:00+00:00;;;0.0;0.0;0.0
2025-02-06 04:30:00+00:00;;;0.0;0.0;0.0
2025-02-06 04:45:00+00:00;;;0.0;0.0;0.0
2025-02-06 05:00:00+00:00;;;0.0;0.0;0.0
2025-02-06 05:15:00+00:00;;;0.0;0.0;0.0
2025-02-06 05:30:00+00:00;;;0.0;0.0;0.0
2025-02-06 05:45:00+00:00;;;0.0;0.0;0.0
2025-02-06 06:00:00+00:00;;;0.0;0.0;0.0
2025-02-06 06:15:00+00:00;;;0.0;0.0;0.0
2025-02-06 06:30:00+00:00;;;0.0;0.0;0.0
2025-02-06 06:45:00+00:00;;;0.0;0.0;0.0
2025-02-06 07:00:00+00:00;;;0.0;0.0;0.0
2025-02-06 07:15:00+00:00;;;0.0;0.0;0.0
2025-02-06 07:30:00+00:00;;;0.0;0.0;0.0
2025-02-06 07:45:00+00:00;;;0.0;0.0;0.0
2025-02-06 08:00:00+00:00;;;0.0;0.0;0.0
2025-02-06 08:15:00+00:00;;;0.0;0.0;0.0
2025-02-06 08:30:00+00:00;;;0.0;0.0;0.0
2025-02-06 08:45:00+00:00;;;0.0;0.0;0.0
2025-02-06 09:00:00+00:00;;;0.0;0.0;0.0
2025-02-06 09:15:00+00:00;;;0.0;0.0;0.0
2025-02-06 09:30:00+00:00;;;0.0;0.0;0.0
2025-02-06 09:45:00+00:00;;;0.0;0.0;0.0
2025-02-06 10:00:00+00:00;;;0.0;0.0;0.0
2025-02-06 10:15:00+00:00;0.0;100.0;0.0;0.624;0.624
2025-02-06 10:30:00+00:00;;;0.0;0.0;0.0
2025-02-06 10:45:00+00:00;100.0;0.0;0.008;0.0;0.008
2025-02-06 11:00:00+00:00;4.808;95.192;0.06;1.188;1.248
2025-02-06 11:15:00+00:00;100.0;0.0;0.024;0.0;0.024
2025-02-06 11:30:00+00:00;;;0.0;0.0;0.0
2025-02-06 11:45:00+00:00;0.0;100.0;0.0;1.424;1.424
2025-02-06 12:00:00+00:00;;;0.0;0.0;0.0
2025-02-06 12:15:00+00:00;;;0.0;0.0;0.0
2025-02-06 12:30:00+00:00;;;0.0;0.0;0.0
2025-02-06 12:45:00+00:00;;;0.0;0.0;0.0
2025-02-06 13:00:00+00:00;0.0;100.0;0.0;0.536;0.536
2025-02-06 13:15:00+00:00;0.0;100.0;0.0;0.464;0.464
2025-02-06 13:30:00+00:00;;;0.0;0.0;0.0
2025-02-06 13:45:00+00:00;;;0.0;0.0;0.0
2025-02-06 14:00:00+00:00;;;0.0;0.0;0.0
2025-02-06 14:15:00+00:00;;;0.0;0.0;0.0
2025-02-06 14:30:00+00:00;;;0.0;0.0;0.0
2025-02-06 14:45:00+00:00;;;0.0;0.0;0.0
2025-02-06 15:00:00+00:00;;;0.0;0.0;0.0
2025-02-06 15:15:00+00:00;;;0.0;0.0;0.0
2025-02-06 15:30:00+00:00;;;0.0;0.0;0.0
2025-02-06 15:45:00+00:00;;;0.0;0.0;0.0
2025-02-06 16:00:00+00:00;;;0.0;0.0;0.0
2025-02-06 16:15:00+00:00;;;0.0;0.0;0.0
2025-02-06 16:30:00+00:00;;;0.0;0.0;0.0
2025-02-06 16:45:00+00:00;;;0.0;0.0;0.0
2025-02-06 17:00:00+00:00;;;0.0;0.0;0.0
2025-02-06 17:15:00+00:00;;;0.0;0.0;0.0
2025-02-06 17:30:00+00:00;;;0.0;0.0;0.0
2025-02-06 17:45:00+00:00;;;0.0;0.0;0.0
2025-02-06 18:00:00+00:00;;;0.0;0.0;0.0
2025-02-06 18:15:00+00:00;;;0.0;0.0;0.0
2025-02-06 18:30:00+00:00;;;0.0;0.0;0.0
2025-02-06 18:45:00+00:00;;;0.0;0.0;0.0
2025-02-06 19:00:00+00:00;;;0.0;0.0;0.0
2025-02-06 19:15:00+00:00;;;0.0;0.0;0.0
2025-02-06 19:30:00+00:00;;;0.0;0.0;0.0
2025-02-06 19:45:00+00:00;;;0.0;0.0;0.0
2025-02-06 20:00:00+00:00;;;0.0;0.0;0.0
2025-02-06 20:15:00+00:00;;;0.0;0.0;0.0
2025-02-06 20:30:00+00:00;;;0.0;0.0;0.0
2025-02-06 20:45:00+00:00;;;0.0;0.0;0.0
2025-02-06 21:00:00+00:00;;;0.0;0.0;0.0
2025-02-06 21:15:00+00:00;;;0.0;0.0;0.0
2025-02-06 21:30:00+00:00;;;0.0;0.0;0.0
2025-02-06 21:45:00+00:00;;;0.0;0.0;0.0
2025-02-06 22:00:00+00:00;;;0.0;0.0;0.0
2025-02-06 22:15:00+00:00;;;0.0;0.0;0.0
2025-02-06 22:30:00+00:00;;;0.0;0.0;0.0
2025-02-06 22:45:00+00:00;;;0.0;0.0;0.0
2025-02-06 23:00:00+00:00;;;0.0;0.0;0.0
2025-02-06 23:15:00+00:00;;;0.0;0.0;0.0
2025-02-06 23:30:00+00:00;;;0.0;0.0;0.0
2025-02-06 23:45:00+00:00;;;0.0;0.0;0.0
2025-02-07 00:00:00+00:00;;;0.0;0.0;0.0
2025-02-07 00:15:00+00:00;;;0.0;0.0;0.0
2025-02-07 00:30:00+00:00;;;0.0;0.0;0.0
2025-02-07 00:45:00+00:00;;;0.0;0.0;0.0
2025-02-07 01:00:00+00:00;;;0.0;0.0;0.0
2025-02-07 01:15:00+00:00;;;0.0;0.0;0.0
2025-02-07 01:30:00+00:00;;;0.0;0.0;0.0
2025-02-07 01:45:00+00:00;;;0.0;0.0;0.0
2025-02-07 02:00:00+00:00;;;0.0;0.0;0.0
2025-02-07 02:15:00+00:00;;;0.0;0.0;0.0
2025-02-07 02:30:00+00:00;;;0.0;0.0;0.0
2025-02-07 02:45:00+00:00;;;0.0;0.0;0.0
2025-02-07 03:00:00+00:00;;;0.0;0.0;0.0
2025-02-07 03:15:00+00:00;;;0.0;0.0;0.0
2025-02-07 03:30:00+00:00;;;0.0;0.0;0.0
2025-02-07 03:45:00+00:00;;;0.0;0.0;0.0
2025-02-07 04:00:00+00:00;;;0.0;0.0;0.0
2025-02-07 04:15:00+00:00;;;0.0;0.0;0.0
2025-02-07 04:30:00+00:00;;;0.0;0.0;0.0
2025-02-07 04:45:00+00:00;;;0.0;0.0;0.0
2025-02-07 05:00:00+00:00;;;0.0;0.0;0.0
2025-02-07 05:15:00+00:00;;;0.0;0.0;0.0
2025-02-07 05:30:00+00:00;;;0.0;0.0;0.0
2025-02-07 05:45:00+00:00;;;0.0;0.0;0.0
2025-02-07 06:00:00+00:00;;;0.0;0.0;0.0
2025-02-07 06:15:00+00:00;;;0.0;0.0;0.0
2025-02-07 06:30:00+00:00;;;0.0;0.0;0.0
2025-02-07 06:45:00+00:00;;;0.0;0.0;0.0
2025-02-07 07:00:00+00:00;;;0.0;0.0;0.0
2025-02-07 07:15:00+00:00;;;0.0;0.0;0.0
2025-02-07 07:30:00+00:00;;;0.0;0.0;0.0
2025-02-07 07:45:00+00:00;;;0.0;0.0;0.0
2025-02-07 08:00:00+00:00;;;0.0;0.0;0.0
2025-02-07 08:15:00+00:00;;;0.0;0.0;0.0
2025-02-07 08:30:00+00:00;;;0.0;0.0;0.0
2025-02-07 08:45:00+00:00;;;0.0;0.0;0.0
2025-02-07 09:00:00+00:00;;;0.0;0.0;0.0
2025-02-07 09:15:00+00:00;;;0.0;0.0;0.0
2025-02-07 09:30:00+00:00;;;0.0;0.0;0.0
2025-02-07 09:45:00+00:00;;;0.0;0.0;0.0
2025-02-07 10:00:00+00:00;;;0.0;0.0;0.0
2025-02-07 10:15:00+00:00;0.0;100.0;0.0;0.152;0.152
2025-02-07 10:30:00+00:00;;;0.0;0.0;0.0
2025-02-07 10:45:00+00:00;;;0.0;0.0;0.0
2025-02-07 11:00:00+00:00;;;0.0;0.0;0.0
2025-02-07 11:15:00+00:00;;;0.0;0.0;0.0
2025-02-07 11:30:00+00:00;;;0.0;0.0;0.0
2025-02-07 11:45:00+00:00;0.0;100.0;0.0;0.744;0.744
2025-02-07 12:00:00+00:00;0.0;100.0;0.0;0.98;0.98
2025-02-07 12:15:00+00:00;;;0.0;0.0;0.0
2025-02-07 12:30:00+00:00;;;0.0;0.0;0.0
2025-02-07 12:45:00+00:00;;;0.0;0.0;0.0
2025-02-07 13:00:00+00:00;;;0.0;0.0;0.0
2025-02-07 13:15:00+00:00;;;0.0;0.0;0.0
2025-02-07 13:30:00+00:00;;;0.0;0.0;0.0
2025-02-07 13:45:00+00:00;0.0;100.0;0.0;0.232;0.232
2025-02-07 14:00:00+00:00;0.0;100.0;0.0;1.208;1.208
2025-02-07 14:15:00+00:00;0.0;100.0;0.0;1.688;1.688
2025-02-07 14:30:00+00:00;;;0.0;0.0;0.0
2025-02-07 14:45:00+00:00;;;0.0;0.0;0.0
2025-02-07 15:00:00+00:00;;;0.0;0.0;0.0
2025-02-07 15:15:00+00:00;0.0;100.0;0.0;0.204;0.204
2025-02-07 15:30:00+00:00;0.0;100.0;0.0;0.024;0.024
2025-02-07 15:45:00+00:00;;;0.0;0.0;0.0
2025-02-07 16:00:00+00:00;;;0.0;0.0;0.0
2025-02-07 16:15:00+00:00;;;0.0;0.0;0.0
2025-02-07 16:30:00+00:00;;;0.0;0.0;0.0
2025-02-07 16:45:00+00:00;;;0.0;0.0;0.0
2025-02-07 17:00:00+00:00;;;0.0;0.0;0.0
2025-02-07 17:15:00+00:00;;;0.0;0.0;0.0
2025-02-07 17:30:00+00:00;;;0.0;0.0;0.0
2025-02-07 17:45:00+00:00;;;0.0;0.0;0.0
2025-02-07 18:00:00+00:00;;;0.0;0.0;0.0
2025-02-07 18:15:00+00:00;;;0.0;0.0;0.0
2025-02-07 18:30:00+00:00;;;0.0;0.0;0.0
2025-02-07 18:45:00+00:00;;;0.0;0.0;0.0
2025-02-07 19:00:00+00:00;;;0.0;0.0;0.0
2025-02-07 19:15:00+00:00;;;0.0;0.0;0.0
2025-02-07 19:30:00+00:00;;;0.0;0.0;0.0
2025-02-07 19:45:00+00:00;;;0.0;0.0;0.0
2025-02-07 20:00:00+00:00;;;0.0;0.0;0.0
2025-02-07 20:15:00+00:00;;;0.0;0.0;0.0
2025-02-07 20:30:00+00:00;;;0.0;0.0;0.0
2025-02-07 20:45:00+00:00;;;0.0;0.0;0.0
2025-02-07 21:00:00+00:00;;;0.0;0.0;0.0
2025-02-07 21:15:00+00:00;;;0.0;0.0;0.0
2025-02-07 21:30:00+00:00;;;0.0;0.0;0.0
2025-02-07 21:45:00+00:00;;;0.0;0.0;0.0
2025-02-07 22:00:00+00:00;;;0.0;0.0;0.0
2025-02-07 22:15:00+00:00;;;0.0;0.0;0.0
2025-02-07 22:30:00+00:00;;;0.0;0.0;0.0
2025-02-07 22:45:00+00:00;;;0.0;0.0;0.0
2025-02-07 23:00:00+00:00;;;0.0;0.0;0.0
2025-02-07 23:15:00+00:00;;;0.0;0.0;0.0
2025-02-07 23:30:00+00:00;;;0.0;0.0;0.0
2025-02-07 23:45:00+00:00;;;0.0;0.0;0.0
2025-02-08 00:00:00+00:00;;;0.0;0.0;0.0
2025-02-08 00:15:00+00:00;;;0.0;0.0;0.0
2025-02-08 00:30:00+00:00;;;0.0;0.0;0.0
2025-02-08 00:45:00+00:00;;;0.0;0.0;0.0
2025-02-08 01:00:00+00:00;;;0.0;0.0;0.0
2025-02-08 01:15:00+00:00;;;0.0;0.0;0.0
2025-02-08 01:30:00+00:00;;;0.0;0.0;0.0
2025-02-08 01:45:00+00:00;;;0.0;0.0;0.0
2025-02-08 02:00:00+00:00;;;0.0;0.0;0.0
2025-02-08 02:15:00+00:00;;;0.0;0.0;0.0
2025-02-08 02:30:00+00:00;;;0.0;0.0;0.0
2025-02-08 02:45:00+00:00;;;0.0;0.0;0.0
2025-02-08 03:00:00+00:00;;;0.0;0.0;0.0
2025-02-08 03:15:00+00:00;;;0.0;0.0;0.0
2025-02-08 03:30:00+00:00;;;0.0;0.0;0.0
2025-02-08 03:45:00+00:00;;;0.0;0.0;0.0
2025-02-08 04:00:00+00:00;;;0.0;0.0;0.0
2025-02-08 04:15:00+00:00;;;0.0;0.0;0.0
2025-02-08 04:30:00+00:00;;;0.0;0.0;0.0
2025-02-08 04:45:00+00:00;;;0.0;0.0;0.0
2025-02-08 05:00:00+00:00;;;0.0;0.0;0.0
2025-02-08 05:15:00+00:00;;;0.0;0.0;0.0
2025-02-08 05:30:00+00:00;;;0.0;0.0;0.0
2025-02-08 05:45:00+00:00;;;0.0;0.0;0.0
2025-02-08 06:00:00+00:00;;;0.0;0.0;0.0
2025-02-08 06:15:00+00:00;;;0.0;0.0;0.0
2025-02-08 06:30:00+00:00;;;0.0;0.0;0.0
2025-02-08 06:45:00+00:00;;;0.0;0.0;0.0
2025-02-08 07:00:00+00:00;;;0.0;0.0;0.0
2025-02-08 07:15:00+00:00;;;0.0;0.0;0.0
2025-02-08 07:30:00+00:00;;;0.0;0.0;0.0
2025-02-08 07:45:00+00:00;;;0.0;0.0;0.0
2025-02-08 08:00:00+00:00;;;0.0;0.0;0.0
2025-02-08 08:15:00+00:00;;;0.0;0.0;0.0
2025-02-08 08:30:00+00:00;;;0.0;0.0;0.0
2025-02-08 08:45:00+00:00;;;0.0;0.0;0.0
2025-02-08 09:00:00+00:00;;;0.0;0.0;0.0
2025-02-08 09:15:00+00:00;;;0.0;0.0;0.0
2025-02-08 09:30:00+00:00;;;0.0;0.0;0.0
2025-02-08 09:45:00+00:00;;;0.0;0.0;0.0
2025-02-08 10:00:00+00:00;;;0.0;0.0;0.0
2025-02-08 10:15:00+00:00;;;0.0;0.0;0.0
2025-02-08 10:30:00+00:00;100.0;0.0;0.012;0.0;0.012
2025-02-08 10:45:00+00:00;;;0.0;0.0;0.0
2025-02-08 11:00:00+00:00;;;0.0;0.0;0.0
2025-02-08 11:15:00+00:00;;;0.0;0.0;0.0
2025-02-08 11:30:00+00:00;;;0.0;0.0;0.0
2025-02-08 11:45:00+00:00;;;0.0;0.0;0.0
2025-02-08 12:00:00+00:00;;;0.0;0.0;0.0
2025-02-08 12:15:00+00:00;;;0.0;0.0;0.0
2025-02-08 12:30:00+00:00;;;0.0;0.0;0.0
2025-02-08 12:45:00+00:00;;;0.0;0.0;0.0
2025-02-08 13:00:00+00:00;100.0;0.0;0.044;0.0;0.044
2025-02-08 13:15:00+00:00;;;0.0;0.0;0.0
2025-02-08 13:30:00+00:00;100.0;0.0;0.012;0.0;0.012
2025-02-08 13:45:00+00:00;;;0.0;0.0;0.0
2025-02-08 14:00:00+00:00;100.0;0.0;0.008;0.0;0.008
2025-02-08 14:15:00+00:00;100.0;0.0;0.028;0.0;0.028
2025-02-08 14:30:00+00:00;100.0;0.0;0.008;0.0;0.008
2025-02-08 14:45:00+00:00;;;0.0;0.0;0.0
2025-02-08 15:00:00+00:00;;;0.0;0.0;0.0
2025-02-08 15:15:00+00:00;;;0.0;0.0;0.0
2025-02-08 15:30:00+00:00;;;0.0;0.0;0.0
2025-02-08 15:45:00+00:00;;;0.0;0.0;0.0
2025-02-08 16:00:00+00:00;;;0.0;0.0;0.0
2025-02-08 16:15:00+00:00;;;0.0;0.0;0.0
2025-02-08 16:30:00+00:00;;;0.0;0.0;0.0
2025-02-08 16:45:00+00:00;;;0.0;0.0;0.0
2025-02-08 17:00:00+00:00;;;0.0;0.0;0.0
2025-02-08 17:15:00+00:00;;;0.0;0.0;0.0
2025-02-08 17:30:00+00:00;;;0.0;0.0;0.0
2025-02-08 17:45:00+00:00;;;0.0;0.0;0.0
2025-02-08 18:00:00+00:00;;;0.0;0.0;0.0
2025-02-08 18:15:00+00:00;;;0.0;0.0;0.0
2025-02-08 18:30:00+00:00;;;0.0;0.0;0.0
2025-02-08 18:45:00+00:00;;;0.0;0.0;0.0
2025-02-08 19:00:00+00:00;;;0.0;0.0;0.0
2025-02-08 19:15:00+00:00;;;0.0;0.0;0.0
2025-02-08 19:30:00+00:00;;;0.0;0.0;0.0
2025-02-08 19:45:00+00:00;;;0.0;0.0;0.0
2025-02-08 20:00:00+00:00;;;0.0;0.0;0.0
2025-02-08 20:15:00+00:00;;;0.0;0.0;0.0
2025-02-08 20:30:00+00:00;;;0.0;0.0;0.0
2025-02-08 20:45:00+00:00;;;0.0;0.0;0.0
2025-02-08 21:00:00+00:00;;;0.0;0.0;0.0
2025-02-08 21:15:00+00:00;;;0.0;0.0;0.0
2025-02-08 21:30:00+00:00;;;0.0;0.0;0.0
2025-02-08 21:45:00+00:00;;;0.0;0.0;0.0
2025-02-08 22:00:00+00:00;;;0.0;0.0;0.0
2025-02-08 22:15:00+00:00;;;0.0;0.0;0.0
2025-02-08 22:30:00+00:00;;;0.0;0.0;0.0
2025-02-08 22:45:00+00:00;;;0.0;0.0;0.0
2025-02-08 23:00:00+00:00;;;0.0;0.0;0.0
2025-02-08 23:15:00+00:00;;;0.0;0.0;0.0
2025-02-08 23:30:00+00:00;;;0.0;0.0;0.0
2025-02-08 23:45:00+00:00;;;0.0;0.0;0.0
2025-02-09 00:00:00+00:00;;;0.0;0.0;0.0
2025-02-09 00:15:00+00:00;;;0.0;0.0;0.0
2025-02-09 00:30:00+00:00;;;0.0;0.0;0.0
2025-02-09 00:45:00+00:00;;;0.0;0.0;0.0
2025-02-09 01:00:00+00:00;;;0.0;0.0;0.0
2025-02-09 01:15:00+00:00;;;0.0;0.0;0.0
2025-02-09 01:30:00+00:00;;;0.0;0.0;0.0
2025-02-09 01:45:00+00:00;;;0.0;0.0;0.0
2025-02-09 02:00:00+00:00;;;0.0;0.0;0.0
2025-02-09 02:15:00+00:00;;;0.0;0.0;0.0
2025-02-09 02:30:00+00:00;;;0.0;0.0;0.0
2025-02-09 02:45:00+00:00;;;0.0;0.0;0.0
2025-02-09 03:00:00+00:00;;;0.0;0.0;0.0
2025-02-09 03:15:00+00:00;;;0.0;0.0;0.0
2025-02-09 03:30:00+00:00;;;0.0;0.0;0.0
2025-02-09 03:45:00+00:00;;;0.0;0.0;0.0
2025-02-09 04:00:00+00:00;;;0.0;0.0;0.0
2025-02-09 04:15:00+00:00;;;0.0;0.0;0.0
2025-02-09 04:30:00+00:00;;;0.0;0.0;0.0
2025-02-09 04:45:00+00:00;;;0.0;0.0;0.0
2025-02-09 05:00:00+00:00;;;0.0;0.0;0.0
2025-02-09 05:15:00+00:00;;;0.0;0.0;0.0
2025-02-09 05:30:00+00:00;;;0.0;0.0;0.0
2025-02-09 05:45:00+00:00;;;0.0;0.0;0.0
2025-02-09 06:00:00+00:00;;;0.0;0.0;0.0
2025-02-09 06:15:00+00:00;;;0.0;0.0;0.0
2025-02-09 06:30:00+00:00;;;0.0;0.0;0.0
2025-02-09 06:45:00+00:00;;;0.0;0.0;0.0
2025-02-09 07:00:00+00:00;;;0.0;0.0;0.0
2025-02-09 07:15:00+00:00;;;0.0;0.0;0.0
2025-02-09 07:30:00+00:00;;;0.0;0.0;0.0
2025-02-09 07:45:00+00:00;;;0.0;0.0;0.0
2025-02-09 08:00:00+00:00;;;0.0;0.0;0.0
2025-02-09 08:15:00+00:00;;;0.0;0.0;0.0
2025-02-09 08:30:00+00:00;;;0.0;0.0;0.0
2025-02-09 08:45:00+00:00;;;0.0;0.0;0.0
2025-02-09 09:00:00+00:00;;;0.0;0.0;0.0
2025-02-09 09:15:00+00:00;;;0.0;0.0;0.0
2025-02-09 09:30:00+00:00;;;0.0;0.0;0.0
2025-02-09 09:45:00+00:00;;;0.0;0.0;0.0
2025-02-09 10:00:00+00:00;;;0.0;0.0;0.0
2025-02-09 10:15:00+00:00;100.0;0.0;0.048;0.0;0.048
2025-02-09 10:30:00+00:00;100.0;0.0;0.08;0.0;0.08
2025-02-09 10:45:00+00:00;4.651;95.349;0.04;0.82;0.86
2025-02-09 11:00:00+00:00;100.0;0.0;0.064;0.0;0.064
2025-02-09 11:15:00+00:00;100.0;0.0;0.116;0.0;0.116
2025-02-09 11:30:00+00:00;;;0.0;0.0;0.0
2025-02-09 11:45:00+00:00;;;0.0;0.0;0.0
2025-02-09 12:00:00+00:00;0.0;100.0;0.0;0.756;0.756
2025-02-09 12:15:00+00:00;0.0;100.0;0.0;0.4;0.4
2025-02-09 12:30:00+00:00;;;0.0;0.0;0.0
2025-02-09 12:45:00+00:00;100.0;0.0;0.032;0.0;0.032
2025-02-09 13:00:00+00:00;100.0;0.0;0.032;0.0;0.032
2025-02-09 13:15:00+00:00;;;0.0;0.0;0.0
2025-02-09 13:30:00+00:00;;;0.0;0.0;0.0
2025-02-09 13:45:00+00:00;100.0;0.0;0.016;0.0;0.016
2025-02-09 14:00:00+00:00;2.865;97.135;0.044;1.492;1.536
2025-02-09 14:15:00+00:00;0.0;100.0;0.0;0.676;0.676
2025-02-09 14:30:00+00:00;0.0;100.0;0.0;0.548;0.548
2025-02-09 14:45:00+00:00;;;0.0;0.0;0.0
2025-02-09 15:00:00+00:00;;;0.0;0.0;0.0
2025-02-09 15:15:00+00:00;;;0.0;0.0;0.0
2025-02-09 15:30:00+00:00;0.0;100.0;0.0;0.036;0.036
2025-02-09 15:45:00+00:00;;;0.0;0.0;0.0
2025-02-09 16:00:00+00:00;;;0.0;0.0;0.0
2025-02-09 16:15:00+00:00;;;0.0;0.0;0.0
2025-02-09 16:30:00+00:00;;;0.0;0.0;0.0
2025-02-09 16:45:00+00:00;;;0.0;0.0;0.0
2025-02-09 17:00:00+00:00;;;0.0;0.0;0.0
2025-02-09 17:15:00+00:00;;;0.0;0.0;0.0
2025-02-09 17:30:00+00:00;;;0.0;0.0;0.0
2025-02-09 17:45:00+00:00;;;0.0;0.0;0.0
2025-02-09 18:00:00+00:00;;;0.0;0.0;0.0
2025-02-09 18:15:00+00:00;;;0.0;0.0;0.0
2025-02-09 18:30:00+00:00;;;0.0;0.0;0.0
2025-02-09 18:45:00+00:00;;;0.0;0.0;0.0
2025-02-09 19:00:00+00:00;;;0.0;0.0;0.0
2025-02-09 19:15:00+00:00;;;0.0;0.0;0.0
2025-02-09 19:30:00+00:00;;;0.0;0.0;0.0
2025-02-09 19:45:00+00:00;;;0.0;0.0;0.0
2025-02-09 20:00:00+00:00;;;0.0;0.0;0.0
2025-02-09 20:15:00+00:00;;;0.0;0.0;0.0
2025-02-09 20:30:00+00:00;;;0.0;0.0;0.0
2025-02-09 20:45:00+00:00;;;0.0;0.0;0.0
2025-02-09 21:00:00+00:00;;;0.0;0.0;0.0
2025-02-09 21:15:00+00:00;;;0.0;0.0;0.0
2025-02-09 21:30:00+00:00;;;0.0;0.0;0.0
2025-02-09 21:45:00+00:00;;;0.0;0.0;0.0
2025-02-09 22:00:00+00:00;;;0.0;0.0;0.0
2025-02-09 22:15:00+00:00;;;0.0;0.0;0.0
2025-02-09 22:30:00+00:00;;;0.0;0.0;0.0
2025-02-09 22:45:00+00:00;;;0.0;0.0;0.0
2025-02-09 23:00:00+00:00;;;0.0;0.0;0.0
2025-02-09 23:15:00+00:00;;;0.0;0.0;0.0
2025-02-09 23:30:00+00:00;;;0.0;0.0;0.0
2025-02-09 23:45:00+00:00;;;0.0;0.0;0.0
2025-02-10 00:00:00+00:00;;;0.0;0.0;0.0
2025-02-10 00:15:00+00:00;;;0.0;0.0;0.0
2025-02-10 00:30:00+00:00;;;0.0;0.0;0.0
2025-02-10 00:45:00+00:00;;;0.0;0.0;0.0
2025-02-10 01:00:00+00:00;;;0.0;0.0;0.0
2025-02-10 01:15:00+00:00;;;0.0;0.0;0.0
2025-02-10 01:30:00+00:00;;;0.0;0.0;0.0
2025-02-10 01:45:00+00:00;;;0.0;0.0;0.0
2025-02-10 02:00:00+00:00;;;0.0;0.0;0.0
2025-02-10 02:15:00+00:00;;;0.0;0.0;0.0
2025-02-10 02:30:00+00:00;;;0.0;0.0;0.0
2025-02-10 02:45:00+00:00;;;0.0;0.0;0.0
2025-02-10 03:00:00+00:00;;;0.0;0.0;0.0
2025-02-10 03:15:00+00:00;;;0.0;0.0;0.0
2025-02-10 03:30:00+00:00;;;0.0;0.0;0.0
2025-02-10 03:45:00+00:00;;;0.0;0.0;0.0
2025-02-10 04:00:00+00:00;;;0.0;0.0;0.0
2025-02-10 04:15:00+00:00;;;0.0;0.0;0.0
2025-02-10 04:30:00+00:00;;;0.0;0.0;0.0
2025-02-10 04:45:00+00:00;;;0.0;0.0;0.0
2025-02-10 05:00:00+00:00;;;0.0;0.0;0.0
2025-02-10 05:15:00+00:00;;;0.0;0.0;0.0
2025-02-10 05:30:00+00:00;;;0.0;0.0;0.0
2025-02-10 05:45:00+00:00;;;0.0;0.0;0.0
2025-02-10 06:00:00+00:00;;;0.0;0.0;0.0
2025-02-10 06:15:00+00:00;;;0.0;0.0;0.0
2025-02-10 06:30:00+00:00;;;0.0;0.0;0.0
2025-02-10 06:45:00+00:00;;;0.0;0.0;0.0
2025-02-10 07:00:00+00:00;;;0.0;0.0;0.0
2025-02-10 07:15:00+00:00;;;0.0;0.0;0.0
2025-02-10 07:30:00+00:00;;;0.0;0.0;0.0
2025-02-10 07:45:00+00:00;;;0.0;0.0;0.0
2025-02-10 08:00:00+00:00;;;0.0;0.0;0.0
2025-02-10 08:15:00+00:00;;;0.0;0.0;0.0
2025-02-10 08:30:00+00:00;;;0.0;0.0;0.0
2025-02-10 08:45:00+00:00;;;0.0;0.0;0.0
2025-02-10 09:00:00+00:00;;;0.0;0.0;0.0
2025-02-10 09:15:00+00:00;;;0.0;0.0;0.0
2025-02-10 09:30:00+00:00;;;0.0;0.0;0.0
2025-02-10 09:45:00+00:00;100.0;0.0;0.056;0.0;0.056
2025-02-10 10:00:00+00:00;100.0;0.0;0.004;0.0;0.004
2025-02-10 10:15:00+00:00;0.0;100.0;0.0;0.336;0.336
2025-02-10 10:30:00+00:00;;;0.0;0.0;0.0
2025-02-10 10:45:00+00:00;100.0;0.0;0.024;0.0;0.024
2025-02-10 11:00:00+00:00;0.0;100.0;0.0;0.676;0.676
2025-02-10 11:15:00+00:00;;;0.0;0.0;0.0
2025-02-10 11:30:00+00:00;;;0.0;0.0;0.0
2025-02-10 11:45:00+00:00;0.0;100.0;0.0;0.244;0.244
2025-02-10 12:00:00+00:00;;;0.0;0.0;0.0
2025-02-10 12:15:00+00:00;;;0.0;0.0;0.0
2025-02-10 12:30:00+00:00;;;0.0;0.0;0.0
2025-02-10 12:45:00+00:00;;;0.0;0.0;0.0
2025-02-10 13:00:00+00:00;;;0.0;0.0;0.0
2025-02-10 13:15:00+00:00;;;0.0;0.0;0.0
2025-02-10 13:30:00+00:00;;;0.0;0.0;0.0
2025-02-10 13:45:00+00:00;;;0.0;0.0;0.0
2025-02-10 14:00:00+00:00;;;0.0;0.0;0.0
2025-02-10 14:15:00+00:00;;;0.0;0.0;0.0
2025-02-10 14:30:00+00:00;;;0.0;0.0;0.0
2025-02-10 14:45:00+00:00;;;0.0;0.0;0.0
2025-02-10 15:00:00+00:00;;;0.0;0.0;0.0
2025-02-10 15:15:00+00:00;;;0.0;0.0;0.0
2025-02-10 15:30:00+00:00;;;0.0;0.0;0.0
2025-02-10 15:45:00+00:00;;;0.0;0.0;0.0
2025-02-10 16:00:00+00:00;;;0.0;0.0;0.0
2025-02-10 16:15:00+00:00;;;0.0;0.0;0.0
2025-02-10 16:30:00+00:00;;;0.0;0.0;0.0
2025-02-10 16:45:00+00:00;;;0.0;0.0;0.0
2025-02-10 17:00:00+00:00;;;0.0;0.0;0.0
2025-02-10 17:15:00+00:00;;;0.0;0.0;0.0
2025-02-10 17:30:00+00:00;;;0.0;0.0;0.0
2025-02-10 17:45:00+00:00;;;0.0;0.0;0.0
2025-02-10 18:00:00+00:00;;;0.0;0.0;0.0
2025-02-10 18:15:00+00:00;;;0.0;0.0;0.0
2025-02-10 18:30:00+00:00;;;0.0;0.0;0.0
2025-02-10 18:45:00+00:00;;;0.0;0.0;0.0
2025-02-10 19:00:00+00:00;;;0.0;0.0;0.0
2025-02-10 19:15:00+00:00;;;0.0;0.0;0.0
2025-02-10 19:30:00+00:00;;;0.0;0.0;0.0
2025-02-10 19:45:00+00:00;;;0.0;0.0;0.0
2025-02-10 20:00:00+00:00;;;0.0;0.0;0.0
2025-02-10 20:15:00+00:00;;;0.0;0.0;0.0
2025-02-10 20:30:00+00:00;;;0.0;0.0;0.0
2025-02-10 20:45:00+00:00;;;0.0;0.0;0.0
2025-02-10 21:00:00+00:00;;;0.0;0.0;0.0
2025-02-10 21:15:00+00:00;;;0.0;0.0;0.0
2025-02-10 21:30:00+00:00;;;0.0;0.0;0.0
2025-02-10 21:45:00+00:00;;;0.0;0.0;0.0
2025-02-10 22:00:00+00:00;;;0.0;0.0;0.0
2025-02-10 22:15:00+00:00;;;0.0;0.0;0.0
2025-02-10 22:30:00+00:00;;;0.0;0.0;0.0
2025-02-10 22:45:00+00:00;;;0.0;0.0;0.0
2025-02-10 23:00:00+00:00;;;0.0;0.0;0.0
2025-02-10 23:15:00+00:00;;;0.0;0.0;0.0
2025-02-10 23:30:00+00:00;;;0.0;0.0;0.0
2025-02-10 23:45:00+00:00;;;0.0;0.0;0.0
2025-02-11 00:00:00+00:00;;;0.0;0.0;0.0
2025-02-11 00:15:00+00:00;;;0.0;0.0;0.0
2025-02-11 00:30:00+00:00;;;0.0;0.0;0.0
2025-02-11 00:45:00+00:00;;;0.0;0.0;0.0
2025-02-11 01:00:00+00:00;;;0.0;0.0;0.0
2025-02-11 01:15:00+00:00;;;0.0;0.0;0.0
2025-02-11 01:30:00+00:00;;;0.0;0.0;0.0
2025-02-11 01:45:00+00:00;;;0.0;0.0;0.0
2025-02-11 02:00:00+00:00;;;0.0;0.0;0.0
2025-02-11 02:15:00+00:00;;;0.0;0.0;0.0
2025-02-11 02:30:00+00:00;;;0.0;0.0;0.0
2025-02-11 02:45:00+00:00;;;0.0;0.0;0.0
2025-02-11 03:00:00+00:00;;;0.0;0.0;0.0
2025-02-11 03:15:00+00:00;;;0.0;0.0;0.0
2025-02-11 03:30:00+00:00;;;0.0;0.0;0.0
2025-02-11 03:45:00+00:00;;;0.0;0.0;0.0
2025-02-11 04:00:00+00:00;;;0.0;0.0;0.0
2025-02-11 04:15:00+00:00;;;0.0;0.0;0.0
2025-02-11 04:30:00+00:00;;;0.0;0.0;0.0
2025-02-11 04:45:00+00:00;;;0.0;0.0;0.0
2025-02-11 05:00:00+00:00;;;0.0;0.0;0.0
2025-02-11 05:15:00+00:00;;;0.0;0.0;0.0
2025-02-11 05:30:00+00:00;;;0.0;0.0;0.0
2025-02-11 05:45:00+00:00;;;0.0;0.0;0.0
2025-02-11 06:00:00+00:00;;;0.0;0.0;0.0
2025-02-11 06:15:00+00:00;;;0.0;0.0;0.0
2025-02-11 06:30:00+00:00;;;0.0;0.0;0.0
2025-02-11 06:45:00+00:00;;;0.0;0.0;0.0
2025-02-11 07:00:00+00:00;;;0.0;0.0;0.0
2025-02-11 07:15:00+00:00;;;0.0;0.0;0.0
2025-02-11 07:30:00+00:00;;;0.0;0.0;0.0
2025-02-11 07:45:00+00:00;;;0.0;0.0;0.0
2025-02-11 08:00:00+00:00;;;0.0;0.0;0.0
2025-02-11 08:15:00+00:00;;;0.0;0.0;0.0
2025-02-11 08:30:00+00:00;;;0.0;0.0;0.0
2025-02-11 08:45:00+00:00;;;0.0;0.0;0.0
2025-02-11 09:00:00+00:00;;;0.0;0.0;0.0
2025-02-11 09:15:00+00:00;;;0.0;0.0;0.0
2025-02-11 09:30:00+00:00;;;0.0;0.0;0.0
2025-02-11 09:45:00+00:00;;;0.0;0.0;0.0
2025-02-11 10:00:00+00:00;;;0.0;0.0;0.0
2025-02-11 10:15:00+00:00;;;0.0;0.0;0.0
2025-02-11 10:30:00+00:00;;;0.0;0.0;0.0
2025-02-11 10:45:00+00:00;;;0.0;0.0;0.0
2025-02-11 11:00:00+00:00;;;0.0;0.0;0.0
2025-02-11 11:15:00+00:00;;;0.0;0.0;0.0
2025-02-11 11:30:00+00:00;;;0.0;0.0;0.0
2025-02-11 11:45:00+00:00;;;0.0;0.0;0.0
2025-02-11 12:00:00+00:00;;;0.0;0.0;0.0
2025-02-11 12:15:00+00:00;;;0.0;0.0;0.0
2025-02-11 12:30:00+00:00;0.0;100.0;0.0;0.956;0.956
2025-02-11 12:45:00+00:00;;;0.0;0.0;0.0
2025-02-11 13:00:00+00:00;;;0.0;0.0;0.0
2025-02-11 13:15:00+00:00;0.0;100.0;0.0;0.104;0.104
2025-02-11 13:30:00+00:00;;;0.0;0.0;0.0
2025-02-11 13:45:00+00:00;0.0;100.0;0.0;0.944;0.944
2025-02-11 14:00:00+00:00;;;0.0;0.0;0.0
2025-02-11 14:15:00+00:00;;;0.0;0.0;0.0
2025-02-11 14:30:00+00:00;;;0.0;0.0;0.0
2025-02-11 14:45:00+00:00;;;0.0;0.0;0.0
2025-02-11 15:00:00+00:00;;;0.0;0.0;0.0
2025-02-11 15:15:00+00:00;;;0.0;0.0;0.0
2025-02-11 15:30:00+00:00;;;0.0;0.0;0.0
2025-02-11 15:45:00+00:00;;;0.0;0.0;0.0
2025-02-11 16:00:00+00:00;;;0.0;0.0;0.0
2025-02-11 16:15:00+00:00;;;0.0;0.0;0.0
2025-02-11 16:30:00+00:00;;;0.0;0.0;0.0
2025-02-11 16:45:00+00:00;;;0.0;0.0;0.0
2025-02-11 17:00:00+00:00;;;0.0;0.0;0.0
2025-02-11 17:15:00+00:00;;;0.0;0.0;0.0
2025-02-11 17:30:00+00:00;;;0.0;0.0;0.0
2025-02-11 17:45:00+00:00;;;0.0;0.0;0.0
2025-02-11 18:00:00+00:00;;;0.0;0.0;0.0
2025-02-11 18:15:00+00:00;;;0.0;0.0;0.0
2025-02-11 18:30:00+00:00;;;0.0;0.0;0.0
2025-02-11 18:45:00+00:00;;;0.0;0.0;0.0
2025-02-11 19:00:00+00:00;;;0.0;0.0;0.0
2025-02-11 19:15:00+00:00;;;0.0;0.0;0.0
2025-02-11 19:30:00+00:00;;;0.0;0.0;0.0
2025-02-11 19:45:00+00:00;;;0.0;0.0;0.0
2025-02-11 20:00:00+00:00;;;0.0;0.0;0.0
2025-02-11 20:15:00+00:00;;;0.0;0.0;0.0
2025-02-11 20:30:00+00:00;;;0.0;0.0;0.0
2025-02-11 20:45:00+00:00;;;0.0;0.0;0.0
2025-02-11 21:00:00+00:00;;;0.0;0.0;0.0
2025-02-11 21:15:00+00:00;;;0.0;0.0;0.0
2025-02-11 21:30:00+00:00;;;0.0;0.0;0.0
2025-02-11 21:45:00+00:00;;;0.0;0.0;0.0
2025-02-11 22:00:00+00:00;;;0.0;0.0;0.0
2025-02-11 22:15:00+00:00;;;0.0;0.0;0.0
2025-02-11 22:30:00+00:00;;;0.0;0.0;0.0
2025-02-11 22:45:00+00:00;;;0.0;0.0;0.0
2025-02-11 23:00:00+00:00;;;0.0;0.0;0.0
2025-02-11 23:15:00+00:00;;;0.0;0.0;0.0
2025-02-11 23:30:00+00:00;;;0.0;0.0;0.0
2025-02-11 23:45:00+00:00;;;0.0;0.0;0.0
2025-02-12 00:00:00+00:00;;;0.0;0.0;0.0
2025-02-12 00:15:00+00:00;;;0.0;0.0;0.0
2025-02-12 00:30:00+00:00;;;0.0;0.0;0.0
2025-02-12 00:45:00+00:00;;;0.0;0.0;0.0
2025-02-12 01:00:00+00:00;;;0.0;0.0;0.0
2025-02-12 01:15:00+00:00;;;0.0;0.0;0.0
2025-02-12 01:30:00+00:00;;;0.0;0.0;0.0
2025-02-12 01:45:00+00:00;;;0.0;0.0;0.0
2025-02-12 02:00:00+00:00;;;0.0;0.0;0.0
2025-02-12 02:15:00+00:00;;;0.0;0.0;0.0
2025-02-12 02:30:00+00:00;;;0.0;0.0;0.0
2025-02-12 02:45:00+00:00;;;0.0;0.0;0.0
2025-02-12 03:00:00+00:00;;;0.0;0.0;0.0
2025-02-12 03:15:00+00:00;;;0.0;0.0;0.0
2025-02-12 03:30:00+00:00;;;0.0;0.0;0.0
2025-02-12 03:45:00+00:00;;;0.0;0.0;0.0
2025-02-12 04:00:00+00:00;;;0.0;0.0;0.0
2025-02-12 04:15:00+00:00;;;0.0;0.0;0.0
2025-02-12 04:30:00+00:00;;;0.0;0.0;0.0
2025-02-12 04:45:00+00:00;;;0.0;0.0;0.0
2025-02-12 05:00:00+00:00;;;0.0;0.0;0.0
2025-02-12 05:15:00+00:00;;;0.0;0.0;0.0
2025-02-12 05:30:00+00:00;;;0.0;0.0;0.0
2025-02-12 05:45:00+00:00;;;0.0;0.0;0.0
2025-02-12 06:00:00+00:00;;;0.0;0.0;0.0
2025-02-12 06:15:00+00:00;;;0.0;0.0;0.0
2025-02-12 06:30:00+00:00;;;0.0;0.0;0.0
2025-02-12 06:45:00+00:00;;;0.0;0.0;0.0
2025-02-12 07:00:00+00:00;;;0.0;0.0;0.0
2025-02-12 07:15:00+00:00;;;0.0;0.0;0.0
2025-02-12 07:30:00+00:00;0.0;100.0;0.0;0.476;0.476
2025-02-12 07:45:00+00:00;;;0.0;0.0;0.0
2025-02-12 08:00:00+00:00;0.0;100.0;0.0;1.608;1.608
2025-02-12 08:15:00+00:00;0.0;100.0;0.0;3.548;3.548
2025-02-12 08:30:00+00:00;0.0;100.0;0.0;0.128;0.128
2025-02-12 08:45:00+00:00;0.0;100.0;0.0;1.264;1.264
2025-02-12 09:00:00+00:00;0.0;100.0;0.0;3.836;3.836
2025-02-12 09:15:00+00:00;0.0;100.0;0.0;2.308;2.308
2025-02-12 09:30:00+00:00;0.0;100.0;0.0;3.412;3.412
2025-02-12 09:45:00+00:00;0.0;100.0;0.0;2.82;2.82
2025-02-12 10:00:00+00:00;0.0;100.0;0.0;1.384;1.384
2025-02-12 10:15:00+00:00;0.0;100.0;0.0;5.336;5.336
2025-02-12 10:30:00+00:00;0.0;100.0;0.0;4.756;4.756
2025-02-12 10:45:00+00:00;0.0;100.0;0.0;4.808;4.808
2025-02-12 11:00:00+00:00;0.0;100.0;0.0;3.048;3.048
2025-02-12 11:15:00+00:00;0.0;100.0;0.0;2.384;2.384
2025-02-12 11:30:00+00:00;0.0;100.0;0.0;1.032;1.032
2025-02-12 11:45:00+00:00;0.0;100.0;0.0;3.896;3.896
2025-02-12 12:00:00+00:00;0.345;99.655;0.005;1.443;1.448
2025-02-12 12:15:00+00:00;0.0;100.0;0.0;3.556;3.556
2025-02-12 12:30:00+00:00;0.0;100.0;0.0;3.132;3.132
2025-02-12 12:45:00+00:00;0.0;100.0;0.0;2.376;2.376
2025-02-12 13:00:00+00:00;0.0;100.0;0.0;2.264;2.264
2025-02-12 13:15:00+00:00;0.0;100.0;0.0;0.572;0.572
2025-02-12 13:30:00+00:00;;;0.0;0.0;0.0
2025-02-12 13:45:00+00:00;0.0;100.0;0.0;2.004;2.004
2025-02-12 14:00:00+00:00;0.0;100.0;0.0;1.356;1.356
2025-02-12 14:15:00+00:00;0.0;100.0;0.0;2.476;2.476
2025-02-12 14:30:00+00:00;0.0;100.0;0.0;1.148;1.148
2025-02-12 14:45:00+00:00;;;0.0;0.0;0.0
2025-02-12 15:00:00+00:00;;;0.0;0.0;0.0
2025-02-12 15:15:00+00:00;;;0.0;0.0;0.0
2025-02-12 15:30:00+00:00;;;0.0;0.0;0.0
2025-02-12 15:45:00+00:00;;;0.0;0.0;0.0
2025-02-12 16:00:00+00:00;;;0.0;0.0;0.0
2025-02-12 16:15:00+00:00;;;0.0;0.0;0.0
2025-02-12 16:30:00+00:00;;;0.0;0.0;0.0
2025-02-12 16:45:00+00:00;;;0.0;0.0;0.0
2025-02-12 17:00:00+00:00;;;0.0;0.0;0.0
2025-02-12 17:15:00+00:00;;;0.0;0.0;0.0
2025-02-12 17:30:00+00:00;;;0.0;0.0;0.0
2025-02-12 17:45:00+00:00;;;0.0;0.0;0.0
2025-02-12 18:00:00+00:00;;;0.0;0.0;0.0
2025-02-12 18:15:00+00:00;;;0.0;0.0;0.0
2025-02-12 18:30:00+00:00;;;0.0;0.0;0.0
2025-02-12 18:45:00+00:00;;;0.0;0.0;0.0
2025-02-12 19:00:00+00:00;;;0.0;0.0;0.0
2025-02-12 19:15:00+00:00;;;0.0;0.0;0.0
2025-02-12 19:30:00+00:00;;;0.0;0.0;0.0
2025-02-12 19:45:00+00:00;;;0.0;0.0;0.0
2025-02-12 20:00:00+00:00;;;0.0;0.0;0.0
2025-02-12 20:15:00+00:00;;;0.0;0.0;0.0
2025-02-12 20:30:00+00:00;;;0.0;0.0;0.0
2025-02-12 20:45:00+00:00;;;0.0;0.0;0.0
2025-02-12 21:00:00+00:00;;;0.0;0.0;0.0
2025-02-12 21:15:00+00:00;;;0.0;0.0;0.0
2025-02-12 21:30:00+00:00;;;0.0;0.0;0.0
2025-02-12 21:45:00+00:00;;;0.0;0.0;0.0
2025-02-12 22:00:00+00:00;;;0.0;0.0;0.0
2025-02-12 22:15:00+00:00;;;0.0;0.0;0.0
2025-02-12 22:30:00+00:00;;;0.0;0.0;0.0
2025-02-12 22:45:00+00:00;;;0.0;0.0;0.0
2025-02-12 23:00:00+00:00;;;0.0;0.0;0.0
2025-02-12 23:15:00+00:00;;;0.0;0.0;0.0
2025-02-12 23:30:00+00:00;;;0.0;0.0;0.0
2025-02-12 23:45:00+00:00;;;0.0;0.0;0.0
2025-02-13 00:00:00+00:00;;;0.0;0.0;0.0
2025-02-13 00:15:00+00:00;;;0.0;0.0;0.0
2025-02-13 00:30:00+00:00;;;0.0;0.0;0.0
2025-02-13 00:45:00+00:00;;;0.0;0.0;0.0
2025-02-13 01:00:00+00:00;;;0.0;0.0;0.0
2025-02-13 01:15:00+00:00;;;0.0;0.0;0.0
2025-02-13 01:30:00+00:00;;;0.0;0.0;0.0
2025-02-13 01:45:00+00:00;;;0.0;0.0;0.0
2025-02-13 02:00:00+00:00;;;0.0;0.0;0.0
2025-02-13 02:15:00+00:00;;;0.0;0.0;0.0
2025-02-13 02:30:00+00:00;;;0.0;0.0;0.0
2025-02-13 02:45:00+00:00;;;0.0;0.0;0.0
2025-02-13 03:00:00+00:00;;;0.0;0.0;0.0
2025-02-13 03:15:00+00:00;;;0.0;0.0;0.0
2025-02-13 03:30:00+00:00;;;0.0;0.0;0.0
2025-02-13 03:45:00+00:00;;;0.0;0.0;0.0
2025-02-13 04:00:00+00:00;;;0.0;0.0;0.0
2025-02-13 04:15:00+00:00;;;0.0;0.0;0.0
2025-02-13 04:30:00+00:00;;;0.0;0.0;0.0
2025-02-13 04:45:00+00:00;;;0.0;0.0;0.0
2025-02-13 05:00:00+00:00;;;0.0;0.0;0.0
2025-02-13 05:15:00+00:00;;;0.0;0.0;0.0
2025-02-13 05:30:00+00:00;;;0.0;0.0;0.0
2025-02-13 05:45:00+00:00;;;0.0;0.0;0.0
2025-02-13 06:00:00+00:00;;;0.0;0.0;0.0
2025-02-13 06:15:00+00:00;;;0.0;0.0;0.0
2025-02-13 06:30:00+00:00;;;0.0;0.0;0.0
2025-02-13 06:45:00+00:00;;;0.0;0.0;0.0
2025-02-13 07:00:00+00:00;;;0.0;0.0;0.0
2025-02-13 07:15:00+00:00;;;0.0;0.0;0.0
2025-02-13 07:30:00+00:00;;;0.0;0.0;0.0
2025-02-13 07:45:00+00:00;;;0.0;0.0;0.0
2025-02-13 08:00:00+00:00;;;0.0;0.0;0.0
2025-02-13 08:15:00+00:00;;;0.0;0.0;0.0
2025-02-13 08:30:00+00:00;;;0.0;0.0;0.0
2025-02-13 08:45:00+00:00;;;0.0;0.0;0.0
2025-02-13 09:00:00+00:00;0.0;100.0;0.0;0.516;0.516
2025-02-13 09:15:00+00:00;0.0;100.0;0.0;1.48;1.48
2025-02-13 09:30:00+00:00;;;0.0;0.0;0.0
2025-02-13 09:45:00+00:00;0.0;100.0;0.0;3.672;3.672
2025-02-13 10:00:00+00:00;0.0;100.0;0.0;2.18;2.18
2025-02-13 10:15:00+00:00;0.0;100.0;0.0;2.488;2.488
2025-02-13 10:30:00+00:00;;;0.0;0.0;0.0
2025-02-13 10:45:00+00:00;;;0.0;0.0;0.0
2025-02-13 11:00:00+00:00;0.0;100.0;0.0;2.904;2.904
2025-02-13 11:15:00+00:00;0.0;100.0;0.0;2.112;2.112
2025-02-13 11:30:00+00:00;;;0.0;0.0;0.0
2025-02-13 11:45:00+00:00;;;0.0;0.0;0.0
2025-02-13 12:00:00+00:00;;;0.0;0.0;0.0
2025-02-13 12:15:00+00:00;;;0.0;0.0;0.0
2025-02-13 12:30:00+00:00;;;0.0;0.0;0.0
2025-02-13 12:45:00+00:00;;;0.0;0.0;0.0
2025-02-13 13:00:00+00:00;;;0.0;0.0;0.0
2025-02-13 13:15:00+00:00;;;0.0;0.0;0.0
2025-02-13 13:30:00+00:00;;;0.0;0.0;0.0
2025-02-13 13:45:00+00:00;;;0.0;0.0;0.0
2025-02-13 14:00:00+00:00;;;0.0;0.0;0.0
2025-02-13 14:15:00+00:00;;;0.0;0.0;0.0
2025-02-13 14:30:00+00:00;;;0.0;0.0;0.0
2025-02-13 14:45:00+00:00;;;0.0;0.0;0.0
2025-02-13 15:00:00+00:00;;;0.0;0.0;0.0
2025-02-13 15:15:00+00:00;;;0.0;0.0;0.0
2025-02-13 15:30:00+00:00;;;0.0;0.0;0.0
2025-02-13 15:45:00+00:00;;;0.0;0.0;0.0
2025-02-13 16:00:00+00:00;;;0.0;0.0;0.0
2025-02-13 16:15:00+00:00;;;0.0;0.0;0.0
2025-02-13 16:30:00+00:00;;;0.0;0.0;0.0
2025-02-13 16:45:00+00:00;;;0.0;0.0;0.0
2025-02-13 17:00:00+00:00;;;0.0;0.0;0.0
2025-02-13 17:15:00+00:00;;;0.0;0.0;0.0
2025-02-13 17:30:00+00:00;;;0.0;0.0;0.0
2025-02-13 17:45:00+00:00;;;0.0;0.0;0.0
2025-02-13 18:00:00+00:00;;;0.0;0.0;0.0
2025-02-13 18:15:00+00:00;;;0.0;0.0;0.0
2025-02-13 18:30:00+00:00;;;0.0;0.0;0.0
2025-02-13 18:45:00+00:00;;;0.0;0.0;0.0
2025-02-13 19:00:00+00:00;;;0.0;0.0;0.0
2025-02-13 19:15:00+00:00;;;0.0;0.0;0.0
2025-02-13 19:30:00+00:00;;;0.0;0.0;0.0
2025-02-13 19:45:00+00:00;;;0.0;0.0;0.0
2025-02-13 20:00:00+00:00;;;0.0;0.0;0.0
2025-02-13 20:15:00+00:00;;;0.0;0.0;0.0
2025-02-13 20:30:00+00:00;;;0.0;0.0;0.0
2025-02-13 20:45:00+00:00;;;0.0;0.0;0.0
2025-02-13 21:00:00+00:00;;;0.0;0.0;0.0
2025-02-13 21:15:00+00:00;;;0.0;0.0;0.0
2025-02-13 21:30:00+00:00;;;0.0;0.0;0.0
2025-02-13 21:45:00+00:00;;;0.0;0.0;0.0
2025-02-13 22:00:00+00:00;;;0.0;0.0;0.0
2025-02-13 22:15:00+00:00;;;0.0;0.0;0.0
2025-02-13 22:30:00+00:00;;;0.0;0.0;0.0
2025-02-13 22:45:00+00:00;;;0.0;0.0;0.0
2025-02-13 23:00:00+00:00;;;0.0;0.0;0.0
2025-02-13 23:15:00+00:00;;;0.0;0.0;0.0
2025-02-13 23:30:00+00:00;;;0.0;0.0;0.0
2025-02-13 23:45:00+00:00;;;0.0;0.0;0.0
2025-02-14 00:00:00+00:00;;;0.0;0.0;0.0
2025-02-14 00:15:00+00:00;;;0.0;0.0;0.0
2025-02-14 00:30:00+00:00;;;0.0;0.0;0.0
2025-02-14 00:45:00+00:00;;;0.0;0.0;0.0
2025-02-14 01:00:00+00:00;;;0.0;0.0;0.0
2025-02-14 01:15:00+00:00;;;0.0;0.0;0.0
2025-02-14 01:30:00+00:00;;;0.0;0.0;0.0
2025-02-14 01:45:00+00:00;;;0.0;0.0;0.0
2025-02-14 02:00:00+00:00;;;0.0;0.0;0.0
2025-02-14 02:15:00+00:00;;;0.0;0.0;0.0
2025-02-14 02:30:00+00:00;;;0.0;0.0;0.0
2025-02-14 02:45:00+00:00;;;0.0;0.0;0.0
2025-02-14 03:00:00+00:00;;;0.0;0.0;0.0
2025-02-14 03:15:00+00:00;;;0.0;0.0;0.0
2025-02-14 03:30:00+00:00;;;0.0;0.0;0.0
2025-02-14 03:45:00+00:00;;;0.0;0.0;0.0
2025-02-14 04:00:00+00:00;;;0.0;0.0;0.0
2025-02-14 04:15:00+00:00;;;0.0;0.0;0.0
2025-02-14 04:30:00+00:00;;;0.0;0.0;0.0
2025-02-14 04:45:00+00:00;;;0.0;0.0;0.0
2025-02-14 05:00:00+00:00;;;0.0;0.0;0.0
2025-02-14 05:15:00+00:00;;;0.0;0.0;0.0
2025-02-14 05:30:00+00:00;;;0.0;0.0;0.0
2025-02-14 05:45:00+00:00;;;0.0;0.0;0.0
2025-02-14 06:00:00+00:00;;;0.0;0.0;0.0
2025-02-14 06:15:00+00:00;;;0.0;0.0;0.0
2025-02-14 06:30:00+00:00;;;0.0;0.0;0.0
2025-02-14 06:45:00+00:00;;;0.0;0.0;0.0
2025-02-14 07:00:00+00:00;;;0.0;0.0;0.0
2025-02-14 07:15:00+00:00;;;0.0;0.0;0.0
2025-02-14 07:30:00+00:00;;;0.0;0.0;0.0
2025-02-14 07:45:00+00:00;;;0.0;0.0;0.0
2025-02-14 08:00:00+00:00;;;0.0;0.0;0.0
2025-02-14 08:15:00+00:00;;;0.0;0.0;0.0
2025-02-14 08:30:00+00:00;0.0;100.0;0.0;2.664;2.664
2025-02-14 08:45:00+00:00;;;0.0;0.0;0.0
2025-02-14 09:00:00+00:00;;;0.0;0.0;0.0
2025-02-14 09:15:00+00:00;;;0.0;0.0;0.0
2025-02-14 09:30:00+00:00;;;0.0;0.0;0.0
2025-02-14 09:45:00+00:00;;;0.0;0.0;0.0
2025-02-14 10:00:00+00:00;;;0.0;0.0;0.0
2025-02-14 10:15:00+00:00;;;0.0;0.0;0.0
2025-02-14 10:30:00+00:00;100.0;0.0;0.008;0.0;0.008
2025-02-14 10:45:00+00:00;;;0.0;0.0;0.0
2025-02-14 11:00:00+00:00;0.0;100.0;0.0;1.836;1.836
2025-02-14 11:15:00+00:00;;;0.0;0.0;0.0
2025-02-14 11:30:00+00:00;100.0;0.0;0.004;0.0;0.004
2025-02-14 11:45:00+00:00;0.0;100.0;0.0;1.408;1.408
2025-02-14 12:00:00+00:00;;;0.0;0.0;0.0
2025-02-14 12:15:00+00:00;;;0.0;0.0;0.0
2025-02-14 12:30:00+00:00;0.0;100.0;0.0;0.244;0.244
2025-02-14 12:45:00+00:00;;;0.0;0.0;0.0
2025-02-14 13:00:00+00:00;;;0.0;0.0;0.0
2025-02-14 13:15:00+00:00;;;0.0;0.0;0.0
2025-02-14 13:30:00+00:00;;;0.0;0.0;0.0
2025-02-14 13:45:00+00:00;;;0.0;0.0;0.0
2025-02-14 14:00:00+00:00;;;0.0;0.0;0.0
2025-02-14 14:15:00+00:00;;;0.0;0.0;0.0
2025-02-14 14:30:00+00:00;;;0.0;0.0;0.0
2025-02-14 14:45:00+00:00;;;0.0;0.0;0.0
2025-02-14 15:00:00+00:00;;;0.0;0.0;0.0
2025-02-14 15:15:00+00:00;;;0.0;0.0;0.0
2025-02-14 15:30:00+00:00;;;0.0;0.0;0.0
2025-02-14 15:45:00+00:00;;;0.0;0.0;0.0
2025-02-14 16:00:00+00:00;;;0.0;0.0;0.0
2025-02-14 16:15:00+00:00;;;0.0;0.0;0.0
2025-02-14 16:30:00+00:00;;;0.0;0.0;0.0
2025-02-14 16:45:00+00:00;;;0.0;0.0;0.0
2025-02-14 17:00:00+00:00;;;0.0;0.0;0.0
2025-02-14 17:15:00+00:00;;;0.0;0.0;0.0
2025-02-14 17:30:00+00:00;;;0.0;0.0;0.0
2025-02-14 17:45:00+00:00;;;0.0;0.0;0.0
2025-02-14 18:00:00+00:00;;;0.0;0.0;0.0
2025-02-14 18:15:00+00:00;;;0.0;0.0;0.0
2025-02-14 18:30:00+00:00;;;0.0;0.0;0.0
2025-02-14 18:45:00+00:00;;;0.0;0.0;0.0
2025-02-14 19:00:00+00:00;;;0.0;0.0;0.0
2025-02-14 19:15:00+00:00;;;0.0;0.0;0.0
2025-02-14 19:30:00+00:00;;;0.0;0.0;0.0
2025-02-14 19:45:00+00:00;;;0.0;0.0;0.0
2025-02-14 20:00:00+00:00;;;0.0;0.0;0.0
2025-02-14 20:15:00+00:00;;;0.0;0.0;0.0
2025-02-14 20:30:00+00:00;;;0.0;0.0;0.0
2025-02-14 20:45:00+00:00;;;0.0;0.0;0.0
2025-02-14 21:00:00+00:00;;;0.0;0.0;0.0
2025-02-14 21:15:00+00:00;;;0.0;0.0;0.0
2025-02-14 21:30:00+00:00;;;0.0;0.0;0.0
2025-02-14 21:45:00+00:00;;;0.0;0.0;0.0
2025-02-14 22:00:00+00:00;;;0.0;0.0;0.0
2025-02-14 22:15:00+00:00;;;0.0;0.0;0.0
2025-02-14 22:30:00+00:00;;;0.0;0.0;0.0
2025-02-14 22:45:00+00:00;;;0.0;0.0;0.0
2025-02-14 23:00:00+00:00;;;0.0;0.0;0.0
2025-02-14 23:15:00+00:00;;;0.0;0.0;0.0
2025-02-14 23:30:00+00:00;;;0.0;0.0;0.0
2025-02-14 23:45:00+00:00;;;0.0;0.0;0.0
2025-02-15 00:00:00+00:00;;;0.0;0.0;0.0
2025-02-15 00:15:00+00:00;;;0.0;0.0;0.0
2025-02-15 00:30:00+00:00;;;0.0;0.0;0.0
2025-02-15 00:45:00+00:00;;;0.0;0.0;0.0
2025-02-15 01:00:00+00:00;;;0.0;0.0;0.0
2025-02-15 01:15:00+00:00;;;0.0;0.0;0.0
2025-02-15 01:30:00+00:00;;;0.0;0.0;0.0
2025-02-15 01:45:00+00:00;;;0.0;0.0;0.0
2025-02-15 02:00:00+00:00;;;0.0;0.0;0.0
2025-02-15 02:15:00+00:00;;;0.0;0.0;0.0
2025-02-15 02:30:00+00:00;;;0.0;0.0;0.0
2025-02-15 02:45:00+00:00;;;0.0;0.0;0.0
2025-02-15 03:00:00+00:00;;;0.0;0.0;0.0
2025-02-15 03:15:00+00:00;;;0.0;0.0;0.0
2025-02-15 03:30:00+00:00;;;0.0;0.0;0.0
2025-02-15 03:45:00+00:00;;;0.0;0.0;0.0
2025-02-15 04:00:00+00:00;;;0.0;0.0;0.0
2025-02-15 04:15:00+00:00;;;0.0;0.0;0.0
2025-02-15 04:30:00+00:00;;;0.0;0.0;0.0
2025-02-15 04:45:00+00:00;;;0.0;0.0;0.0
2025-02-15 05:00:00+00:00;;;0.0;0.0;0.0
2025-02-15 05:15:00+00:00;;;0.0;0.0;0.0
2025-02-15 05:30:00+00:00;;;0.0;0.0;0.0
2025-02-15 05:45:00+00:00;;;0.0;0.0;0.0
2025-02-15 06:00:00+00:00;;;0.0;0.0;0.0
2025-02-15 06:15:00+00:00;;;0.0;0.0;0.0
2025-02-15 06:30:00+00:00;;;0.0;0.0;0.0
2025-02-15 06:45:00+00:00;;;0.0;0.0;0.0
2025-02-15 07:00:00+00:00;;;0.0;0.0;0.0
2025-02-15 07:15:00+00:00;;;0.0;0.0;0.0
2025-02-15 07:30:00+00:00;;;0.0;0.0;0.0
2025-02-15 07:45:00+00:00;;;0.0;0.0;0.0
2025-02-15 08:00:00+00:00;;;0.0;0.0;0.0
2025-02-15 08:15:00+00:00;;;0.0;0.0;0.0
2025-02-15 08:30:00+00:00;;;0.0;0.0;0.0
2025-02-15 08:45:00+00:00;;;0.0;0.0;0.0
2025-02-15 09:00:00+00:00;;;0.0;0.0;0.0
2025-02-15 09:15:00+00:00;;;0.0;0.0;0.0
2025-02-15 09:30:00+00:00;;;0.0;0.0;0.0
2025-02-15 09:45:00+00:00;0.0;100.0;0.0;0.62;0.62
2025-02-15 10:00:00+00:00;;;0.0;0.0;0.0
2025-02-15 10:15:00+00:00;;;0.0;0.0;0.0
2025-02-15 10:30:00+00:00;;;0.0;0.0;0.0
2025-02-15 10:45:00+00:00;;;0.0;0.0;0.0
2025-02-15 11:00:00+00:00;;;0.0;0.0;0.0
2025-02-15 11:15:00+00:00;;;0.0;0.0;0.0
2025-02-15 11:30:00+00:00;;;0.0;0.0;0.0
2025-02-15 11:45:00+00:00;;;0.0;0.0;0.0
2025-02-15 12:00:00+00:00;;;0.0;0.0;0.0
2025-02-15 12:15:00+00:00;;;0.0;0.0;0.0
2025-02-15 12:30:00+00:00;;;0.0;0.0;0.0
2025-02-15 12:45:00+00:00;;;0.0;0.0;0.0
2025-02-15 13:00:00+00:00;;;0.0;0.0;0.0
2025-02-15 13:15:00+00:00;;;0.0;0.0;0.0
2025-02-15 13:30:00+00:00;;;0.0;0.0;0.0
2025-02-15 13:45:00+00:00;;;0.0;0.0;0.0
2025-02-15 14:00:00+00:00;0.0;100.0;0.0;1.988;1.988
2025-02-15 14:15:00+00:00;0.0;100.0;0.0;1.624;1.624
2025-02-15 14:30:00+00:00;;;0.0;0.0;0.0
2025-02-15 14:45:00+00:00;;;0.0;0.0;0.0
2025-02-15 15:00:00+00:00;;;0.0;0.0;0.0
2025-02-15 15:15:00+00:00;;;0.0;0.0;0.0
2025-02-15 15:30:00+00:00;0.0;100.0;0.0;0.34;0.34
2025-02-15 15:45:00+00:00;0.0;100.0;0.0;0.096;0.096
2025-02-15 16:00:00+00:00;;;0.0;0.0;0.0
2025-02-15 16:15:00+00:00;;;0.0;0.0;0.0
2025-02-15 16:30:00+00:00;;;0.0;0.0;0.0
2025-02-15 16:45:00+00:00;;;0.0;0.0;0.0
2025-02-15 17:00:00+00:00;;;0.0;0.0;0.0
2025-02-15 17:15:00+00:00;;;0.0;0.0;0.0
2025-02-15 17:30:00+00:00;;;0.0;0.0;0.0
2025-02-15 17:45:00+00:00;;;0.0;0.0;0.0
2025-02-15 18:00:00+00:00;;;0.0;0.0;0.0
2025-02-15 18:15:00+00:00;;;0.0;0.0;0.0
2025-02-15 18:30:00+00:00;;;0.0;0.0;0.0
2025-02-15 18:45:00+00:00;;;0.0;0.0;0.0
2025-02-15 19:00:00+00:00;;;0.0;0.0;0.0
2025-02-15 19:15:00+00:00;;;0.0;0.0;0.0
2025-02-15 19:30:00+00:00;;;0.0;0.0;0.0
2025-02-15 19:45:00+00:00;;;0.0;0.0;0.0
2025-02-15 20:00:00+00:00;;;0.0;0.0;0.0
2025-02-15 20:15:00+00:00;;;0.0;0.0;0.0
2025-02-15 20:30:00+00:00;;;0.0;0.0;0.0
2025-02-15 20:45:00+00:00;;;0.0;0.0;0.0
2025-02-15 21:00:00+00:00;;;0.0;0.0;0.0
2025-02-15 21:15:00+00:00;;;0.0;0.0;0.0
2025-02-15 21:30:00+00:00;;;0.0;0.0;0.0
2025-02-15 21:45:00+00:00;;;0.0;0.0;0.0
2025-02-15 22:00:00+00:00;;;0.0;0.0;0.0
2025-02-15 22:15:00+00:00;;;0.0;0.0;0.0
2025-02-15 22:30:00+00:00;;;0.0;0.0;0.0
2025-02-15 22:45:00+00:00;;;0.0;0.0;0.0
2025-02-15 23:00:00+00:00;;;0.0;0.0;0.0
2025-02-15 23:15:00+00:00;;;0.0;0.0;0.0
2025-02-15 23:30:00+00:00;;;0.0;0.0;0.0
2025-02-15 23:45:00+00:00;;;0.0;0.0;0.0
2025-02-16 00:00:00+00:00;;;0.0;0.0;0.0
2025-02-16 00:15:00+00:00;;;0.0;0.0;0.0
2025-02-16 00:30:00+00:00;;;0.0;0.0;0.0
2025-02-16 00:45:00+00:00;;;0.0;0.0;0.0
2025-02-16 01:00:00+00:00;;;0.0;0.0;0.0
2025-02-16 01:15:00+00:00;;;0.0;0.0;0.0
2025-02-16 01:30:00+00:00;;;0.0;0.0;0.0
2025-02-16 01:45:00+00:00;;;0.0;0.0;0.0
2025-02-16 02:00:00+00:00;;;0.0;0.0;0.0
2025-02-16 02:15:00+00:00;;;0.0;0.0;0.0
2025-02-16 02:30:00+00:00;;;0.0;0.0;0.0
2025-02-16 02:45:00+00:00;;;0.0;0.0;0.0
2025-02-16 03:00:00+00:00;;;0.0;0.0;0.0
2025-02-16 03:15:00+00:00;;;0.0;0.0;0.0
2025-02-16 03:30:00+00:00;;;0.0;0.0;0.0
2025-02-16 03:45:00+00:00;;;0.0;0.0;0.0
2025-02-16 04:00:00+00:00;;;0.0;0.0;0.0
2025-02-16 04:15:00+00:00;;;0.0;0.0;0.0
2025-02-16 04:30:00+00:00;;;0.0;0.0;0.0
2025-02-16 04:45:00+00:00;;;0.0;0.0;0.0
2025-02-16 05:00:00+00:00;;;0.0;0.0;0.0
2025-02-16 05:15:00+00:00;;;0.0;0.0;0.0
2025-02-16 05:30:00+00:00;;;0.0;0.0;0.0
2025-02-16 05:45:00+00:00;;;0.0;0.0;0.0
2025-02-16 06:00:00+00:00;;;0.0;0.0;0.0
2025-02-16 06:15:00+00:00;;;0.0;0.0;0.0
2025-02-16 06:30:00+00:00;;;0.0;0.0;0.0
2025-02-16 06:45:00+00:00;;;0.0;0.0;0.0
2025-02-16 07:00:00+00:00;;;0.0;0.0;0.0
2025-02-16 07:15:00+00:00;;;0.0;0.0;0.0
2025-02-16 07:30:00+00:00;;;0.0;0.0;0.0
2025-02-16 07:45:00+00:00;;;0.0;0.0;0.0
2025-02-16 08:00:00+00:00;;;0.0;0.0;0.0
2025-02-16 08:15:00+00:00;;;0.0;0.0;0.0
2025-02-16 08:30:00+00:00;;;0.0;0.0;0.0
2025-02-16 08:45:00+00:00;;;0.0;0.0;0.0
2025-02-16 09:00:00+00:00;;;0.0;0.0;0.0
2025-02-16 09:15:00+00:00;;;0.0;0.0;0.0
2025-02-16 09:30:00+00:00;;;0.0;0.0;0.0
2025-02-16 09:45:00+00:00;;;0.0;0.0;0.0
2025-02-16 10:00:00+00:00;0.495;99.505;0.004;0.804;0.808
2025-02-16 10:15:00+00:00;;;0.0;0.0;0.0
2025-02-16 10:30:00+00:00;;;0.0;0.0;0.0
2025-02-16 10:45:00+00:00;;;0.0;0.0;0.0
2025-02-16 11:00:00+00:00;;;0.0;0.0;0.0
2025-02-16 11:15:00+00:00;;;0.0;0.0;0.0
2025-02-16 11:30:00+00:00;;;0.0;0.0;0.0
2025-02-16 11:45:00+00:00;;;0.0;0.0;0.0
2025-02-16 12:00:00+00:00;;;0.0;0.0;0.0
2025-02-16 12:15:00+00:00;;;0.0;0.0;0.0
2025-02-16 12:30:00+00:00;100.0;0.0;0.028;0.0;0.028
2025-02-16 12:45:00+00:00;;;0.0;0.0;0.0
2025-02-16 13:00:00+00:00;0.0;100.0;0.0;0.492;0.492
2025-02-16 13:15:00+00:00;100.0;0.0;0.016;0.0;0.016
2025-02-16 13:30:00+00:00;;;0.0;0.0;0.0
2025-02-16 13:45:00+00:00;100.0;0.0;0.004;0.0;0.004
2025-02-16 14:00:00+00:00;;;0.0;0.0;0.0
2025-02-16 14:15:00+00:00;;;0.0;0.0;0.0
2025-02-16 14:30:00+00:00;;;0.0;0.0;0.0
2025-02-16 14:45:00+00:00;;;0.0;0.0;0.0
2025-02-16 15:00:00+00:00;;;0.0;0.0;0.0
2025-02-16 15:15:00+00:00;;;0.0;0.0;0.0
2025-02-16 15:30:00+00:00;;;0.0;0.0;0.0
2025-02-16 15:45:00+00:00;;;0.0;0.0;0.0
2025-02-16 16:00:00+00:00;;;0.0;0.0;0.0
2025-02-16 16:15:00+00:00;;;0.0;0.0;0.0
2025-02-16 16:30:00+00:00;;;0.0;0.0;0.0
2025-02-16 16:45:00+00:00;;;0.0;0.0;0.0
2025-02-16 17:00:00+00:00;;;0.0;0.0;0.0
2025-02-16 17:15:00+00:00;;;0.0;0.0;0.0
2025-02-16 17:30:00+00:00;;;0.0;0.0;0.0
2025-02-16 17:45:00+00:00;;;0.0;0.0;0.0
2025-02-16 18:00:00+00:00;;;0.0;0.0;0.0
2025-02-16 18:15:00+00:00;;;0.0;0.0;0.0
2025-02-16 18:30:00+00:00;;;0.0;0.0;0.0
2025-02-16 18:45:00+00:00;;;0.0;0.0;0.0
2025-02-16 19:00:00+00:00;;;0.0;0.0;0.0
2025-02-16 19:15:00+00:00;;;0.0;0.0;0.0
2025-02-16 19:30:00+00:00;;;0.0;0.0;0.0
2025-02-16 19:45:00+00:00;;;0.0;0.0;0.0
2025-02-16 20:00:00+00:00;;;0.0;0.0;0.0
2025-02-16 20:15:00+00:00;;;0.0;0.0;0.0
2025-02-16 20:30:00+00:00;;;0.0;0.0;0.0
2025-02-16 20:45:00+00:00;;;0.0;0.0;0.0
2025-02-16 21:00:00+00:00;;;0.0;0.0;0.0
2025-02-16 21:15:00+00:00;;;0.0;0.0;0.0
2025-02-16 21:30:00+00:00;;;0.0;0.0;0.0
2025-02-16 21:45:00+00:00;;;0.0;0.0;0.0
2025-02-16 22:00:00+00:00;;;0.0;0.0;0.0
2025-02-16 22:15:00+00:00;;;0.0;0.0;0.0
2025-02-16 22:30:00+00:00;;;0.0;0.0;0.0
2025-02-16 22:45:00+00:00;;;0.0;0.0;0.0
2025-02-16 23:00:00+00:00;;;0.0;0.0;0.0
2025-02-16 23:15:00+00:00;;;0.0;0.0;0.0
2025-02-16 23:30:00+00:00;;;0.0;0.0;0.0
2025-02-16 23:45:00+00:00;;;0.0;0.0;0.0
2025-02-17 00:00:00+00:00;;;0.0;0.0;0.0
2025-02-17 00:15:00+00:00;;;0.0;0.0;0.0
2025-02-17 00:30:00+00:00;;;0.0;0.0;0.0
2025-02-17 00:45:00+00:00;;;0.0;0.0;0.0
2025-02-17 01:00:00+00:00;;;0.0;0.0;0.0
2025-02-17 01:15:00+00:00;;;0.0;0.0;0.0
2025-02-17 01:30:00+00:00;;;0.0;0.0;0.0
2025-02-17 01:45:00+00:00;;;0.0;0.0;0.0
2025-02-17 02:00:00+00:00;;;0.0;0.0;0.0
2025-02-17 02:15:00+00:00;;;0.0;0.0;0.0
2025-02-17 02:30:00+00:00;;;0.0;0.0;0.0
2025-02-17 02:45:00+00:00;;;0.0;0.0;0.0
2025-02-17 03:00:00+00:00;;;0.0;0.0;0.0
2025-02-17 03:15:00+00:00;;;0.0;0.0;0.0
2025-02-17 03:30:00+00:00;;;0.0;0.0;0.0
2025-02-17 03:45:00+00:00;;;0.0;0.0;0.0
2025-02-17 04:00:00+00:00;;;0.0;0.0;0.0
2025-02-17 04:15:00+00:00;;;0.0;0.0;0.0
2025-02-17 04:30:00+00:00;;;0.0;0.0;0.0
2025-02-17 04:45:00+00:00;;;0.0;0.0;0.0
2025-02-17 05:00:00+00:00;;;0.0;0.0;0.0
2025-02-17 05:15:00+00:00;;;0.0;0.0;0.0
2025-02-17 05:30:00+00:00;;;0.0;0.0;0.0
2025-02-17 05:45:00+00:00;;;0.0;0.0;0.0
2025-02-17 06:00:00+00:00;;;0.0;0.0;0.0
2025-02-17 06:15:00+00:00;;;0.0;0.0;0.0
2025-02-17 06:30:00+00:00;;;0.0;0.0;0.0
2025-02-17 06:45:00+00:00;;;0.0;0.0;0.0
2025-02-17 07:00:00+00:00;;;0.0;0.0;0.0
2025-02-17 07:15:00+00:00;;;0.0;0.0;0.0
2025-02-17 07:30:00+00:00;;;0.0;0.0;0.0
2025-02-17 07:45:00+00:00;0.0;100.0;0.0;0.236;0.236
2025-02-17 08:00:00+00:00;0.0;100.0;0.0;1.856;1.856
2025-02-17 08:15:00+00:00;;;0.0;0.0;0.0
2025-02-17 08:30:00+00:00;0.0;100.0;0.0;0.24;0.24
2025-02-17 08:45:00+00:00;0.0;100.0;0.0;0.788;0.788
2025-02-17 09:00:00+00:00;;;0.0;0.0;0.0
2025-02-17 09:15:00+00:00;0.0;100.0;0.0;4.676;4.676
2025-02-17 09:30:00+00:00;0.0;100.0;0.0;5.788;5.788
2025-02-17 09:45:00+00:00;0.0;100.0;0.0;4.656;4.656
2025-02-17 10:00:00+00:00;0.0;100.0;0.0;6.196;6.196
2025-02-17 10:15:00+00:00;0.0;100.0;0.0;6.316;6.316
2025-02-17 10:30:00+00:00;0.0;100.0;0.0;1.776;1.776
2025-02-17 10:45:00+00:00;0.0;100.0;0.0;3.98;3.98
2025-02-17 11:00:00+00:00;0.0;100.0;0.0;6.376;6.376
2025-02-17 11:15:00+00:00;0.0;100.0;0.0;6.356;6.356
2025-02-17 11:30:00+00:00;0.0;100.0;0.0;4.864;4.864
2025-02-17 11:45:00+00:00;0.0;100.0;0.0;5.304;5.304
2025-02-17 12:00:00+00:00;0.0;100.0;0.0;4.88;4.88
2025-02-17 12:15:00+00:00;;;0.0;0.0;0.0
2025-02-17 12:30:00+00:00;0.0;100.0;0.0;3.576;3.576
2025-02-17 12:45:00+00:00;0.0;100.0;0.0;5.26;5.26
2025-02-17 13:00:00+00:00;0.0;100.0;0.0;4.948;4.948
2025-02-17 13:15:00+00:00;0.0;100.0;0.0;4.588;4.588
2025-02-17 13:30:00+00:00;0.0;100.0;0.0;4.108;4.108
2025-02-17 13:45:00+00:00;;;0.0;0.0;0.0
2025-02-17 14:00:00+00:00;0.0;100.0;0.0;0.196;0.196
2025-02-17 14:15:00+00:00;0.0;100.0;0.0;2.748;2.748
2025-02-17 14:30:00+00:00;0.0;100.0;0.0;2.136;2.136
2025-02-17 14:45:00+00:00;0.0;100.0;0.0;1.78;1.78
2025-02-17 15:00:00+00:00;0.0;100.0;0.0;0.44;0.44
2025-02-17 15:15:00+00:00;;;0.0;0.0;0.0
2025-02-17 15:30:00+00:00;;;0.0;0.0;0.0
2025-02-17 15:45:00+00:00;;;0.0;0.0;0.0
2025-02-17 16:00:00+00:00;;;0.0;0.0;0.0
2025-02-17 16:15:00+00:00;;;0.0;0.0;0.0
2025-02-17 16:30:00+00:00;;;0.0;0.0;0.0
2025-02-17 16:45:00+00:00;;;0.0;0.0;0.0
2025-02-17 17:00:00+00:00;;;0.0;0.0;0.0
2025-02-17 17:15:00+00:00;;;0.0;0.0;0.0
2025-02-17 17:30:00+00:00;;;0.0;0.0;0.0
2025-02-17 17:45:00+00:00;;;0.0;0.0;0.0
2025-02-17 18:00:00+00:00;;;0.0;0.0;0.0
2025-02-17 18:15:00+00:00;;;0.0;0.0;0.0
2025-02-17 18:30:00+00:00;;;0.0;0.0;0.0
2025-02-17 18:45:00+00:00;;;0.0;0.0;0.0
2025-02-17 19:00:00+00:00;;;0.0;0.0;0.0
2025-02-17 19:15:00+00:00;;;0.0;0.0;0.0
2025-02-17 19:30:00+00:00;;;0.0;0.0;0.0
2025-02-17 19:45:00+00:00;;;0.0;0.0;0.0
2025-02-17 20:00:00+00:00;;;0.0;0.0;0.0
2025-02-17 20:15:00+00:00;;;0.0;0.0;0.0
2025-02-17 20:30:00+00:00;;;0.0;0.0;0.0
2025-02-17 20:45:00+00:00;;;0.0;0.0;0.0
2025-02-17 21:00:00+00:00;;;0.0;0.0;0.0
2025-02-17 21:15:00+00:00;;;0.0;0.0;0.0
2025-02-17 21:30:00+00:00;;;0.0;0.0;0.0
2025-02-17 21:45:00+00:00;;;0.0;0.0;0.0
2025-02-17 22:00:00+00:00;;;0.0;0.0;0.0
2025-02-17 22:15:00+00:00;;;0.0;0.0;0.0
2025-02-17 22:30:00+00:00;;;0.0;0.0;0.0
2025-02-17 22:45:00+00:00;;;0.0;0.0;0.0
2025-02-17 23:00:00+00:00;;;0.0;0.0;0.0
2025-02-17 23:15:00+00:00;;;0.0;0.0;0.0
2025-02-17 23:30:00+00:00;;;0.0;0.0;0.0
2025-02-17 23:45:00+00:00;;;0.0;0.0;0.0
2025-02-18 00:00:00+00:00;;;0.0;0.0;0.0
2025-02-18 00:15:00+00:00;;;0.0;0.0;0.0
2025-02-18 00:30:00+00:00;;;0.0;0.0;0.0
2025-02-18 00:45:00+00:00;;;0.0;0.0;0.0
2025-02-18 01:00:00+00:00;;;0.0;0.0;0.0
2025-02-18 01:15:00+00:00;;;0.0;0.0;0.0
2025-02-18 01:30:00+00:00;;;0.0;0.0;0.0
2025-02-18 01:45:00+00:00;;;0.0;0.0;0.0
2025-02-18 02:00:00+00:00;;;0.0;0.0;0.0
2025-02-18 02:15:00+00:00;;;0.0;0.0;0.0
2025-02-18 02:30:00+00:00;;;0.0;0.0;0.0
2025-02-18 02:45:00+00:00;;;0.0;0.0;0.0
2025-02-18 03:00:00+00:00;;;0.0;0.0;0.0
2025-02-18 03:15:00+00:00;;;0.0;0.0;0.0
2025-02-18 03:30:00+00:00;;;0.0;0.0;0.0
2025-02-18 03:45:00+00:00;;;0.0;0.0;0.0
2025-02-18 04:00:00+00:00;;;0.0;0.0;0.0
2025-02-18 04:15:00+00:00;;;0.0;0.0;0.0
2025-02-18 04:30:00+00:00;;;0.0;0.0;0.0
2025-02-18 04:45:00+00:00;;;0.0;0.0;0.0
2025-02-18 05:00:00+00:00;;;0.0;0.0;0.0
2025-02-18 05:15:00+00:00;;;0.0;0.0;0.0
2025-02-18 05:30:00+00:00;;;0.0;0.0;0.0
2025-02-18 05:45:00+00:00;;;0.0;0.0;0.0
2025-02-18 06:00:00+00:00;;;0.0;0.0;0.0
2025-02-18 06:15:00+00:00;;;0.0;0.0;0.0
2025-02-18 06:30:00+00:00;;;0.0;0.0;0.0
2025-02-18 06:45:00+00:00;;;0.0;0.0;0.0
2025-02-18 07:00:00+00:00;;;0.0;0.0;0.0
2025-02-18 07:15:00+00:00;;;0.0;0.0;0.0
2025-02-18 07:30:00+00:00;;;0.0;0.0;0.0
2025-02-18 07:45:00+00:00;;;0.0;0.0;0.0
2025-02-18 08:00:00+00:00;;;0.0;0.0;0.0
2025-02-18 08:15:00+00:00;0.0;100.0;0.0;1.94;1.94
2025-02-18 08:30:00+00:00;0.0;100.0;0.0;1.992;1.992
2025-02-18 08:45:00+00:00;0.0;100.0;0.0;0.428;0.428
2025-02-18 09:00:00+00:00;0.0;100.0;0.0;0.852;0.852
2025-02-18 09:15:00+00:00;0.0;100.0;0.0;2.472;2.472
2025-02-18 09:30:00+00:00;;;0.0;0.0;0.0
2025-02-18 09:45:00+00:00;0.0;100.0;0.0;5.448;5.448
2025-02-18 10:00:00+00:00;0.0;100.0;0.0;3.564;3.564
2025-02-18 10:15:00+00:00;0.0;100.0;0.0;4.468;4.468
2025-02-18 10:30:00+00:00;0.0;100.0;0.0;6.444;6.444
2025-02-18 10:45:00+00:00;0.0;100.0;0.0;5.432;5.432
2025-02-18 11:00:00+00:00;0.0;100.0;0.0;0.144;0.144
2025-02-18 11:15:00+00:00;0.0;100.0;0.0;6.088;6.088
2025-02-18 11:30:00+00:00;0.0;100.0;0.0;6.36;6.36
2025-02-18 11:45:00+00:00;0.0;100.0;0.0;6.204;6.204
2025-02-18 12:00:00+00:00;0.0;100.0;0.0;6.096;6.096
2025-02-18 12:15:00+00:00;0.0;100.0;0.0;5.868;5.868
2025-02-18 12:30:00+00:00;0.0;100.0;0.0;5.176;5.176
2025-02-18 12:45:00+00:00;;;0.0;0.0;0.0
2025-02-18 13:00:00+00:00;0.0;100.0;0.0;5.084;5.084
2025-02-18 13:15:00+00:00;0.0;100.0;0.0;4.756;4.756
2025-02-18 13:30:00+00:00;0.194;99.806;0.006;3.094;3.0999999999999996
2025-02-18 13:45:00+00:00;0.815;99.185;0.013;1.583;1.5959999999999999
2025-02-18 14:00:00+00:00;0.982;99.018;0.02;2.016;2.036
2025-02-18 14:15:00+00:00;100.0;0.0;0.024;0.0;0.024
2025-02-18 14:30:00+00:00;100.0;0.0;0.024;0.0;0.024
2025-02-18 14:45:00+00:00;37.037;62.963;0.04;0.068;0.10800000000000001
2025-02-18 15:00:00+00:00;100.0;0.0;0.028;0.0;0.028
2025-02-18 15:15:00+00:00;100.0;0.0;0.024;0.0;0.024
2025-02-18 15:30:00+00:00;100.0;0.0;0.028;0.0;0.028
2025-02-18 15:45:00+00:00;100.0;0.0;0.028;0.0;0.028
2025-02-18 16:00:00+00:00;100.0;0.0;0.02;0.0;0.02
2025-02-18 16:15:00+00:00;100.0;0.0;0.028;0.0;0.028
2025-02-18 16:30:00+00:00;100.0;0.0;0.016;0.0;0.016
2025-02-18 16:45:00+00:00;;;0.0;0.0;0.0
2025-02-18 17:00:00+00:00;100.0;0.0;0.008;0.0;0.008
2025-02-18 17:15:00+00:00;;;0.0;0.0;0.0
2025-02-18 17:30:00+00:00;;;0.0;0.0;0.0
2025-02-18 17:45:00+00:00;;;0.0;0.0;0.0
2025-02-18 18:00:00+00:00;;;0.0;0.0;0.0
2025-02-18 18:15:00+00:00;;;0.0;0.0;0.0
2025-02-18 18:30:00+00:00;;;0.0;0.0;0.0
2025-02-18 18:45:00+00:00;;;0.0;0.0;0.0
2025-02-18 19:00:00+00:00;;;0.0;0.0;0.0
2025-02-18 19:15:00+00:00;;;0.0;0.0;0.0
2025-02-18 19:30:00+00:00;;;0.0;0.0;0.0
2025-02-18 19:45:00+00:00;;;0.0;0.0;0.0
2025-02-18 20:00:00+00:00;;;0.0;0.0;0.0
2025-02-18 20:15:00+00:00;;;0.0;0.0;0.0
2025-02-18 20:30:00+00:00;;;0.0;0.0;0.0
2025-02-18 20:45:00+00:00;;;0.0;0.0;0.0
2025-02-18 21:00:00+00:00;;;0.0;0.0;0.0
2025-02-18 21:15:00+00:00;;;0.0;0.0;0.0
2025-02-18 21:30:00+00:00;;;0.0;0.0;0.0
2025-02-18 21:45:00+00:00;;;0.0;0.0;0.0
2025-02-18 22:00:00+00:00;;;0.0;0.0;0.0
2025-02-18 22:15:00+00:00;;;0.0;0.0;0.0
2025-02-18 22:30:00+00:00;;;0.0;0.0;0.0
2025-02-18 22:45:00+00:00;;;0.0;0.0;0.0
2025-02-18 23:00:00+00:00;;;0.0;0.0;0.0
2025-02-18 23:15:00+00:00;;;0.0;0.0;0.0
2025-02-18 23:30:00+00:00;;;0.0;0.0;0.0
2025-02-18 23:45:00+00:00;;;0.0;0.0;0.0
2025-02-19 00:00:00+00:00;;;0.0;0.0;0.0
2025-02-19 00:15:00+00:00;;;0.0;0.0;0.0
2025-02-19 00:30:00+00:00;;;0.0;0.0;0.0
2025-02-19 00:45:00+00:00;;;0.0;0.0;0.0
2025-02-19 01:00:00+00:00;;;0.0;0.0;0.0
2025-02-19 01:15:00+00:00;;;0.0;0.0;0.0
2025-02-19 01:30:00+00:00;;;0.0;0.0;0.0
2025-02-19 01:45:00+00:00;;;0.0;0.0;0.0
2025-02-19 02:00:00+00:00;;;0.0;0.0;0.0
2025-02-19 02:15:00+00:00;;;0.0;0.0;0.0
2025-02-19 02:30:00+00:00;;;0.0;0.0;0.0
2025-02-19 02:45:00+00:00;;;0.0;0.0;0.0
2025-02-19 03:00:00+00:00;;;0.0;0.0;0.0
2025-02-19 03:15:00+00:00;;;0.0;0.0;0.0
2025-02-19 03:30:00+00:00;;;0.0;0.0;0.0
2025-02-19 03:45:00+00:00;;;0.0;0.0;0.0
2025-02-19 04:00:00+00:00;;;0.0;0.0;0.0
2025-02-19 04:15:00+00:00;;;0.0;0.0;0.0
2025-02-19 04:30:00+00:00;;;0.0;0.0;0.0
2025-02-19 04:45:00+00:00;;;0.0;0.0;0.0
2025-02-19 05:00:00+00:00;;;0.0;0.0;0.0
2025-02-19 05:15:00+00:00;;;0.0;0.0;0.0
2025-02-19 05:30:00+00:00;;;0.0;0.0;0.0
2025-02-19 05:45:00+00:00;;;0.0;0.0;0.0
2025-02-19 06:00:00+00:00;;;0.0;0.0;0.0
2025-02-19 06:15:00+00:00;;;0.0;0.0;0.0
2025-02-19 06:30:00+00:00;;;0.0;0.0;0.0
2025-02-19 06:45:00+00:00;;;0.0;0.0;0.0
2025-02-19 07:00:00+00:00;;;0.0;0.0;0.0
2025-02-19 07:15:00+00:00;;;0.0;0.0;0.0
2025-02-19 07:30:00+00:00;;;0.0;0.0;0.0
2025-02-19 07:45:00+00:00;;;0.0;0.0;0.0
2025-02-19 08:00:00+00:00;;;0.0;0.0;0.0
2025-02-19 08:15:00+00:00;;;0.0;0.0;0.0
2025-02-19 08:30:00+00:00;0.0;100.0;0.0;0.536;0.536
2025-02-19 08:45:00+00:00;;;0.0;0.0;0.0
2025-02-19 09:00:00+00:00;100.0;0.0;0.016;0.0;0.016
2025-02-19 09:15:00+00:00;100.0;0.0;0.076;0.0;0.076
2025-02-19 09:30:00+00:00;;;0.0;0.0;0.0
2025-02-19 09:45:00+00:00;;;0.0;0.0;0.0
2025-02-19 10:00:00+00:00;0.0;100.0;0.0;3.94;3.94
2025-02-19 10:15:00+00:00;0.0;100.0;0.0;2.568;2.568
2025-02-19 10:30:00+00:00;;;0.0;0.0;0.0
2025-02-19 10:45:00+00:00;0.0;100.0;0.0;1.072;1.072
2025-02-19 11:00:00+00:00;0.0;100.0;0.0;1.036;1.036
2025-02-19 11:15:00+00:00;7.018;92.982;0.032;0.424;0.45599999999999996
2025-02-19 11:30:00+00:00;10.417;89.583;0.02;0.172;0.19199999999999998
2025-02-19 11:45:00+00:00;0.0;100.0;0.0;0.552;0.552
2025-02-19 12:00:00+00:00;21.134;78.866;0.164;0.612;0.776
2025-02-19 12:15:00+00:00;3.251;96.749;0.058;1.726;1.784
2025-02-19 12:30:00+00:00;0.0;100.0;0.0;2.852;2.852
2025-02-19 12:45:00+00:00;0.0;100.0;0.0;3.36;3.36
2025-02-19 13:00:00+00:00;0.0;100.0;0.0;4.448;4.448
2025-02-19 13:15:00+00:00;0.201;99.799;0.008;3.976;3.984
2025-02-19 13:30:00+00:00;0.147;99.853;0.004;2.72;2.724
2025-02-19 13:45:00+00:00;;;0.0;0.0;0.0
2025-02-19 14:00:00+00:00;0.0;100.0;0.0;3.028;3.028
2025-02-19 14:15:00+00:00;0.0;100.0;0.0;2.476;2.476
2025-02-19 14:30:00+00:00;0.0;100.0;0.0;1.952;1.952
2025-02-19 14:45:00+00:00;0.0;100.0;0.0;1.132;1.132
2025-02-19 15:00:00+00:00;;;0.0;0.0;0.0
2025-02-19 15:15:00+00:00;;;0.0;0.0;0.0
2025-02-19 15:30:00+00:00;;;0.0;0.0;0.0
2025-02-19 15:45:00+00:00;;;0.0;0.0;0.0
2025-02-19 16:00:00+00:00;;;0.0;0.0;0.0
2025-02-19 16:15:00+00:00;;;0.0;0.0;0.0
2025-02-19 16:30:00+00:00;;;0.0;0.0;0.0
2025-02-19 16:45:00+00:00;;;0.0;0.0;0.0
2025-02-19 17:00:00+00:00;;;0.0;0.0;0.0
2025-02-19 17:15:00+00:00;;;0.0;0.0;0.0
2025-02-19 17:30:00+00:00;;;0.0;0.0;0.0
2025-02-19 17:45:00+00:00;;;0.0;0.0;0.0
2025-02-19 18:00:00+00:00;;;0.0;0.0;0.0
2025-02-19 18:15:00+00:00;;;0.0;0.0;0.0
2025-02-19 18:30:00+00:00;;;0.0;0.0;0.0
2025-02-19 18:45:00+00:00;;;0.0;0.0;0.0
2025-02-19 19:00:00+00:00;;;0.0;0.0;0.0
2025-02-19 19:15:00+00:00;;;0.0;0.0;0.0
2025-02-19 19:30:00+00:00;;;0.0;0.0;0.0
2025-02-19 19:45:00+00:00;;;0.0;0.0;0.0
2025-02-19 20:00:00+00:00;;;0.0;0.0;0.0
2025-02-19 20:15:00+00:00;;;0.0;0.0;0.0
2025-02-19 20:30:00+00:00;;;0.0;0.0;0.0
2025-02-19 20:45:00+00:00;;;0.0;0.0;0.0
2025-02-19 21:00:00+00:00;;;0.0;0.0;0.0
2025-02-19 21:15:00+00:00;;;0.0;0.0;0.0
2025-02-19 21:30:00+00:00;;;0.0;0.0;0.0
2025-02-19 21:45:00+00:00;;;0.0;0.0;0.0
2025-02-19 22:00:00+00:00;;;0.0;0.0;0.0
2025-02-19 22:15:00+00:00;;;0.0;0.0;0.0
2025-02-19 22:30:00+00:00;;;0.0;0.0;0.0
2025-02-19 22:45:00+00:00;;;0.0;0.0;0.0
2025-02-19 23:00:00+00:00;;;0.0;0.0;0.0
2025-02-19 23:15:00+00:00;;;0.0;0.0;0.0
2025-02-19 23:30:00+00:00;;;0.0;0.0;0.0
2025-02-19 23:45:00+00:00;;;0.0;0.0;0.0
2025-02-20 00:00:00+00:00;;;0.0;0.0;0.0
2025-02-20 00:15:00+00:00;;;0.0;0.0;0.0
2025-02-20 00:30:00+00:00;;;0.0;0.0;0.0
2025-02-20 00:45:00+00:00;;;0.0;0.0;0.0
2025-02-20 01:00:00+00:00;;;0.0;0.0;0.0
2025-02-20 01:15:00+00:00;;;0.0;0.0;0.0
2025-02-20 01:30:00+00:00;;;0.0;0.0;0.0
2025-02-20 01:45:00+00:00;;;0.0;0.0;0.0
2025-02-20 02:00:00+00:00;;;0.0;0.0;0.0
2025-02-20 02:15:00+00:00;;;0.0;0.0;0.0
2025-02-20 02:30:00+00:00;;;0.0;0.0;0.0
2025-02-20 02:45:00+00:00;;;0.0;0.0;0.0
2025-02-20 03:00:00+00:00;;;0.0;0.0;0.0
2025-02-20 03:15:00+00:00;;;0.0;0.0;0.0
2025-02-20 03:30:00+00:00;;;0.0;0.0;0.0
2025-02-20 03:45:00+00:00;;;0.0;0.0;0.0
2025-02-20 04:00:00+00:00;;;0.0;0.0;0.0
2025-02-20 04:15:00+00:00;;;0.0;0.0;0.0
2025-02-20 04:30:00+00:00;;;0.0;0.0;0.0
2025-02-20 04:45:00+00:00;;;0.0;0.0;0.0
2025-02-20 05:00:00+00:00;;;0.0;0.0;0.0
2025-02-20 05:15:00+00:00;;;0.0;0.0;0.0
2025-02-20 05:30:00+00:00;;;0.0;0.0;0.0
2025-02-20 05:45:00+00:00;;;0.0;0.0;0.0
2025-02-20 06:00:00+00:00;;;0.0;0.0;0.0
2025-02-20 06:15:00+00:00;;;0.0;0.0;0.0
2025-02-20 06:30:00+00:00;;;0.0;0.0;0.0
2025-02-20 06:45:00+00:00;;;0.0;0.0;0.0
2025-02-20 07:00:00+00:00;;;0.0;0.0;0.0
2025-02-20 07:15:00+00:00;;;0.0;0.0;0.0
2025-02-20 07:30:00+00:00;;;0.0;0.0;0.0
2025-02-20 07:45:00+00:00;0.0;100.0;0.0;0.356;0.356
2025-02-20 08:00:00+00:00;0.0;100.0;0.0;0.248;0.248
2025-02-20 08:15:00+00:00;;;0.0;0.0;0.0
2025-02-20 08:30:00+00:00;;;0.0;0.0;0.0
2025-02-20 08:45:00+00:00;29.412;70.588;0.04;0.096;0.136
2025-02-20 09:00:00+00:00;66.667;33.333;0.04;0.02;0.06
2025-02-20 09:15:00+00:00;;;0.0;0.0;0.0
2025-02-20 09:30:00+00:00;100.0;0.0;0.012;0.0;0.012
2025-02-20 09:45:00+00:00;100.0;0.0;0.016;0.0;0.016
2025-02-20 10:00:00+00:00;0.0;100.0;0.0;1.344;1.344
2025-02-20 10:15:00+00:00;0.0;100.0;0.0;0.752;0.752
2025-02-20 10:30:00+00:00;1.684;98.316;0.02;1.168;1.188
2025-02-20 10:45:00+00:00;;;0.0;0.0;0.0
2025-02-20 11:00:00+00:00;100.0;0.0;0.076;0.0;0.076
2025-02-20 11:15:00+00:00;100.0;0.0;0.044;0.0;0.044
2025-02-20 11:30:00+00:00;0.0;100.0;0.0;1.116;1.116
2025-02-20 11:45:00+00:00;0.0;100.0;0.0;2.116;2.116
2025-02-20 12:00:00+00:00;0.0;100.0;0.0;2.792;2.792
2025-02-20 12:15:00+00:00;0.738;99.262;0.016;2.152;2.168
2025-02-20 12:30:00+00:00;0.0;100.0;0.0;0.404;0.404
2025-02-20 12:45:00+00:00;100.0;0.0;0.04;0.0;0.04
2025-02-20 13:00:00+00:00;;;0.0;0.0;0.0
2025-02-20 13:15:00+00:00;;;0.0;0.0;0.0
2025-02-20 13:30:00+00:00;;;0.0;0.0;0.0
2025-02-20 13:45:00+00:00;0.0;100.0;0.0;0.476;0.476
2025-02-20 14:00:00+00:00;0.0;100.0;0.0;0.492;0.492
2025-02-20 14:15:00+00:00;0.0;100.0;0.0;0.424;0.424
2025-02-20 14:30:00+00:00;;;0.0;0.0;0.0
2025-02-20 14:45:00+00:00;;;0.0;0.0;0.0
2025-02-20 15:00:00+00:00;0.0;100.0;0.0;0.296;0.296
2025-02-20 15:15:00+00:00;0.0;100.0;0.0;0.604;0.604
2025-02-20 15:30:00+00:00;0.0;100.0;0.0;0.248;0.248
2025-02-20 15:45:00+00:00;;;0.0;0.0;0.0
2025-02-20 16:00:00+00:00;;;0.0;0.0;0.0
2025-02-20 16:15:00+00:00;;;0.0;0.0;0.0
2025-02-20 16:30:00+00:00;;;0.0;0.0;0.0
2025-02-20 16:45:00+00:00;;;0.0;0.0;0.0
2025-02-20 17:00:00+00:00;;;0.0;0.0;0.0
2025-02-20 17:15:00+00:00;;;0.0;0.0;0.0
2025-02-20 17:30:00+00:00;;;0.0;0.0;0.0
2025-02-20 17:45:00+00:00;;;0.0;0.0;0.0
2025-02-20 18:00:00+00:00;;;0.0;0.0;0.0
2025-02-20 18:15:00+00:00;;;0.0;0.0;0.0
2025-02-20 18:30:00+00:00;;;0.0;0.0;0.0
2025-02-20 18:45:00+00:00;;;0.0;0.0;0.0
2025-02-20 19:00:00+00:00;;;0.0;0.0;0.0
2025-02-20 19:15:00+00:00;;;0.0;0.0;0.0
2025-02-20 19:30:00+00:00;;;0.0;0.0;0.0
2025-02-20 19:45:00+00:00;;;0.0;0.0;0.0
2025-02-20 20:00:00+00:00;;;0.0;0.0;0.0
2025-02-20 20:15:00+00:00;;;0.0;0.0;0.0
2025-02-20 20:30:00+00:00;;;0.0;0.0;0.0
2025-02-20 20:45:00+00:00;;;0.0;0.0;0.0
2025-02-20 21:00:00+00:00;;;0.0;0.0;0.0
2025-02-20 21:15:00+00:00;;;0.0;0.0;0.0
2025-02-20 21:30:00+00:00;;;0.0;0.0;0.0
2025-02-20 21:45:00+00:00;;;0.0;0.0;0.0
2025-02-20 22:00:00+00:00;;;0.0;0.0;0.0
2025-02-20 22:15:00+00:00;;;0.0;0.0;0.0
2025-02-20 22:30:00+00:00;;;0.0;0.0;0.0
2025-02-20 22:45:00+00:00;;;0.0;0.0;0.0
