startedAt;percentage_cons;percentage_cons;percentage_cons;percentage_cons;percentage_cons;percentage_cons;valuecons;valuecons;valuecons;valuecons;valuecons;valuecons;total_sum_cons;percentage_prod;percentage_prod;percentage_prod;valueprod;valueprod;valueprod;total_sum_prod;cons_vs_prod;cons_vs_prod_limit;max_possible_cons_tot;total_to_be_paid;community_power_used-Véronique;power_used_by_community;has_to_pay-Véronique;community_power_used-Christian;has_to_pay-Christian;community_power_used-Marc;has_to_pay-Marc;community_power_used-Reinhilde;has_to_pay-Reinhilde;community_power_used-Gaby_Haus;has_to_pay-Gaby_Haus;community_power_used-Gaby_Hall;has_to_pay-Gaby_Hall;power_sold_to_grid;has_to_receive-Véronique;has_to_receive-Marc;has_to_receive-Gaby
;df-cons-Christian;df-cons-Gaby_Hall;df-cons-Gaby_Haus;df-cons-Marc;df-cons-Reinhilde;df-cons-Véronique;df-cons-Christian;df-cons-Gaby_Hall;df-cons-Gaby_Haus;df-cons-Marc;df-cons-Reinhilde;df-cons-Véronique;;df-prod-Gaby;df-prod-Marc;df-prod-Véronique;df-prod-Gaby;df-prod-Marc;df-prod-Véronique;;;;;;;;;;;;;;;;;;;;;;
2025-04-01 00:00:00+00:00;;;;;;;0.0;0.0;0.0;0.0;0.0;0.0;0.0;;;;0.0;0.0;0.0;0.0;;;;;;;;;;;;;;;;;;;;;
2025-04-01 00:15:00+00:00;;;;;;;0.0;0.0;0.0;0.0;0.0;0.0;0.0;;;;0.0;0.0;0.0;0.0;;;;;;;;;;;;;;;;;;;;;
2025-04-01 00:30:00+00:00;;;;;;;0.0;0.0;0.0;0.0;0.0;0.0;0.0;;;;0.0;0.0;0.0;0.0;;;;;;;;;;;;;;;;;;;;;
2025-04-01 00:45:00+00:00;;;;;;;0.0;0.0;0.0;0.0;0.0;0.0;0.0;;;;0.0;0.0;0.0;0.0;;;;;;;;;;;;;;;;;;;;;
2025-04-01 01:00:00+00:00;;;;;;;0.0;0.0;0.0;0.0;0.0;0.0;0.0;;;;0.0;0.0;0.0;0.0;;;;;;;;;;;;;;;;;;;;;
2025-04-01 01:15:00+00:00;;;;;;;0.0;0.0;0.0;0.0;0.0;0.0;0.0;;;;0.0;0.0;0.0;0.0;;;;;;;;;;;;;;;;;;;;;
2025-04-01 01:30:00+00:00;;;;;;;0.0;0.0;0.0;0.0;0.0;0.0;0.0;;;;0.0;0.0;0.0;0.0;;;;;;;;;;;;;;;;;;;;;
2025-04-01 01:45:00+00:00;;;;;;;0.0;0.0;0.0;0.0;0.0;0.0;0.0;;;;0.0;0.0;0.0;0.0;;;;;;;;;;;;;;;;;;;;;
2025-04-01 02:00:00+00:00;;;;;;;0.0;0.0;0.0;0.0;0.0;0.0;0.0;;;;0.0;0.0;0.0;0.0;;;;;;;;;;;;;;;;;;;;;
2025-04-01 02:15:00+00:00;;;;;;;0.0;0.0;0.0;0.0;0.0;0.0;0.0;;;;0.0;0.0;0.0;0.0;;;;;;;;;;;;;;;;;;;;;
2025-04-01 02:30:00+00:00;;;;;;;0.0;0.0;0.0;0.0;0.0;0.0;0.0;;;;0.0;0.0;0.0;0.0;;;;;;;;;;;;;;;;;;;;;
2025-04-01 02:45:00+00:00;;;;;;;0.0;0.0;0.0;0.0;0.0;0.0;0.0;;;;0.0;0.0;0.0;0.0;;;;;;;;;;;;;;;;;;;;;
2025-04-01 03:00:00+00:00;;;;;;;0.0;0.0;0.0;0.0;0.0;0.0;0.0;;;;0.0;0.0;0.0;0.0;;;;;;;;;;;;;;;;;;;;;
2025-04-01 03:15:00+00:00;;;;;;;0.0;0.0;0.0;0.0;0.0;0.0;0.0;;;;0.0;0.0;0.0;0.0;;;;;;;;;;;;;;;;;;;;;
2025-04-01 03:30:00+00:00;;;;;;;0.0;0.0;0.0;0.0;0.0;0.0;0.0;;;;0.0;0.0;0.0;0.0;;;;;;;;;;;;;;;;;;;;;
2025-04-01 03:45:00+00:00;;;;;;;0.0;0.0;0.0;0.0;0.0;0.0;0.0;;;;0.0;0.0;0.0;0.0;;;;;;;;;;;;;;;;;;;;;
2025-04-01 04:00:00+00:00;;;;;;;0.0;0.0;0.0;0.0;0.0;0.0;0.0;;;;0.0;0.0;0.0;0.0;;;;;;;;;;;;;;;;;;;;;
2025-04-01 04:15:00+00:00;;;;;;;0.0;0.0;0.0;0.0;0.0;0.0;0.0;;;;0.0;0.0;0.0;0.0;;;;;;;;;;;;;;;;;;;;;
2025-04-01 04:30:00+00:00;;;;;;;0.0;0.0;0.0;0.0;0.0;0.0;0.0;;;;0.0;0.0;0.0;0.0;;;;;;;;;;;;;;;;;;;;;
2025-04-01 04:45:00+00:00;;;;;;;0.0;0.0;0.0;0.0;0.0;0.0;0.0;;;;0.0;0.0;0.0;0.0;;;;;;;;;;;;;;;;;;;;;
2025-04-01 05:00:00+00:00;;;;;;;0.0;0.0;0.0;0.0;0.0;0.0;0.0;;;;0.0;0.0;0.0;0.0;;;;;;;;;;;;;;;;;;;;;
2025-04-01 05:15:00+00:00;;;;;;;0.0;0.0;0.0;0.0;0.0;0.0;0.0;;;;0.0;0.0;0.0;0.0;;;;;;;;;;;;;;;;;;;;;
2025-04-01 05:30:00+00:00;;;;;;;0.0;0.0;0.0;0.0;0.0;0.0;0.0;;;;0.0;0.0;0.0;0.0;;;;;;;;;;;;;;;;;;;;;
2025-04-01 05:45:00+00:00;;;;;;;0.0;0.0;0.0;0.0;0.0;0.0;0.0;;;;0.0;0.0;0.0;0.0;;;;;;;;;;;;;;;;;;;;;
2025-04-01 06:00:00+00:00;6.25;1.182;17.399;47.973;27.196;0.0;0.037;0.007;0.103;0.284;0.161;0.0;0.592;0.0;0.0;100.0;0.0;0.0;0.592;0.592;100.0;100.0;0.592;0.01628;0.0;0.592;0.0;0.037;0.0010175;0.28400016;0.0078100044;0.16100032;0.0044275088;0.10300208;0.0028325572;0.006997439999999999;0.00019242959999999997;0.0;0.01628;0.0;0.0
2025-04-01 06:15:00+00:00;60.204;0.51;8.418;18.367;12.5;0.0;0.236;0.002;0.033;0.072;0.049;0.0;0.39199999999999996;0.0;0.0;100.0;0.0;0.0;0.392;0.392;100.0;100.0;0.39199999999999996;0.01078;0.0;0.39199607999999997;0.0;0.23599968;0.0064899912;0.07199863999999999;0.0019799626;0.048999999999999995;0.0013475;0.032998559999999996;0.0009074603999999998;0.0019992;5.4978e-05;3.920000000046109e-06;0.01078;0.0;0.0
2025-04-01 06:30:00+00:00;49.246;0.754;13.065;19.347;17.588;0.0;0.392;0.006;0.104;0.154;0.14;0.0;0.796;0.0;0.0;100.0;0.0;0.0;0.796;0.796;100.0;100.0;0.796;0.02189;0.0;0.7960000000000002;0.0;0.39199816000000004;0.0107799494;0.15400212000000002;0.0042350583;0.14000048;0.0038500132000000003;0.10399739999999999;0.0028599284999999996;0.0060018400000000005;0.0001650506;-1.1102230246251565e-16;0.02189;0.0;0.0
2025-04-01 06:45:00+00:00;7.709;2.141;13.919;36.831;39.4;0.0;0.144;0.04;0.26;0.688;0.736;0.0;1.8679999999999999;0.0;0.0;100.0;0.0;0.0;1.868;1.868;100.0;100.0;1.8679999999999999;0.05137;0.0;1.8679999999999997;0.0;0.14400411999999999;0.003960113299999999;0.68800308;0.018920084700000003;0.7359919999999999;0.02023978;0.26000692;0.0071501903;0.039993879999999996;0.0010998317;4.440892098500626e-16;0.05137;0.0;0.0
2025-04-01 07:00:00+00:00;7.193;2.018;3.421;62.544;24.825;0.0;0.082;0.023;0.039;0.713;0.283;0.0;1.14;0.0;0.0;100.0;0.0;0.0;1.14;1.14;100.0;100.0;1.14;0.031349999999999996;0.0;1.1400114;0.0;0.08200019999999998;0.0022550054999999993;0.7130015999999999;0.019607543999999998;0.28300499999999995;0.007782637499999999;0.0389994;0.0010724834999999997;0.023005199999999993;0.0006326429999999998;-1.1399999999994748e-05;0.031349999999999996;0.0;0.0
2025-04-01 07:15:00+00:00;0.0;0.0;0.0;50.0;50.0;0.0;0.0;0.0;0.0;0.002;0.002;0.0;0.004;100.0;0.0;0.0;0.004;0.0;0.0;0.004;100.0;100.0;0.004;0.00011;0.0;0.004;0.0;0.0;0.0;0.002;5.5e-05;0.002;5.5e-05;0.0;0.0;0.0;0.0;0.0;0.0;0.0;0.00011
2025-04-01 07:30:00+00:00;18.595;0.0;0.0;56.612;24.793;0.0;0.18;0.0;0.0;0.548;0.24;0.0;0.968;0.723;0.0;99.277;0.007;0.0;0.961;0.968;100.0;100.0;0.968;0.026619999999999998;0.0;0.968;0.0;0.17999959999999998;0.004949988999999999;0.5480041600000001;0.015070114400000001;0.23999623999999997;0.006599896599999999;0.0;0.0;0.0;0.0;0.0;0.0264275374;0.0;0.00019246259999999998
2025-04-01 07:45:00+00:00;10.015;0.0;0.0;75.873;14.112;0.0;0.264;0.0;0.0;2.0;0.372;0.0;2.636;5.653;0.0;94.347;0.149;0.0;2.487;2.636;100.0;100.0;2.636;0.07249;0.0;2.636;0.0;0.26399540000000005;0.0072598735;2.00001228;0.0550003377;0.37199232;0.0102297888;0.0;0.0;0.0;0.0;0.0;0.06839214029999999;0.0;0.0040978596999999995
2025-04-01 08:00:00+00:00;4.502;0.0;0.0;86.221;9.277;0.0;0.132;0.0;0.0;2.528;0.272;0.0;2.9320000000000004;6.003;0.0;93.997;0.176;0.0;2.756;2.932;100.0;100.0;2.9320000000000004;0.08063000000000001;0.0;2.9320000000000004;0.0;0.13199864;0.0036299626000000002;2.5279997200000004;0.06951999230000001;0.27200164;0.0074800451;0.0;0.0;0.0;0.0;-4.440892098500626e-16;0.07578978110000001;0.0;0.0048402189
2025-04-01 08:15:00+00:00;17.974;0.0;0.0;66.993;15.033;0.0;0.22;0.0;0.0;0.82;0.184;0.0;1.224;27.941;1.062;70.997;0.342;0.013;0.869;1.224;100.0;100.0;1.224;0.03366;0.0;1.2239999999999998;0.0;0.22000176000000002;0.006050048400000001;0.8199943199999998;0.0225498438;0.18400392;0.0050601078;0.0;0.0;0.0;0.0;2.220446049250313e-16;0.023897590200000002;0.0003574692000000001;0.0094049406
2025-04-01 08:30:00+00:00;20.789;0.0;0.0;60.215;18.996;0.0;0.232;0.0;0.0;0.672;0.212;0.0;1.116;88.53;2.778;8.692;0.988;0.031;0.097;1.116;100.0;100.0;1.116;0.030690000000000002;0.0;1.116;0.0;0.23200524000000003;0.006380144100000001;0.6719994000000001;0.018479983500000005;0.21199536000000002;0.0058298724;0.0;0.0;0.0;0.0;0.0;0.0026675748;0.0008525682;0.027169857000000002
2025-04-01 08:45:00+00:00;18.595;0.0;0.0;61.57;19.835;0.0;0.18;0.0;0.0;0.596;0.192;0.0;0.968;34.711;0.517;64.773;0.336;0.005;0.627;0.968;100.0;100.0;0.968;0.026619999999999998;0.0;0.968;0.0;0.17999959999999998;0.004949988999999999;0.5959976;0.016389934;0.1920028;0.005280076999999999;0.0;0.0;0.0;0.0;0.0;0.017242572599999995;0.0001376254;0.009240068199999998
2025-04-01 09:00:00+00:00;50.877;0.0;0.0;0.0;49.123;0.0;0.232;0.0;0.0;0.0;0.224;0.0;0.456;27.193;2.632;70.175;0.124;0.012;0.32;0.456;100.0;100.0;0.456;0.01254;0.0;0.45600000000000007;0.0;0.23199912000000003;0.006379975800000001;0.0;0.0;0.22400088;0.0061600242;0.0;0.0;0.0;0.0;-5.551115123125783e-17;0.008799945;0.0003300528;0.0034100022
2025-04-01 09:15:00+00:00;27.35;0.0;0.0;0.0;72.65;0.0;0.128;0.0;0.0;0.0;0.34;0.0;0.468;33.761;2.35;63.889;0.158;0.011;0.299;0.46799999999999997;100.0;100.0;0.468;0.012870000000000001;0.0;0.4680000000000001;0.0;0.12799800000000003;0.0035199450000000005;0.0;0.0;0.340002;0.009350055000000001;0.0;0.0;0.0;0.0;-1.1102230246251565e-16;0.008222514300000002;0.00030244500000000004;0.0043450407
2025-04-01 09:30:00+00:00;40.556;0.0;0.0;0.556;58.889;0.0;0.292;0.0;0.0;0.004;0.424;0.0;0.72;43.611;1.389;55.0;0.314;0.01;0.396;0.72;100.0;100.0;0.72;0.019799999999999998;0.0;0.7200072;0.0;0.29200319999999996;0.008030088;0.0040032;0.00011008800000000001;0.4240008;0.011660021999999999;0.0;0.0;0.0;0.0;-7.199999999984996e-06;0.01089;0.000275022;0.008634978
2025-04-01 09:45:00+00:00;49.351;0.0;0.0;0.0;50.649;0.0;0.304;0.0;0.0;0.0;0.312;0.0;0.616;46.266;0.162;53.571;0.285;0.001;0.33;0.616;100.0;100.0;0.616;0.01694;0.0;0.616;0.0;0.30400216;0.0083600594;0.0;0.0;0.31199783999999997;0.0085799406;0.0;0.0;0.0;0.0;0.0;0.0090749274;2.74428e-05;0.0078374604
2025-04-01 10:00:00+00:00;73.556;0.0;0.0;0.0;26.444;0.0;0.968;0.0;0.0;0.0;0.348;0.0;1.3159999999999998;56.155;0.304;43.541;0.739;0.004;0.573;1.3159999999999998;100.0;100.0;1.3159999999999998;0.03618999999999999;0.0;1.3159999999999998;0.0;0.9679969599999999;0.026619916399999995;0.0;0.0;0.34800304;0.009570083599999998;0.0;0.0;0.0;0.0;0.0;0.015757487899999995;0.00011001759999999997;0.020322494499999996
2025-04-01 10:15:00+00:00;90.549;0.0;0.0;0.0;9.451;0.0;2.836;0.0;0.0;0.0;0.296;0.0;3.1319999999999997;62.292;0.319;37.388;1.951;0.01;1.171;3.132;100.0;100.0;3.1319999999999997;0.08613;0.0;3.1319999999999997;0.0;2.8359946799999998;0.0779898537;0.0;0.0;0.29600532;0.008140146300000001;0.0;0.0;0.0;0.0;4.440892098500626e-16;0.032202284399999996;0.0002747547;0.0536520996
2025-04-01 10:30:00+00:00;50.406;0.0;0.0;40.467;9.128;0.0;1.988;0.0;0.0;1.596;0.36;0.0;3.944;52.459;0.051;47.49;2.069;0.002;1.873;3.944;100.0;100.0;3.944;0.10846;0.0;3.9440394399999996;0.0;1.9880126399999998;0.054670347599999995;1.59601848;0.0438905082;0.36000832;0.0099002288;0.0;0.0;0.0;0.0;-3.943999999966863e-05;0.05150765400000001;5.5314599999999994e-05;0.0568970314
2025-04-01 10:45:00+00:00;8.374;0.0;0.0;78.941;12.685;0.0;0.272;0.0;0.0;2.564;0.412;0.0;3.248;56.927;0.0;43.073;1.849;0.0;1.399;3.248;100.0;100.0;3.248;0.08932000000000001;0.0;3.2480000000000007;0.0;0.27198752000000004;0.0074796568000000015;2.5640036800000003;0.07051010120000001;0.41200880000000006;0.011330242000000003;0.0;0.0;0.0;0.0;-4.440892098500626e-16;0.03847280360000001;0.0;0.0508471964
2025-04-01 11:00:00+00:00;4.639;0.0;0.0;89.81;5.551;0.0;0.244;0.0;0.0;4.724;0.292;0.0;5.26;58.213;0.0;41.787;3.062;0.0;2.198;5.26;100.0;100.0;5.26;0.14465;0.0;5.26;0.0;0.2440114;0.0067103135000000005;4.724006;0.129910165;0.2919826;0.008029521500000001;0.0;0.0;0.0;0.0;0.0;0.0604448955;0.0;0.0842051045
2025-04-01 11:15:00+00:00;4.411;0.0;0.0;90.991;4.598;0.0;0.235;0.0;0.0;4.848;0.245;0.0;5.328;47.372;0.0;52.628;2.524;0.0;2.804;5.327999999999999;100.0;100.0;5.328;0.14652;0.0;5.328;0.0;0.23501808;0.0064629972;4.8480004800000005;0.1333200132;0.24498144000000002;0.006736989600000001;0.0;0.0;0.0;0.0;-8.881784197001252e-16;0.0771105456;0.0;0.0694094544
2025-04-01 11:30:00+00:00;10.515;0.0;0.0;82.35;7.135;0.0;0.196;0.0;0.0;1.535;0.133;0.0;1.8639999999999999;22.747;0.215;77.039;0.424;0.004;1.436;1.8639999999999999;100.0;100.0;1.8639999999999999;0.05126;0.0;1.8639999999999997;0.0;0.1959996;0.005389989;1.5350039999999998;0.04221261;0.1329964;0.003657401;0.0;0.0;0.0;0.0;2.220446049250313e-16;0.0394901914;0.000110209;0.0116601122
2025-04-01 11:45:00+00:00;20.401;0.0;0.0;69.763;9.836;0.0;0.448;0.0;0.0;1.532;0.216;0.0;2.196;48.361;0.228;51.412;1.062;0.005;1.129;2.1959999999999997;100.0;100.0;2.196;0.060390000000000006;0.0;2.1960000000000006;0.0;0.44800596000000004;0.012320163900000002;1.5319954800000004;0.04212987570000001;0.21599856000000003;0.005939960400000001;0.0;0.0;0.0;0.0;-8.881784197001252e-16;0.031047706800000005;0.00013768920000000002;0.029205207900000002
2025-04-01 12:00:00+00:00;29.901;0.0;0.0;55.842;14.257;0.0;0.604;0.0;0.0;1.128;0.288;0.0;2.02;46.832;0.0;53.168;0.946;0.0;1.074;2.02;100.0;100.0;2.02;0.05555;0.0;2.02;0.0;0.6040002;0.0166100055;1.1280084000000001;0.031020231000000002;0.2879914;0.007919763500000001;0.0;0.0;0.0;0.0;0.0;0.029534824000000005;0.0;0.026015176
2025-04-01 12:15:00+00:00;27.129;0.0;0.0;21.136;51.735;0.0;0.344;0.0;0.0;0.268;0.656;0.0;1.268;48.817;5.521;45.662;0.619;0.07;0.579;1.268;100.0;100.0;1.268;0.03487;0.0;1.268;0.0;0.34399572000000006;0.0094598823;0.26800448;0.007370123199999999;0.6559998;0.0180399945;0.0;0.0;0.0;0.0;0.0;0.0159223394;0.0019251727;0.017022487899999997
2025-04-01 12:30:00+00:00;58.407;0.0;0.0;0.0;41.593;0.0;0.264;0.0;0.0;0.0;0.188;0.0;0.452;46.903;1.327;51.77;0.212;0.006;0.234;0.452;100.0;100.0;0.452;0.01243;0.0;0.45199999999999996;0.0;0.26399964;0.0072599901;0.0;0.0;0.18800036;0.0051700099000000005;0.0;0.0;0.0;0.0;5.551115123125783e-17;0.006435011000000001;0.0001649461;0.0058300429
2025-04-01 12:45:00+00:00;56.481;0.0;0.0;0.0;43.519;0.0;0.244;0.0;0.0;0.0;0.188;0.0;0.432;48.611;0.463;50.926;0.21;0.002;0.22;0.432;100.0;100.0;0.432;0.01188;0.0;0.432;0.0;0.24399792;0.0067099428;0.0;0.0;0.18800208;0.0051700572;0.0;0.0;0.0;0.0;0.0;0.0060500088;5.5004400000000005e-05;0.0057749868
2025-04-01 13:00:00+00:00;6.84;0.0;0.0;85.179;7.98;0.0;0.168;0.0;0.0;2.092;0.196;0.0;2.4560000000000004;53.542;0.122;46.336;1.315;0.003;1.138;2.4559999999999995;100.0;100.0;2.4560000000000004;0.06754000000000002;0.0;2.45597544;0.0;0.16799040000000004;0.004619736000000001;2.0919962400000003;0.05752989660000002;0.19598880000000005;0.005389692000000002;0.0;0.0;0.0;0.0;2.4559999999507198e-05;0.031295334400000006;8.239880000000002e-05;0.03616226680000001
2025-04-01 13:15:00+00:00;10.667;0.0;0.0;36.833;10.833;41.667;0.064;0.0;0.0;0.221;0.065;0.25;0.6;97.333;2.667;0.0;0.584;0.016;0.0;0.6;100.0;100.0;0.6;0.0165;0.250002;0.6;0.006875055000000001;0.064002;0.0017600550000000002;0.220998;0.006077445;0.064998;0.001787445;0.0;0.0;0.0;0.0;0.0;0.0;0.000440055;0.016059945000000003
2025-04-01 13:30:00+00:00;10.283;0.0;0.0;4.627;26.221;58.869;0.16;0.0;0.0;0.072;0.408;0.916;1.556;96.337;3.663;0.0;1.499;0.057;0.0;1.556;100.0;100.0;1.556;0.04279;0.9160016400000001;1.556;0.025190045100000003;0.16000348;0.0044000956999999995;0.07199612;0.0019798933;0.40799876;0.0112199659;0.0;0.0;0.0;0.0;0.0;0.0;0.0015673977;0.0412226023
2025-04-01 13:45:00+00:00;24.107;0.0;0.0;0.0;75.893;0.0;0.108;0.0;0.0;0.0;0.34;0.0;0.448;55.357;0.446;44.196;0.248;0.002;0.198;0.448;100.0;100.0;0.448;0.012320000000000001;0.0;0.448;0.0;0.10799936;0.0029699824000000005;0.0;0.0;0.34000064;0.009350017600000001;0.0;0.0;0.0;0.0;0.0;0.0054449472;5.494720000000001e-05;0.006819982400000001
2025-04-01 14:00:00+00:00;49.194;0.0;0.0;1.613;49.194;0.0;0.244;0.0;0.0;0.008;0.244;0.0;0.496;58.266;0.202;41.532;0.289;0.001;0.206;0.496;100.0;100.0;0.496;0.01364;0.0;0.49600496000000005;0.0;0.24400224;0.0067100616;0.008000479999999999;0.00022001319999999998;0.24400224;0.0067100616;0.0;0.0;0.0;0.0;-4.96000000005381e-06;0.005664964799999999;2.75528e-05;0.007947482399999999
2025-04-01 14:15:00+00:00;81.368;0.0;0.0;0.0;18.632;0.0;1.38;0.0;0.0;0.0;0.316;0.0;1.696;61.026;0.236;38.738;1.035;0.004;0.657;1.696;100.0;100.0;1.696;0.04664;0.0;1.696;0.0;1.3800012799999999;0.037950035199999996;0.0;0.0;0.31599872;0.0086899648;0.0;0.0;0.0;0.0;0.0;0.018067403200000002;0.00011007039999999998;0.0284625264
2025-04-01 14:30:00+00:00;81.979;0.0;0.0;0.0;18.021;0.0;1.856;0.0;0.0;0.0;0.408;0.0;2.2640000000000002;63.472;0.221;36.307;1.437;0.005;0.822;2.2640000000000002;100.0;100.0;2.2640000000000002;0.06226000000000001;0.0;2.2640000000000002;0.0;1.8560045600000001;0.05104012540000001;0.0;0.0;0.40799544000000004;0.011219874600000002;0.0;0.0;0.0;0.0;0.0;0.022604738200000005;0.00013759460000000004;0.03951766720000001
2025-04-01 14:45:00+00:00;67.05;0.0;0.0;0.0;32.95;0.0;0.7;0.0;0.0;0.0;0.344;0.0;1.044;69.157;0.479;30.364;0.722;0.005;0.317;1.044;100.0;100.0;1.044;0.028710000000000003;0.0;1.044;0.0;0.700002;0.019250055000000002;0.0;0.0;0.343998;0.009459945;0.0;0.0;0.0;0.0;0.0;0.008717504400000001;0.0001375209;0.019854974700000003
2025-04-01 15:00:00+00:00;23.35;0.0;0.0;0.0;7.324;69.326;1.288;0.0;0.0;0.0;0.404;3.824;5.516;99.674;0.326;0.0;5.498;0.018;0.0;5.516;100.0;100.0;5.516;0.15169;3.8240221599999997;5.516;0.1051606094;1.287986;0.035419615;0.0;0.0;0.40399184;0.0111097756;0.0;0.0;0.0;0.0;0.0;0.0;0.0004945094;0.1511954906
2025-04-01 15:15:00+00:00;89.601;0.0;0.0;0.0;10.399;0.0;3.86;0.0;0.0;0.0;0.448;0.0;4.308;74.884;0.325;24.791;3.226;0.014;1.068;4.308;100.0;100.0;4.308;0.11846999999999999;0.0;4.308;0.0;3.8600110799999996;0.10615030469999999;0.0;0.0;0.4479889199999999;0.012319695299999997;0.0;0.0;0.0;0.0;0.0;0.029369897699999998;0.00038502750000000003;0.08871507479999999
2025-04-01 15:30:00+00:00;84.817;0.0;0.0;0.0;15.183;0.0;1.944;0.0;0.0;0.0;0.348;0.0;2.292;76.353;0.349;23.298;1.75;0.008;0.534;2.292;100.0;100.0;2.292;0.06302999999999999;0.0;2.292;0.0;1.9440056399999999;0.05346015509999999;0.0;0.0;0.34799435999999995;0.009569844899999997;0.0;0.0;0.0;0.0;0.0;0.014684729399999997;0.00021997469999999995;0.04812529589999999
2025-04-01 15:45:00+00:00;66.929;0.0;0.0;0.0;33.071;0.0;0.68;0.0;0.0;0.0;0.336;0.0;1.016;83.071;0.492;16.437;0.844;0.005;0.167;1.016;100.0;100.0;1.016;0.02794;0.0;1.016;0.0;0.6799986400000001;0.0186999626;0.0;0.0;0.33600136;0.0092400374;0.0;0.0;0.0;0.0;0.0;0.0045924978;0.00013746479999999999;0.023210037399999998
2025-04-01 16:00:00+00:00;86.068;0.0;0.0;0.0;13.932;0.0;2.224;0.0;0.0;0.0;0.36;0.0;2.584;91.447;0.503;8.05;2.363;0.013;0.208;2.584;100.0;100.0;2.584;0.07106;0.0;2.584;0.0;2.22399712;0.061159920799999996;0.0;0.0;0.36000288;0.0099000792;0.0;0.0;0.0;0.0;0.0;0.00572033;0.00035743179999999996;0.0649822382
2025-04-01 16:15:00+00:00;37.15;0.0;0.0;0.0;4.983;57.867;1.275;0.0;0.0;0.0;0.171;1.986;3.432;99.301;0.699;0.0;3.408;0.024;0.0;3.432;100.0;100.0;3.432;0.09438;1.98599544;3.432;0.0546148746;1.274988;0.035062170000000004;0.0;0.0;0.17101655999999998;0.0047029554;0.0;0.0;0.0;0.0;0.0;0.0;0.0006597162;0.09372028380000001
2025-04-01 16:30:00+00:00;33.333;0.0;0.0;0.0;7.292;59.375;0.832;0.0;0.0;0.0;0.182;1.482;2.496;99.038;0.962;0.0;2.472;0.024;0.0;2.496;100.0;100.0;2.496;0.06864;1.482;2.496;0.040755000000000006;0.8319916799999999;0.0228797712;0.0;0.0;0.18200832;0.005005228800000001;0.0;0.0;0.0;0.0;0.0;0.0;0.0006603168;0.0679796832
2025-04-01 16:45:00+00:00;76.726;0.0;0.0;10.728;9.328;3.218;1.645;0.0;0.0;0.23;0.2;0.069;2.144;99.44;0.56;0.0;2.132;0.012;0.0;2.144;100.0;100.0;2.144;0.058960000000000005;0.06899392;2.144;0.0018973328000000001;1.64500544;0.0452376496;0.23000832000000002;0.006325228800000001;0.19999231999999997;0.0054997888;0.0;0.0;0.0;0.0;0.0;0.0;0.00033017600000000006;0.058629824000000004
2025-04-01 17:00:00+00:00;32.531;0.0;0.0;45.73;5.202;16.537;0.419;0.0;0.0;0.589;0.067;0.213;1.288;100.0;0.0;0.0;1.288;0.0;0.0;1.288;100.0;100.0;1.288;0.03542;0.21299656;1.288;0.0058574054;0.41899928;0.011522480199999999;0.5890024;0.016197566;0.06700176;0.0018425484;0.0;0.0;0.0;0.0;0.0;0.0;0.0;0.03542
2025-04-01 17:15:00+00:00;20.324;0.0;0.0;31.115;6.655;41.906;0.113;0.0;0.0;0.173;0.037;0.233;0.556;100.0;0.0;0.0;0.556;0.0;0.0;0.556;100.0;100.0;0.556;0.015290000000000002;0.23299736000000001;0.556;0.0064074274;0.11300144000000001;0.0031075396000000005;0.1729994;0.0047574835000000005;0.0370018;0.0010175495000000001;0.0;0.0;0.0;0.0;0.0;0.0;0.0;0.015290000000000002
2025-04-01 17:30:00+00:00;;;;;;;0.0;0.0;0.0;0.0;0.0;0.0;0.0;;;;0.0;0.0;0.0;0.0;;;;;;;;;;;;;;;;;;;;;
2025-04-01 17:45:00+00:00;;;;;;;0.0;0.0;0.0;0.0;0.0;0.0;0.0;;;;0.0;0.0;0.0;0.0;;;;;;;;;;;;;;;;;;;;;
2025-04-01 18:00:00+00:00;;;;;;;0.0;0.0;0.0;0.0;0.0;0.0;0.0;;;;0.0;0.0;0.0;0.0;;;;;;;;;;;;;;;;;;;;;
2025-04-01 18:15:00+00:00;;;;;;;0.0;0.0;0.0;0.0;0.0;0.0;0.0;;;;0.0;0.0;0.0;0.0;;;;;;;;;;;;;;;;;;;;;
2025-04-01 18:30:00+00:00;;;;;;;0.0;0.0;0.0;0.0;0.0;0.0;0.0;;;;0.0;0.0;0.0;0.0;;;;;;;;;;;;;;;;;;;;;
2025-04-01 18:45:00+00:00;;;;;;;0.0;0.0;0.0;0.0;0.0;0.0;0.0;;;;0.0;0.0;0.0;0.0;;;;;;;;;;;;;;;;;;;;;
2025-04-01 19:00:00+00:00;;;;;;;0.0;0.0;0.0;0.0;0.0;0.0;0.0;;;;0.0;0.0;0.0;0.0;;;;;;;;;;;;;;;;;;;;;
2025-04-01 19:15:00+00:00;;;;;;;0.0;0.0;0.0;0.0;0.0;0.0;0.0;;;;0.0;0.0;0.0;0.0;;;;;;;;;;;;;;;;;;;;;
2025-04-01 19:30:00+00:00;;;;;;;0.0;0.0;0.0;0.0;0.0;0.0;0.0;;;;0.0;0.0;0.0;0.0;;;;;;;;;;;;;;;;;;;;;
2025-04-01 19:45:00+00:00;;;;;;;0.0;0.0;0.0;0.0;0.0;0.0;0.0;;;;0.0;0.0;0.0;0.0;;;;;;;;;;;;;;;;;;;;;
2025-04-01 20:00:00+00:00;;;;;;;0.0;0.0;0.0;0.0;0.0;0.0;0.0;;;;0.0;0.0;0.0;0.0;;;;;;;;;;;;;;;;;;;;;
2025-04-01 20:15:00+00:00;;;;;;;0.0;0.0;0.0;0.0;0.0;0.0;0.0;;;;0.0;0.0;0.0;0.0;;;;;;;;;;;;;;;;;;;;;
2025-04-01 20:30:00+00:00;;;;;;;0.0;0.0;0.0;0.0;0.0;0.0;0.0;;;;0.0;0.0;0.0;0.0;;;;;;;;;;;;;;;;;;;;;
2025-04-01 20:45:00+00:00;;;;;;;0.0;0.0;0.0;0.0;0.0;0.0;0.0;;;;0.0;0.0;0.0;0.0;;;;;;;;;;;;;;;;;;;;;
2025-04-01 21:00:00+00:00;;;;;;;0.0;0.0;0.0;0.0;0.0;0.0;0.0;;;;0.0;0.0;0.0;0.0;;;;;;;;;;;;;;;;;;;;;
2025-04-01 21:15:00+00:00;;;;;;;0.0;0.0;0.0;0.0;0.0;0.0;0.0;;;;0.0;0.0;0.0;0.0;;;;;;;;;;;;;;;;;;;;;
2025-04-01 21:30:00+00:00;;;;;;;0.0;0.0;0.0;0.0;0.0;0.0;0.0;;;;0.0;0.0;0.0;0.0;;;;;;;;;;;;;;;;;;;;;
2025-04-01 21:45:00+00:00;;;;;;;0.0;0.0;0.0;0.0;0.0;0.0;0.0;;;;0.0;0.0;0.0;0.0;;;;;;;;;;;;;;;;;;;;;
2025-04-01 22:00:00+00:00;;;;;;;0.0;0.0;0.0;0.0;0.0;0.0;0.0;;;;0.0;0.0;0.0;0.0;;;;;;;;;;;;;;;;;;;;;
2025-04-01 22:15:00+00:00;;;;;;;0.0;0.0;0.0;0.0;0.0;0.0;0.0;;;;0.0;0.0;0.0;0.0;;;;;;;;;;;;;;;;;;;;;
2025-04-01 22:30:00+00:00;;;;;;;0.0;0.0;0.0;0.0;0.0;0.0;0.0;;;;0.0;0.0;0.0;0.0;;;;;;;;;;;;;;;;;;;;;
2025-04-01 22:45:00+00:00;;;;;;;0.0;0.0;0.0;0.0;0.0;0.0;0.0;;;;0.0;0.0;0.0;0.0;;;;;;;;;;;;;;;;;;;;;
2025-04-01 23:00:00+00:00;;;;;;;0.0;0.0;0.0;0.0;0.0;0.0;0.0;;;;0.0;0.0;0.0;0.0;;;;;;;;;;;;;;;;;;;;;
2025-04-01 23:15:00+00:00;;;;;;;0.0;0.0;0.0;0.0;0.0;0.0;0.0;;;;0.0;0.0;0.0;0.0;;;;;;;;;;;;;;;;;;;;;
2025-04-01 23:30:00+00:00;;;;;;;0.0;0.0;0.0;0.0;0.0;0.0;0.0;;;;0.0;0.0;0.0;0.0;;;;;;;;;;;;;;;;;;;;;
2025-04-01 23:45:00+00:00;;;;;;;0.0;0.0;0.0;0.0;0.0;0.0;0.0;;;;0.0;0.0;0.0;0.0;;;;;;;;;;;;;;;;;;;;;
2025-04-02 00:00:00+00:00;;;;;;;0.0;0.0;0.0;0.0;0.0;0.0;0.0;;;;0.0;0.0;0.0;0.0;;;;;;;;;;;;;;;;;;;;;
2025-04-02 00:15:00+00:00;;;;;;;0.0;0.0;0.0;0.0;0.0;0.0;0.0;;;;0.0;0.0;0.0;0.0;;;;;;;;;;;;;;;;;;;;;
2025-04-02 00:30:00+00:00;;;;;;;0.0;0.0;0.0;0.0;0.0;0.0;0.0;;;;0.0;0.0;0.0;0.0;;;;;;;;;;;;;;;;;;;;;
2025-04-02 00:45:00+00:00;;;;;;;0.0;0.0;0.0;0.0;0.0;0.0;0.0;;;;0.0;0.0;0.0;0.0;;;;;;;;;;;;;;;;;;;;;
2025-04-02 01:00:00+00:00;;;;;;;0.0;0.0;0.0;0.0;0.0;0.0;0.0;;;;0.0;0.0;0.0;0.0;;;;;;;;;;;;;;;;;;;;;
2025-04-02 01:15:00+00:00;;;;;;;0.0;0.0;0.0;0.0;0.0;0.0;0.0;;;;0.0;0.0;0.0;0.0;;;;;;;;;;;;;;;;;;;;;
2025-04-02 01:30:00+00:00;;;;;;;0.0;0.0;0.0;0.0;0.0;0.0;0.0;;;;0.0;0.0;0.0;0.0;;;;;;;;;;;;;;;;;;;;;
2025-04-02 01:45:00+00:00;;;;;;;0.0;0.0;0.0;0.0;0.0;0.0;0.0;;;;0.0;0.0;0.0;0.0;;;;;;;;;;;;;;;;;;;;;
2025-04-02 02:00:00+00:00;;;;;;;0.0;0.0;0.0;0.0;0.0;0.0;0.0;;;;0.0;0.0;0.0;0.0;;;;;;;;;;;;;;;;;;;;;
2025-04-02 02:15:00+00:00;;;;;;;0.0;0.0;0.0;0.0;0.0;0.0;0.0;;;;0.0;0.0;0.0;0.0;;;;;;;;;;;;;;;;;;;;;
2025-04-02 02:30:00+00:00;;;;;;;0.0;0.0;0.0;0.0;0.0;0.0;0.0;;;;0.0;0.0;0.0;0.0;;;;;;;;;;;;;;;;;;;;;
2025-04-02 02:45:00+00:00;;;;;;;0.0;0.0;0.0;0.0;0.0;0.0;0.0;;;;0.0;0.0;0.0;0.0;;;;;;;;;;;;;;;;;;;;;
2025-04-02 03:00:00+00:00;;;;;;;0.0;0.0;0.0;0.0;0.0;0.0;0.0;;;;0.0;0.0;0.0;0.0;;;;;;;;;;;;;;;;;;;;;
2025-04-02 03:15:00+00:00;;;;;;;0.0;0.0;0.0;0.0;0.0;0.0;0.0;;;;0.0;0.0;0.0;0.0;;;;;;;;;;;;;;;;;;;;;
2025-04-02 03:30:00+00:00;;;;;;;0.0;0.0;0.0;0.0;0.0;0.0;0.0;;;;0.0;0.0;0.0;0.0;;;;;;;;;;;;;;;;;;;;;
2025-04-02 03:45:00+00:00;;;;;;;0.0;0.0;0.0;0.0;0.0;0.0;0.0;;;;0.0;0.0;0.0;0.0;;;;;;;;;;;;;;;;;;;;;
2025-04-02 04:00:00+00:00;;;;;;;0.0;0.0;0.0;0.0;0.0;0.0;0.0;;;;0.0;0.0;0.0;0.0;;;;;;;;;;;;;;;;;;;;;
2025-04-02 04:15:00+00:00;;;;;;;0.0;0.0;0.0;0.0;0.0;0.0;0.0;;;;0.0;0.0;0.0;0.0;;;;;;;;;;;;;;;;;;;;;
2025-04-02 04:30:00+00:00;;;;;;;0.0;0.0;0.0;0.0;0.0;0.0;0.0;;;;0.0;0.0;0.0;0.0;;;;;;;;;;;;;;;;;;;;;
2025-04-02 04:45:00+00:00;;;;;;;0.0;0.0;0.0;0.0;0.0;0.0;0.0;;;;0.0;0.0;0.0;0.0;;;;;;;;;;;;;;;;;;;;;
2025-04-02 05:00:00+00:00;;;;;;;0.0;0.0;0.0;0.0;0.0;0.0;0.0;;;;0.0;0.0;0.0;0.0;;;;;;;;;;;;;;;;;;;;;
2025-04-02 05:15:00+00:00;;;;;;;0.0;0.0;0.0;0.0;0.0;0.0;0.0;;;;0.0;0.0;0.0;0.0;;;;;;;;;;;;;;;;;;;;;
2025-04-02 05:30:00+00:00;;;;;;;0.0;0.0;0.0;0.0;0.0;0.0;0.0;;;;0.0;0.0;0.0;0.0;;;;;;;;;;;;;;;;;;;;;
2025-04-02 05:45:00+00:00;61.012;0.298;5.754;24.603;8.333;0.0;0.615;0.003;0.058;0.248;0.084;0.0;1.008;0.0;0.0;100.0;0.0;0.0;1.008;1.008;100.0;100.0;1.008;0.02772;0.0;1.0080000000000002;0.0;0.61500096;0.016912526400000003;0.24799824000000004;0.006819951600000001;0.08399664;0.0023099076;0.058000319999999994;0.0015950088;0.0030038400000000002;8.26056e-05;-2.220446049250313e-16;0.02772;0.0;0.0
2025-04-02 06:00:00+00:00;35.788;0.388;4.457;52.972;6.395;0.0;0.554;0.006;0.069;0.82;0.099;0.0;1.548;0.0;0.0;100.0;0.0;0.0;1.548;1.548;100.0;100.0;1.548;0.042570000000000004;0.0;1.5479999999999998;0.0;0.55399824;0.015234951600000001;0.8200065599999999;0.0225501804;0.09899459999999999;0.0027223514999999998;0.06899436;0.0018973449000000001;0.00600624;0.00016517160000000002;2.220446049250313e-16;0.042570000000000004;0.0;0.0
2025-04-02 06:15:00+00:00;7.253;0.989;19.67;56.703;15.385;0.0;0.132;0.018;0.358;1.032;0.28;0.0;1.82;0.0;0.0;100.0;0.0;0.0;1.82;1.82;100.0;100.0;1.82;0.050050000000000004;0.0;1.82;0.0;0.1320046;0.0036301265;1.0319946000000002;0.028379851500000004;0.280007;0.0077001925;0.35799400000000003;0.009844835000000001;0.0179998;0.0004949945;0.0;0.050050000000000004;0.0;0.0
2025-04-02 06:30:00+00:00;10.4;0.85;20.55;53.6;14.6;0.0;0.208;0.017;0.411;1.072;0.292;0.0;2.0;0.0;0.0;100.0;0.0;0.0;2.0;2.0;100.0;100.0;2.0;0.055;0.0;2.0;0.0;0.20800000000000002;0.00572;1.072;0.029480000000000003;0.292;0.008029999999999999;0.41100000000000003;0.011302500000000002;0.017;0.00046750000000000003;0.0;0.055;0.0;0.0
2025-04-02 06:45:00+00:00;;;;;;;0.0;0.0;0.0;0.0;0.0;0.0;0.0;;;;0.0;0.0;0.0;0.0;;;;;;;;;;;;;;;;;;;;;
2025-04-02 07:00:00+00:00;9.802;0.0;0.0;76.748;13.45;0.0;0.129;0.0;0.0;1.01;0.177;0.0;1.316;0.912;0.0;99.088;0.012;0.0;1.304;1.316;100.0;100.0;1.316;0.03619;0.0;1.3159999999999998;0.0;0.12899432;0.0035473438;1.01000368;0.027775101200000003;0.177002;0.004867554999999999;0.0;0.0;0.0;0.0;2.220446049250313e-16;0.0358599472;0.0;0.0003300528
2025-04-02 07:15:00+00:00;47.297;0.0;0.0;38.649;14.054;0.0;0.7;0.0;0.0;0.572;0.208;0.0;1.48;5.405;0.0;94.595;0.08;0.0;1.4;1.48;100.0;100.0;1.48;0.0407;0.0;1.4799999999999998;0.0;0.6999955999999999;0.019249878999999998;0.5720052;0.015730143;0.2079992;0.005719978;0.0;0.0;0.0;0.0;2.220446049250313e-16;0.038500164999999996;0.0;0.0021998350000000002
2025-04-02 07:30:00+00:00;22.581;0.0;0.0;47.849;29.57;0.0;0.168;0.0;0.0;0.356;0.22;0.0;0.744;7.93;0.0;92.07;0.059;0.0;0.685;0.744;100.0;100.0;0.744;0.02046;0.0;0.744;0.0;0.16800263999999998;0.0046200726;0.35599655999999996;0.009789905399999998;0.22000080000000002;0.006050022;0.0;0.0;0.0;0.0;0.0;0.018837522;0.0;0.001622478
2025-04-02 07:45:00+00:00;27.17;0.0;0.0;52.453;20.377;0.0;0.288;0.0;0.0;0.556;0.216;0.0;1.06;11.604;0.0;88.396;0.123;0.0;0.937;1.06;100.0;100.0;1.06;0.029150000000000002;0.0;1.06;0.0;0.28800200000000004;0.007920055;0.5560018000000001;0.015290049500000003;0.2159962;0.0059398954999999995;0.0;0.0;0.0;0.0;0.0;0.025767434000000002;0.0;0.003382566
2025-04-02 08:00:00+00:00;4.88;0.0;0.0;88.739;6.381;0.0;0.065;0.0;0.0;1.182;0.085;0.0;1.3319999999999999;18.619;0.0;81.381;0.248;0.0;1.084;1.332;100.0;100.0;1.3319999999999999;0.036629999999999996;0.0;1.3319999999999999;0.0;0.06500159999999999;0.0017875439999999996;1.1820034799999999;0.0325050957;0.08499492;0.0023373603;0.0;0.0;0.0;0.0;2.220446049250313e-16;0.029809860299999998;0.0;0.006820139699999999
2025-04-02 08:15:00+00:00;9.631;0.0;0.0;76.726;13.644;0.0;0.24;0.0;0.0;1.912;0.34;0.0;2.492;4.173;0.12;95.706;0.104;0.003;2.385;2.492;100.0;100.0;2.492;0.06853;0.0;2.4920249199999995;0.0;0.24000452000000003;0.0066001243;1.9120119199999999;0.05258032779999999;0.34000848;0.0093502332;0.0;0.0;0.0;0.0;-2.4919999999539755e-05;0.0655873218;8.223599999999999e-05;0.0028597569
2025-04-02 08:30:00+00:00;44.037;0.0;0.0;0.0;55.963;0.0;0.192;0.0;0.0;0.0;0.244;0.0;0.436;13.073;0.459;86.468;0.057;0.002;0.377;0.436;100.0;100.0;0.436;0.01199;0.0;0.436;0.0;0.19200132;0.0052800363;0.0;0.0;0.24399868;0.0067099637;0.0;0.0;0.0;0.0;0.0;0.010367513200000001;5.503410000000001e-05;0.0015674527000000002
2025-04-02 08:45:00+00:00;17.166;0.0;0.0;67.575;15.259;0.0;0.252;0.0;0.0;0.992;0.224;0.0;1.468;32.493;0.409;67.098;0.477;0.006;0.985;1.468;100.0;100.0;1.468;0.040369999999999996;0.0;1.4680000000000002;0.0;0.25199688;0.0069299142;0.9920010000000001;0.0272800275;0.22400212;0.006160058299999999;0.0;0.0;0.0;0.0;-2.220446049250313e-16;0.027087462599999997;0.00016511329999999998;0.013117424099999999
2025-04-02 09:00:00+00:00;41.379;0.0;0.0;0.0;58.621;0.0;0.24;0.0;0.0;0.0;0.34;0.0;0.5800000000000001;33.966;0.69;65.345;0.197;0.004;0.379;0.5800000000000001;100.0;100.0;0.5800000000000001;0.015950000000000002;0.0;0.5800000000000001;0.0;0.23999820000000002;0.006599950500000001;0.0;0.0;0.3400018;0.009350049500000002;0.0;0.0;0.0;0.0;0.0;0.0104225275;0.00011005500000000002;0.005417577000000001
2025-04-02 09:15:00+00:00;88.353;0.0;0.0;0.0;11.647;0.0;2.64;0.0;0.0;0.0;0.348;0.0;2.988;39.023;0.201;60.776;1.166;0.006;1.816;2.988;100.0;100.0;2.988;0.08217;0.0;2.9879999999999995;0.0;2.6399876399999997;0.0725996601;0.0;0.0;0.34801236;0.0095703399;0.0;0.0;0.0;0.0;4.440892098500626e-16;0.04993963920000001;0.0001651617;0.032065199100000004
2025-04-02 09:30:00+00:00;78.323;0.0;0.0;0.0;21.677;0.0;1.532;0.0;0.0;0.0;0.424;0.0;1.956;88.599;0.46;10.941;1.733;0.009;0.214;1.9560000000000002;100.0;100.0;1.956;0.05379;0.0;1.956;0.0;1.53199788;0.0421299417;0.0;0.0;0.42400212;0.0116600583;0.0;0.0;0.0;0.0;2.220446049250313e-16;0.0058851639;0.000247434;0.0476574021
2025-04-02 09:45:00+00:00;33.051;0.0;0.0;0.0;66.949;0.0;0.156;0.0;0.0;0.0;0.316;0.0;0.47200000000000003;43.432;0.212;56.356;0.205;0.001;0.266;0.472;100.0;100.0;0.47200000000000003;0.01298;0.0;0.4720000000000001;0.0;0.15600072;0.0042900198;0.0;0.0;0.31599928000000005;0.0086899802;0.0;0.0;0.0;0.0;-1.1102230246251565e-16;0.007315008800000001;2.75176e-05;0.005637473600000001
2025-04-02 10:00:00+00:00;46.341;0.0;0.0;0.0;53.659;0.0;0.228;0.0;0.0;0.0;0.264;0.0;0.492;43.293;0.203;56.504;0.213;0.001;0.278;0.492;100.0;100.0;0.492;0.01353;0.0;0.492;0.0;0.22799772;0.0062699373;0.0;0.0;0.26400228;0.0072600627;0.0;0.0;0.0;0.0;0.0;0.0076449912;2.74659e-05;0.0058575429
2025-04-02 10:15:00+00:00;37.5;0.0;0.0;0.893;61.607;0.0;0.168;0.0;0.0;0.004;0.276;0.0;0.44800000000000006;41.518;0.223;58.259;0.186;0.001;0.261;0.448;100.0;100.0;0.44800000000000006;0.012320000000000001;0.0;0.44800000000000006;0.0;0.16800000000000004;0.004620000000000001;0.004000640000000001;0.00011001760000000002;0.27599936;0.0075899824000000005;0.0;0.0;0.0;0.0;-5.551115123125783e-17;0.007177508800000001;2.7473600000000004e-05;0.0051150176000000006
2025-04-02 10:30:00+00:00;10.957;0.0;0.0;77.391;11.652;0.0;0.252;0.0;0.0;1.78;0.268;0.0;2.3;41.522;0.043;58.435;0.955;0.001;1.344;2.3;100.0;100.0;2.3;0.06325;0.0;2.3000000000000003;0.0;0.252011;0.0069303025;1.7799930000000002;0.048949807500000005;0.26799599999999996;0.00736989;0.0;0.0;0.0;0.0;-4.440892098500626e-16;0.036960137500000004;2.71975e-05;0.026262664999999998
2025-04-02 10:45:00+00:00;5.313;0.0;0.0;85.769;8.918;0.0;0.224;0.0;0.0;3.616;0.376;0.0;4.216;43.003;0.0;56.997;1.813;0.0;2.403;4.216;100.0;100.0;4.216;0.11594;0.0;4.216000000000001;0.0;0.22399608;0.006159892199999999;3.6160210400000006;0.09944057860000001;0.37598288;0.0103395292;0.0;0.0;0.0;0.0;-8.881784197001252e-16;0.0660823218;0.0;0.049857678200000005
2025-04-02 11:00:00+00:00;2.616;0.0;0.0;85.501;11.883;0.0;0.14;0.0;0.0;4.576;0.636;0.0;5.351999999999999;51.177;0.037;48.786;2.739;0.002;2.611;5.352;100.0;100.0;5.351999999999999;0.14717999999999998;0.0;5.351999999999999;0.0;0.14000832;0.0038502287999999996;4.57601352;0.1258403718;0.6359781599999998;0.017489399399999998;0.0;0.0;0.0;0.0;8.881784197001252e-16;0.07180323479999999;5.445659999999999e-05;0.07532230859999998
2025-04-02 11:15:00+00:00;10.374;0.0;0.0;70.918;18.707;0.0;0.244;0.0;0.0;1.668;0.44;0.0;2.352;55.995;0.17;43.835;1.317;0.004;1.031;2.352;100.0;100.0;2.352;0.06468;0.0;2.3519764800000003;0.0;0.24399648;0.0067099032;1.66799136;0.0458697624;0.43998864;0.0120996876;0.0;0.0;0.0;0.0;2.351999999961052e-05;0.028352478;0.00010995600000000002;0.036217566
2025-04-02 11:30:00+00:00;4.392;0.0;0.0;88.392;7.216;0.0;0.224;0.0;0.0;4.508;0.368;0.0;5.1000000000000005;50.0;0.235;49.765;2.55;0.012;2.538;5.1;100.0;100.0;5.1000000000000005;0.14025;0.0;5.1;0.0;0.22399200000000002;0.006159780000000001;4.507992;0.12396978;0.36801600000000007;0.010120440000000001;0.0;0.0;0.0;0.0;0.0;0.0697954125;0.0003295875;0.070125
2025-04-02 11:45:00+00:00;3.75;0.0;0.0;88.824;7.426;0.0;0.204;0.0;0.0;4.832;0.404;0.0;5.4399999999999995;49.081;0.0;50.919;2.67;0.0;2.77;5.4399999999999995;100.0;100.0;5.4399999999999995;0.14959999999999998;0.0;5.4399999999999995;0.0;0.204;0.0056099999999999995;4.8320256;0.132880704;0.4039744;0.011109296;0.0;0.0;0.0;0.0;0.0;0.07617482399999997;0.0;0.073425176
2025-04-02 12:00:00+00:00;2.859;0.0;0.0;89.557;7.585;0.0;0.196;0.0;0.0;6.14;0.52;0.0;6.856;51.75;0.0;48.25;3.548;0.0;3.308;6.856;100.0;100.0;6.856;0.18853999999999999;0.0;6.85606856;0.0;0.19601304;0.0053903586;6.14002792;0.1688507678;0.5200276;0.014300759;0.0;0.0;0.0;0.0;-6.855999999988427e-05;0.09097054999999998;0.0;0.09756944999999999
2025-04-02 12:15:00+00:00;3.938;0.0;0.0;87.5;8.562;0.0;0.184;0.0;0.0;4.088;0.4;0.0;4.672000000000001;52.29;1.241;46.468;2.443;0.058;2.171;4.672;100.0;100.0;4.672000000000001;0.12848;0.0;4.672000000000001;0.0;0.18398336;0.0050595424;4.088000000000001;0.11242;0.40001664;0.0110004576;0.0;0.0;0.0;0.0;-8.881784197001252e-16;0.05970208640000001;0.0015944368000000003;0.06718219200000002
2025-04-02 12:30:00+00:00;9.159;0.0;0.0;81.305;9.536;0.0;0.292;0.0;0.0;2.592;0.304;0.0;3.1879999999999997;53.89;0.094;46.016;1.718;0.003;1.467;3.1879999999999997;100.0;100.0;3.1879999999999997;0.08767;0.0;3.1879999999999997;0.0;0.29198892;0.0080296953;2.5920034;0.0712800935;0.30400767999999995;0.0083602112;0.0;0.0;0.0;0.0;0.0;0.0403422272;8.240979999999999e-05;0.047245363000000005
2025-04-02 12:45:00+00:00;2.17;0.0;0.0;95.214;2.616;0.0;0.136;0.0;0.0;5.968;0.164;0.0;6.268;54.068;0.0;45.932;3.389;0.0;2.879;6.268;100.0;100.0;6.268;0.17237;0.0;6.268;0.0;0.1360156;0.003740429;5.9680135199999995;0.1641203718;0.16397088;0.0045091992;0.0;0.0;0.0;0.0;0.0;0.0791729884;0.0;0.09319701159999999
2025-04-02 13:00:00+00:00;27.786;0.0;0.0;69.933;2.281;0.0;2.144;0.0;0.0;5.396;0.176;0.0;7.716;53.914;0.078;46.008;4.16;0.006;3.55;7.715999999999999;100.0;100.0;7.716;0.21219000000000002;0.0;7.716;0.0;2.1439677600000002;0.058959113400000006;5.396030280000001;0.14839083270000003;0.17600196;0.0048400539;0.0;0.0;0.0;0.0;-8.881784197001252e-16;0.09762437520000002;0.00016550820000000002;0.11440011660000002
2025-04-02 13:15:00+00:00;54.097;0.0;0.0;40.671;5.232;0.0;2.192;0.0;0.0;1.648;0.212;0.0;4.0520000000000005;55.874;0.592;43.534;2.264;0.024;1.764;4.052;100.0;100.0;4.0520000000000005;0.11143000000000002;0.0;4.052000000000001;0.0;2.1920104400000007;0.06028028710000002;1.6479889200000002;0.04531969530000001;0.21200064000000005;0.005830017600000002;0.0;0.0;0.0;0.0;-1.7763568394002505e-15;0.048509936200000006;0.0006596656000000001;0.06226039820000001
2025-04-02 13:30:00+00:00;36.735;0.0;0.0;0.0;63.265;0.0;0.216;0.0;0.0;0.0;0.372;0.0;0.588;56.633;1.02;42.347;0.333;0.006;0.249;0.5880000000000001;100.0;100.0;0.588;0.01617;0.0;0.588;0.0;0.2160018;0.0059400495;0.0;0.0;0.3719982;0.010229950500000001;0.0;0.0;0.0;0.0;1.1102230246251565e-16;0.006847509900000001;0.00016493400000000002;0.0091575561
2025-04-02 13:45:00+00:00;40.426;0.0;0.0;0.0;59.574;0.0;0.228;0.0;0.0;0.0;0.336;0.0;0.5640000000000001;58.511;0.177;41.312;0.33;0.001;0.233;0.5640000000000001;100.0;100.0;0.5640000000000001;0.015510000000000001;0.0;0.5640000000000001;0.0;0.22800264000000003;0.006270072600000001;0.0;0.0;0.33599736;0.0092399274;0.0;0.0;0.0;0.0;0.0;0.0064074912000000005;2.74527e-05;0.009075056100000001
2025-04-02 14:00:00+00:00;35.484;0.0;0.0;0.0;64.516;0.0;0.132;0.0;0.0;0.0;0.24;0.0;0.372;60.753;0.269;38.978;0.226;0.001;0.145;0.372;100.0;100.0;0.372;0.01023;0.0;0.372;0.0;0.13200048;0.0036300132;0.0;0.0;0.23999952000000002;0.006599986800000001;0.0;0.0;0.0;0.0;0.0;0.0039874494;2.75187e-05;0.0062150319
2025-04-02 14:15:00+00:00;54.015;0.0;0.0;0.0;45.985;0.0;0.296;0.0;0.0;0.0;0.252;0.0;0.548;62.044;0.182;37.774;0.34;0.001;0.207;0.548;100.0;100.0;0.548;0.015070000000000002;0.0;0.548;0.0;0.29600220000000005;0.0081400605;0.0;0.0;0.2519978;0.0069299395;0.0;0.0;0.0;0.0;0.0;0.005692541800000001;2.7427400000000004e-05;0.0093500308
2025-04-02 14:30:00+00:00;70.046;0.0;0.0;0.0;29.954;0.0;0.608;0.0;0.0;0.0;0.26;0.0;0.868;67.857;0.23;31.912;0.589;0.002;0.277;0.868;100.0;100.0;0.868;0.02387;0.0;0.8680000000000001;0.0;0.60799928;0.0167199802;0.0;0.0;0.26000072;0.0071500198;0.0;0.0;0.0;0.0;-1.1102230246251565e-16;0.0076173944;5.4900999999999995e-05;0.0161974659
2025-04-02 14:45:00+00:00;77.044;0.0;0.0;0.0;22.956;0.0;0.98;0.0;0.0;0.0;0.292;0.0;1.272;69.89;0.157;29.953;0.889;0.002;0.381;1.272;100.0;100.0;1.272;0.034980000000000004;0.0;1.272;0.0;0.97999968;0.026949991200000002;0.0;0.0;0.29200032;0.0080300088;0.0;0.0;0.0;0.0;0.0;0.010477559400000003;5.4918600000000006e-05;0.024447522000000003
2025-04-02 15:00:00+00:00;63.354;0.0;0.0;0.0;36.646;0.0;0.816;0.0;0.0;0.0;0.472;0.0;1.2879999999999998;70.885;0.233;28.882;0.913;0.003;0.372;1.288;100.0;100.0;1.2879999999999998;0.03541999999999999;0.0;1.2879999999999998;0.0;0.8159995199999999;0.022439986799999995;0.0;0.0;0.47200047999999994;0.012980013199999998;0.0;0.0;0.0;0.0;2.220446049250313e-16;0.0102300044;8.252859999999998e-05;0.025107466999999998
2025-04-02 15:15:00+00:00;55.365;0.0;0.0;0.0;44.635;0.0;0.516;0.0;0.0;0.0;0.416;0.0;0.9319999999999999;76.395;0.322;23.283;0.712;0.003;0.217;0.9319999999999999;100.0;100.0;0.9319999999999999;0.02563;0.0;0.9319999999999999;0.0;0.5160018;0.0141900495;0.0;0.0;0.41599819999999993;0.011439950499999999;0.0;0.0;0.0;0.0;0.0;0.0059674329;8.252860000000001e-05;0.019580038499999997
2025-04-02 15:30:00+00:00;33.557;0.0;0.0;0.0;66.443;0.0;0.2;0.0;0.0;0.0;0.396;0.0;0.5960000000000001;83.389;0.336;16.275;0.497;0.002;0.097;0.596;100.0;100.0;0.5960000000000001;0.016390000000000002;0.0;0.5960000000000001;0.0;0.19999972000000005;0.005499992300000001;0.0;0.0;0.39600028000000004;0.0108900077;0.0;0.0;0.0;0.0;-1.1102230246251565e-16;0.0026674725;5.507040000000001e-05;0.0136674571
2025-04-02 15:45:00+00:00;53.237;0.0;0.0;0.0;46.763;0.0;0.296;0.0;0.0;0.0;0.26;0.0;0.556;88.309;0.54;11.151;0.491;0.003;0.062;0.556;100.0;100.0;0.556;0.015290000000000002;0.0;0.556;0.0;0.29599772;0.0081399373;0.0;0.0;0.26000228000000003;0.0071500627;0.0;0.0;0.0;0.0;0.0;0.0017049879000000001;8.256600000000001e-05;0.013502446100000001
2025-04-02 16:00:00+00:00;52.288;0.0;0.0;0.0;47.712;0.0;0.32;0.0;0.0;0.0;0.292;0.0;0.612;93.464;0.49;6.046;0.572;0.003;0.037;0.612;100.0;100.0;0.612;0.01683;0.0;0.612;0.0;0.32000256;0.0088000704;0.0;0.0;0.29199744;0.008029929600000001;0.0;0.0;0.0;0.0;0.0;0.0010175418000000001;8.246700000000001e-05;0.0157299912
2025-04-02 16:15:00+00:00;52.023;0.0;0.0;0.0;47.977;0.0;0.36;0.0;0.0;0.0;0.332;0.0;0.692;95.954;0.723;3.324;0.664;0.005;0.023;0.6920000000000001;100.0;100.0;0.692;0.01903;0.0;0.692;0.0;0.35999916000000004;0.009899976900000001;0.0;0.0;0.33200083999999996;0.009130023099999999;0.0;0.0;0.0;0.0;1.1102230246251565e-16;0.0006325571999999999;0.0001375869;0.018260046199999998
2025-04-02 16:30:00+00:00;82.81;0.0;0.0;0.0;17.19;0.0;1.792;0.0;0.0;0.0;0.372;0.0;2.164;98.891;0.924;0.185;2.14;0.02;0.004;2.164;100.0;100.0;2.164;0.05951000000000001;0.0;2.1640000000000006;0.0;1.7920084000000003;0.04928023100000001;0.0;0.0;0.3719916000000001;0.010229769000000003;0.0;0.0;0.0;0.0;-4.440892098500626e-16;0.00011009350000000001;0.0005498724000000001;0.05885003410000001
2025-04-02 16:45:00+00:00;88.653;0.0;0.0;0.0;11.347;0.0;1.922;0.0;0.0;0.0;0.246;0.0;2.168;98.155;1.107;0.738;2.128;0.024;0.016;2.168;100.0;100.0;2.168;0.059620000000000006;0.0;2.168;0.0;1.9219970400000002;0.05285491860000001;0.0;0.0;0.24600296000000002;0.006765081400000001;0.0;0.0;0.0;0.0;0.0;0.0004399956000000001;0.0006599934;0.05852001100000001
2025-04-02 17:00:00+00:00;69.475;0.0;0.0;0.0;4.903;25.622;1.006;0.0;0.0;0.0;0.071;0.371;1.448;98.343;1.657;0.0;1.424;0.024;0.0;1.448;100.0;100.0;1.448;0.03982;0.37100656;1.448;0.0102026804;1.005998;0.027664945;0.0;0.0;0.07099543999999999;0.0019523746;0.0;0.0;0.0;0.0;0.0;0.0;0.0006598174000000001;0.0391601826
2025-04-02 17:15:00+00:00;33.832;0.0;0.0;0.0;10.87;55.299;0.249;0.0;0.0;0.0;0.08;0.407;0.736;97.283;2.717;0.0;0.716;0.02;0.0;0.736;100.0;100.0;0.736;0.02024;0.40700063999999997;0.7360073599999999;0.0111925176;0.24900352;0.0068475968;0.0;0.0;0.0800032;0.002200088;0.0;0.0;0.0;0.0;-7.359999999900779e-06;0.0;0.0005499208;0.019690079200000002
2025-04-02 17:30:00+00:00;19.375;0.0;0.0;0.0;15.625;65.0;0.031;0.0;0.0;0.0;0.025;0.104;0.16;85.0;15.0;0.0;0.136;0.024;0.0;0.16;100.0;100.0;0.16;0.0044;0.10400000000000001;0.16;0.00286;0.031000000000000003;0.0008525000000000001;0.0;0.0;0.025;0.0006875000000000001;0.0;0.0;0.0;0.0;0.0;0.0;0.00066;0.0037400000000000003
2025-04-02 17:45:00+00:00;8.333;0.0;16.667;33.333;25.0;16.667;0.001;0.0;0.002;0.004;0.003;0.002;0.012;0.0;100.0;0.0;0.0;0.012;0.0;0.012;100.0;100.0;0.012;0.00033;0.0020000400000000002;0.011999999999999999;5.5001100000000004e-05;0.00099996;2.7498900000000002e-05;0.0039999599999999995;0.00010999889999999998;0.003;8.25e-05;0.0020000400000000002;5.5001100000000004e-05;0.0;0.0;1.734723475976807e-18;0.0;0.00033;0.0
2025-04-02 18:00:00+00:00;;;;;;;0.0;0.0;0.0;0.0;0.0;0.0;0.0;;;;0.0;0.0;0.0;0.0;;;;;;;;;;;;;;;;;;;;;
2025-04-02 18:15:00+00:00;;;;;;;0.0;0.0;0.0;0.0;0.0;0.0;0.0;;;;0.0;0.0;0.0;0.0;;;;;;;;;;;;;;;;;;;;;
2025-04-02 18:30:00+00:00;;;;;;;0.0;0.0;0.0;0.0;0.0;0.0;0.0;;;;0.0;0.0;0.0;0.0;;;;;;;;;;;;;;;;;;;;;
2025-04-02 18:45:00+00:00;;;;;;;0.0;0.0;0.0;0.0;0.0;0.0;0.0;;;;0.0;0.0;0.0;0.0;;;;;;;;;;;;;;;;;;;;;
2025-04-02 19:00:00+00:00;;;;;;;0.0;0.0;0.0;0.0;0.0;0.0;0.0;;;;0.0;0.0;0.0;0.0;;;;;;;;;;;;;;;;;;;;;
2025-04-02 19:15:00+00:00;;;;;;;0.0;0.0;0.0;0.0;0.0;0.0;0.0;;;;0.0;0.0;0.0;0.0;;;;;;;;;;;;;;;;;;;;;
2025-04-02 19:30:00+00:00;;;;;;;0.0;0.0;0.0;0.0;0.0;0.0;0.0;;;;0.0;0.0;0.0;0.0;;;;;;;;;;;;;;;;;;;;;
2025-04-02 19:45:00+00:00;;;;;;;0.0;0.0;0.0;0.0;0.0;0.0;0.0;;;;0.0;0.0;0.0;0.0;;;;;;;;;;;;;;;;;;;;;
2025-04-02 20:00:00+00:00;;;;;;;0.0;0.0;0.0;0.0;0.0;0.0;0.0;;;;0.0;0.0;0.0;0.0;;;;;;;;;;;;;;;;;;;;;
2025-04-02 20:15:00+00:00;;;;;;;0.0;0.0;0.0;0.0;0.0;0.0;0.0;;;;0.0;0.0;0.0;0.0;;;;;;;;;;;;;;;;;;;;;
2025-04-02 20:30:00+00:00;;;;;;;0.0;0.0;0.0;0.0;0.0;0.0;0.0;;;;0.0;0.0;0.0;0.0;;;;;;;;;;;;;;;;;;;;;
2025-04-02 20:45:00+00:00;;;;;;;0.0;0.0;0.0;0.0;0.0;0.0;0.0;;;;0.0;0.0;0.0;0.0;;;;;;;;;;;;;;;;;;;;;
2025-04-02 21:00:00+00:00;;;;;;;0.0;0.0;0.0;0.0;0.0;0.0;0.0;;;;0.0;0.0;0.0;0.0;;;;;;;;;;;;;;;;;;;;;
2025-04-02 21:15:00+00:00;;;;;;;0.0;0.0;0.0;0.0;0.0;0.0;0.0;;;;0.0;0.0;0.0;0.0;;;;;;;;;;;;;;;;;;;;;
2025-04-02 21:30:00+00:00;;;;;;;0.0;0.0;0.0;0.0;0.0;0.0;0.0;;;;0.0;0.0;0.0;0.0;;;;;;;;;;;;;;;;;;;;;
2025-04-02 21:45:00+00:00;;;;;;;0.0;0.0;0.0;0.0;0.0;0.0;0.0;;;;0.0;0.0;0.0;0.0;;;;;;;;;;;;;;;;;;;;;
2025-04-02 22:00:00+00:00;;;;;;;0.0;0.0;0.0;0.0;0.0;0.0;0.0;;;;0.0;0.0;0.0;0.0;;;;;;;;;;;;;;;;;;;;;
2025-04-02 22:15:00+00:00;;;;;;;0.0;0.0;0.0;0.0;0.0;0.0;0.0;;;;0.0;0.0;0.0;0.0;;;;;;;;;;;;;;;;;;;;;
2025-04-02 22:30:00+00:00;;;;;;;0.0;0.0;0.0;0.0;0.0;0.0;0.0;;;;0.0;0.0;0.0;0.0;;;;;;;;;;;;;;;;;;;;;
2025-04-02 22:45:00+00:00;;;;;;;0.0;0.0;0.0;0.0;0.0;0.0;0.0;;;;0.0;0.0;0.0;0.0;;;;;;;;;;;;;;;;;;;;;
2025-04-02 23:00:00+00:00;;;;;;;0.0;0.0;0.0;0.0;0.0;0.0;0.0;;;;0.0;0.0;0.0;0.0;;;;;;;;;;;;;;;;;;;;;
2025-04-02 23:15:00+00:00;;;;;;;0.0;0.0;0.0;0.0;0.0;0.0;0.0;;;;0.0;0.0;0.0;0.0;;;;;;;;;;;;;;;;;;;;;
2025-04-02 23:30:00+00:00;;;;;;;0.0;0.0;0.0;0.0;0.0;0.0;0.0;;;;0.0;0.0;0.0;0.0;;;;;;;;;;;;;;;;;;;;;
2025-04-02 23:45:00+00:00;;;;;;;0.0;0.0;0.0;0.0;0.0;0.0;0.0;;;;0.0;0.0;0.0;0.0;;;;;;;;;;;;;;;;;;;;;
2025-04-03 00:00:00+00:00;;;;;;;0.0;0.0;0.0;0.0;0.0;0.0;0.0;;;;0.0;0.0;0.0;0.0;;;;;;;;;;;;;;;;;;;;;
2025-04-03 00:15:00+00:00;;;;;;;0.0;0.0;0.0;0.0;0.0;0.0;0.0;;;;0.0;0.0;0.0;0.0;;;;;;;;;;;;;;;;;;;;;
2025-04-03 00:30:00+00:00;;;;;;;0.0;0.0;0.0;0.0;0.0;0.0;0.0;;;;0.0;0.0;0.0;0.0;;;;;;;;;;;;;;;;;;;;;
2025-04-03 00:45:00+00:00;;;;;;;0.0;0.0;0.0;0.0;0.0;0.0;0.0;;;;0.0;0.0;0.0;0.0;;;;;;;;;;;;;;;;;;;;;
2025-04-03 01:00:00+00:00;;;;;;;0.0;0.0;0.0;0.0;0.0;0.0;0.0;;;;0.0;0.0;0.0;0.0;;;;;;;;;;;;;;;;;;;;;
2025-04-03 01:15:00+00:00;;;;;;;0.0;0.0;0.0;0.0;0.0;0.0;0.0;;;;0.0;0.0;0.0;0.0;;;;;;;;;;;;;;;;;;;;;
2025-04-03 01:30:00+00:00;;;;;;;0.0;0.0;0.0;0.0;0.0;0.0;0.0;;;;0.0;0.0;0.0;0.0;;;;;;;;;;;;;;;;;;;;;
2025-04-03 01:45:00+00:00;;;;;;;0.0;0.0;0.0;0.0;0.0;0.0;0.0;;;;0.0;0.0;0.0;0.0;;;;;;;;;;;;;;;;;;;;;
2025-04-03 02:00:00+00:00;;;;;;;0.0;0.0;0.0;0.0;0.0;0.0;0.0;;;;0.0;0.0;0.0;0.0;;;;;;;;;;;;;;;;;;;;;
2025-04-03 02:15:00+00:00;;;;;;;0.0;0.0;0.0;0.0;0.0;0.0;0.0;;;;0.0;0.0;0.0;0.0;;;;;;;;;;;;;;;;;;;;;
2025-04-03 02:30:00+00:00;;;;;;;0.0;0.0;0.0;0.0;0.0;0.0;0.0;;;;0.0;0.0;0.0;0.0;;;;;;;;;;;;;;;;;;;;;
2025-04-03 02:45:00+00:00;;;;;;;0.0;0.0;0.0;0.0;0.0;0.0;0.0;;;;0.0;0.0;0.0;0.0;;;;;;;;;;;;;;;;;;;;;
2025-04-03 03:00:00+00:00;;;;;;;0.0;0.0;0.0;0.0;0.0;0.0;0.0;;;;0.0;0.0;0.0;0.0;;;;;;;;;;;;;;;;;;;;;
2025-04-03 03:15:00+00:00;;;;;;;0.0;0.0;0.0;0.0;0.0;0.0;0.0;;;;0.0;0.0;0.0;0.0;;;;;;;;;;;;;;;;;;;;;
2025-04-03 03:30:00+00:00;;;;;;;0.0;0.0;0.0;0.0;0.0;0.0;0.0;;;;0.0;0.0;0.0;0.0;;;;;;;;;;;;;;;;;;;;;
2025-04-03 03:45:00+00:00;;;;;;;0.0;0.0;0.0;0.0;0.0;0.0;0.0;;;;0.0;0.0;0.0;0.0;;;;;;;;;;;;;;;;;;;;;
2025-04-03 04:00:00+00:00;;;;;;;0.0;0.0;0.0;0.0;0.0;0.0;0.0;;;;0.0;0.0;0.0;0.0;;;;;;;;;;;;;;;;;;;;;
2025-04-03 04:15:00+00:00;;;;;;;0.0;0.0;0.0;0.0;0.0;0.0;0.0;;;;0.0;0.0;0.0;0.0;;;;;;;;;;;;;;;;;;;;;
2025-04-03 04:30:00+00:00;;;;;;;0.0;0.0;0.0;0.0;0.0;0.0;0.0;;;;0.0;0.0;0.0;0.0;;;;;;;;;;;;;;;;;;;;;
2025-04-03 04:45:00+00:00;;;;;;;0.0;0.0;0.0;0.0;0.0;0.0;0.0;;;;0.0;0.0;0.0;0.0;;;;;;;;;;;;;;;;;;;;;
2025-04-03 05:00:00+00:00;;;;;;;0.0;0.0;0.0;0.0;0.0;0.0;0.0;;;;0.0;0.0;0.0;0.0;;;;;;;;;;;;;;;;;;;;;
2025-04-03 05:15:00+00:00;;;;;;;0.0;0.0;0.0;0.0;0.0;0.0;0.0;;;;0.0;0.0;0.0;0.0;;;;;;;;;;;;;;;;;;;;;
2025-04-03 05:30:00+00:00;5.372;0.62;15.083;67.562;11.364;0.0;0.026;0.003;0.073;0.327;0.055;0.0;0.48400000000000004;0.0;0.0;100.0;0.0;0.0;0.484;0.484;100.0;100.0;0.48400000000000004;0.01331;0.0;0.48400484000000005;0.0;0.02600048;0.0007150132;0.32700008;0.0089925022;0.055001760000000004;0.0015125484000000002;0.07300172;0.0020075473;0.0030008;8.252200000000001e-05;-4.840000000061462e-06;0.01331;0.0;0.0
2025-04-03 05:45:00+00:00;8.763;1.031;19.072;48.711;22.423;0.0;0.034;0.004;0.074;0.189;0.087;0.0;0.388;0.0;0.0;100.0;0.0;0.0;0.388;0.388;100.0;100.0;0.388;0.01067;0.0;0.388;0.0;0.03400044;0.0009350121000000001;0.18899868;0.0051974637;0.08700124;0.0023925341;0.07399936;0.0020349824;0.00400028;0.0001100077;0.0;0.01067;0.0;0.0
2025-04-03 06:00:00+00:00;3.814;0.636;16.102;52.542;26.907;0.0;0.018;0.003;0.076;0.248;0.127;0.0;0.472;0.0;0.0;100.0;0.0;0.0;0.472;0.472;100.0;100.0;0.472;0.01298;0.0;0.47200471999999993;0.0;0.01800208;0.0004950572;0.24799823999999998;0.0068199516000000005;0.12700103999999998;0.0034925285999999997;0.07600143999999999;0.0020900396;0.00300192;8.255280000000001e-05;-4.719999999958091e-06;0.01298;0.0;0.0
2025-04-03 06:15:00+00:00;;;;;;;0.0;0.0;0.0;0.0;0.0;0.0;0.0;;;;0.0;0.0;0.0;0.0;;;;;;;;;;;;;;;;;;;;;
2025-04-03 06:30:00+00:00;;;;;;;0.0;0.0;0.0;0.0;0.0;0.0;0.0;;;;0.0;0.0;0.0;0.0;;;;;;;;;;;;;;;;;;;;;
2025-04-03 06:45:00+00:00;4.974;0.517;30.329;45.672;18.508;0.0;0.154;0.016;0.939;1.414;0.573;0.0;3.0959999999999996;0.0;0.0;100.0;0.0;0.0;3.096;3.096;100.0;100.0;3.0959999999999996;0.08514;0.0;3.095999999999999;0.0;0.15399503999999997;0.0042348635999999995;1.4140051199999997;0.038885140799999995;0.5730076799999999;0.0157577112;0.9389858399999998;0.0258221106;0.016006319999999997;0.0004401738;8.881784197001252e-16;0.08514;0.0;0.0
2025-04-03 07:00:00+00:00;5.174;2.784;48.988;21.091;21.963;0.0;0.184;0.099;1.742;0.75;0.781;0.0;3.556;0.0;0.0;100.0;0.0;0.0;3.556;3.556;100.0;100.0;3.556;0.09779;0.0;3.556;0.0;0.18398744;0.0050596546000000004;0.74999596;0.020624888900000003;0.7810042800000001;0.021477617700000003;1.7420132799999999;0.0479053652;0.09899904;0.0027224735999999998;0.0;0.09779;0.0;0.0
2025-04-03 07:15:00+00:00;2.93;3.327;47.344;24.542;21.856;0.0;0.096;0.109;1.551;0.804;0.716;0.0;3.276;0.0;0.0;100.0;0.0;0.0;3.276;3.276;100.0;100.0;3.276;0.09008999999999999;0.0;3.27596724;0.0;0.09598680000000001;0.002639637;0.8039959200000001;0.0221098878;0.71600256;0.0196900704;1.55098944;0.0426522096;0.10899252;0.0029972943;3.275999999985402e-05;0.09008999999999999;0.0;0.0
2025-04-03 07:30:00+00:00;10.236;0.0;0.0;15.157;16.929;57.677;0.052;0.0;0.0;0.077;0.086;0.293;0.508;100.0;0.0;0.0;0.508;0.0;0.0;0.508;100.0;100.0;0.508;0.01397;0.29299916;0.50799492;0.0080574769;0.051998880000000004;0.0014299692;0.07699756;0.0021174329;0.08599932;0.0023649813;0.0;0.0;0.0;0.0;5.0799999999906476e-06;0.0;0.0;0.01397
2025-04-03 07:45:00+00:00;21.986;0.0;0.0;54.61;23.404;0.0;0.248;0.0;0.0;0.616;0.264;0.0;1.1280000000000001;24.113;0.0;75.887;0.272;0.0;0.856;1.1280000000000001;100.0;100.0;1.1280000000000001;0.031020000000000002;0.0;1.1280000000000001;0.0;0.24800208;0.006820057200000001;0.6160008000000001;0.016940022000000002;0.26399712000000003;0.007259920800000001;0.0;0.0;0.0;0.0;0.0;0.023540147400000003;0.0;0.0074798526
2025-04-03 08:00:00+00:00;5.02;0.0;0.0;89.036;5.945;0.0;0.152;0.0;0.0;2.696;0.18;0.0;3.0280000000000005;22.424;0.0;77.576;0.679;0.0;2.349;3.0280000000000005;100.0;100.0;3.0280000000000005;0.08327000000000001;0.0;3.0280302800000003;0.0;0.15200560000000002;0.004180154;2.6960100800000006;0.07414027720000001;0.18001460000000002;0.004950401500000001;0.0;0.0;0.0;0.0;-3.0279999999827112e-05;0.0645975352;0.0;0.018672464800000003
2025-04-03 08:15:00+00:00;32.778;0.0;0.0;21.111;46.111;0.0;0.236;0.0;0.0;0.152;0.332;0.0;0.72;26.389;0.417;73.194;0.19;0.003;0.527;0.72;100.0;100.0;0.72;0.019799999999999998;0.0;0.7199999999999999;0.0;0.23600159999999995;0.006490043999999999;0.1519992;0.004179978;0.33199919999999994;0.009129977999999999;0.0;0.0;0.0;0.0;1.1102230246251565e-16;0.014492412;8.2566e-05;0.005225022
2025-04-03 08:30:00+00:00;40.65;0.0;0.0;0.0;59.35;0.0;0.2;0.0;0.0;0.0;0.292;0.0;0.492;30.285;1.22;68.496;0.149;0.006;0.337;0.492;100.0;100.0;0.492;0.01353;0.0;0.492;0.0;0.19999799999999998;0.005499945;0.0;0.0;0.292002;0.008030055000000001;0.0;0.0;0.0;0.0;0.0;0.0092675088;0.00016506599999999998;0.0040975605
2025-04-03 08:45:00+00:00;48.062;0.0;0.0;0.0;51.938;0.0;0.248;0.0;0.0;0.0;0.268;0.0;0.516;84.884;0.775;14.341;0.438;0.004;0.074;0.516;100.0;100.0;0.516;0.014190000000000001;0.0;0.516;0.0;0.24799992;0.006819997800000001;0.0;0.0;0.26800008000000003;0.007370002200000001;0.0;0.0;0.0;0.0;0.0;0.0020349879;0.0001099725;0.012045039600000002
2025-04-03 09:00:00+00:00;28.467;0.0;0.0;0.0;71.533;0.0;0.156;0.0;0.0;0.0;0.392;0.0;0.548;35.949;0.365;63.686;0.197;0.002;0.349;0.548;100.0;100.0;0.548;0.015070000000000002;0.0;0.548;0.0;0.15599916;0.0042899769;0.0;0.0;0.39200084;0.010780023100000001;0.0;0.0;0.0;0.0;0.0;0.009597480200000001;5.500550000000001e-05;0.0054175143000000005
2025-04-03 09:15:00+00:00;55.789;0.0;0.0;0.0;44.211;0.0;0.212;0.0;0.0;0.0;0.168;0.0;0.38;26.316;0.263;73.421;0.1;0.001;0.279;0.38;100.0;100.0;0.38;0.010450000000000001;0.0;0.38;0.0;0.2119982;0.0058299505;0.0;0.0;0.1680018;0.004620049500000001;0.0;0.0;0.0;0.0;0.0;0.007672494500000001;2.7483500000000002e-05;0.0027500220000000004
2025-04-03 09:30:00+00:00;44.755;0.0;0.0;0.0;55.245;0.0;0.256;0.0;0.0;0.0;0.316;0.0;0.5720000000000001;37.238;0.175;62.587;0.213;0.001;0.358;0.572;100.0;100.0;0.5720000000000001;0.01573;0.0;0.5720000000000001;0.0;0.2559986;0.0070399615000000006;0.0;0.0;0.31600140000000004;0.0086900385;0.0;0.0;0.0;0.0;-1.1102230246251565e-16;0.0098449351;2.75275e-05;0.0058575374000000005
2025-04-03 09:45:00+00:00;82.878;0.0;0.0;0.248;16.873;0.0;1.336;0.0;0.0;0.004;0.272;0.0;1.612;39.64;0.186;60.174;0.639;0.003;0.97;1.612;100.0;100.0;1.612;0.04433;0.0;1.6119838800000001;0.0;1.33599336;0.0367398174;0.00399776;0.0001099384;0.27199276000000006;0.007479800900000001;0.0;0.0;0.0;0.0;1.611999999995284e-05;0.0266751342;8.245379999999999e-05;0.017572412000000003
2025-04-03 10:00:00+00:00;58.925;0.0;0.0;30.965;10.109;0.0;2.588;0.0;0.0;1.36;0.444;0.0;4.392;40.847;0.068;59.085;1.794;0.003;2.595;4.392;100.0;100.0;4.392;0.12078000000000001;0.0;4.39195608;0.0;2.587986;0.071169615;1.3599828;0.037399527;0.44398728000000004;0.012209650200000002;0.0;0.0;0.0;0.0;4.392000000041918e-05;0.07136286300000001;8.213040000000002e-05;0.0493350066
2025-04-03 10:15:00+00:00;8.207;0.0;0.0;84.119;7.675;0.0;0.432;0.0;0.0;4.428;0.404;0.0;5.264;50.817;0.0;49.183;2.675;0.0;2.589;5.263999999999999;100.0;100.0;5.264;0.14476;0.0;5.26405264;0.0;0.43201648000000004;0.0118804532;4.4280241600000005;0.12177066439999999;0.40401200000000004;0.01111033;0.0;0.0;0.0;0.0;-5.264000000071434e-05;0.0711973108;0.0;0.0735626892
2025-04-03 10:30:00+00:00;5.482;0.0;0.0;86.769;7.749;0.0;0.3;0.0;0.0;4.748;0.424;0.0;5.472;71.985;0.0;28.015;3.939;0.0;1.533;5.4719999999999995;100.0;100.0;5.472;0.15048;0.0;5.472;0.0;0.29997504;0.0082493136;4.74799968;0.1305699912;0.42402528000000006;0.011660695200000001;0.0;0.0;0.0;0.0;-8.881784197001252e-16;0.042156972;0.0;0.108323028
2025-04-03 10:45:00+00:00;3.59;0.0;0.0;90.623;5.788;0.0;0.196;0.0;0.0;4.948;0.316;0.0;5.46;46.337;0.0;53.663;2.53;0.0;2.93;5.46;100.0;100.0;5.46;0.15015;0.0;5.4600546;0.0;0.196014;0.005390385;4.9480158;0.13607043450000003;0.3160248;0.008690682;0.0;0.0;0.0;0.0;-5.4600000000348814e-05;0.0805749945;0.0;0.06957500550000001
2025-04-03 11:00:00+00:00;2.417;0.0;0.0;92.674;4.909;0.0;0.128;0.0;0.0;4.908;0.26;0.0;5.296;43.467;0.0;56.533;2.302;0.0;2.994;5.296;100.0;100.0;5.296;0.14564000000000002;0.0;5.296;0.0;0.12800431999999998;0.0035201188;4.90801504;0.13497041360000003;0.25998064;0.0071494676;0.0;0.0;0.0;0.0;0.0;0.0823346612;0.0;0.06330533880000001
2025-04-03 11:15:00+00:00;4.111;0.0;0.0;91.379;4.509;0.0;0.248;0.0;0.0;5.512;0.272;0.0;6.032;64.688;0.0;35.312;3.902;0.0;2.13;6.032;100.0;100.0;6.032;0.16588;0.0;6.031939680000001;0.0;0.24797552;0.0068193268;5.5119812800000005;0.15157948520000003;0.27198288000000004;0.0074795292000000005;0.0;0.0;0.0;0.0;6.031999999933646e-05;0.0585755456;0.0;0.1073044544
2025-04-03 11:30:00+00:00;4.232;0.0;0.0;90.603;5.165;0.0;0.236;0.0;0.0;5.052;0.288;0.0;5.576;77.582;0.0;22.418;4.326;0.0;1.25;5.576;100.0;100.0;5.576;0.15334;0.0;5.575999999999999;0.0;0.23597632;0.006489348800000001;5.052023279999999;0.13893064019999998;0.2880004;0.007920011000000001;0.0;0.0;0.0;0.0;8.881784197001252e-16;0.0343757612;0.0;0.1189642388
2025-04-03 11:45:00+00:00;3.314;0.0;0.0;88.44;8.246;0.0;0.164;0.0;0.0;4.376;0.408;0.0;4.948;78.84;0.0;21.16;3.901;0.0;1.047;4.9479999999999995;100.0;100.0;4.948;0.13607000000000002;0.0;4.9479999999999995;0.0;0.16397672000000002;0.004509359800000001;4.3760112;0.12034030800000002;0.40801208000000005;0.011220332200000002;0.0;0.0;0.0;0.0;0.0;0.028792412000000007;0.0;0.10727758800000002
2025-04-03 12:00:00+00:00;4.609;0.0;0.0;88.203;7.187;0.0;0.236;0.0;0.0;4.516;0.368;0.0;5.12;80.938;0.0;19.062;4.144;0.0;0.976;5.12;100.0;100.0;5.12;0.1408;0.0;5.1199487999999995;0.0;0.2359808;0.0064894720000000005;4.5159936;0.124189824;0.36797440000000003;0.010119296000000002;0.0;0.0;0.0;0.0;5.120000000058411e-05;0.026839296000000002;0.0;0.11396070400000001
2025-04-03 12:15:00+00:00;4.666;0.0;0.0;91.135;4.199;0.0;0.24;0.0;0.0;4.688;0.216;0.0;5.144;81.104;0.0;18.896;4.172;0.0;0.972;5.144;100.0;100.0;5.144;0.14146;0.0;5.144;0.0;0.24001904000000004;0.006600523600000001;4.6879844;0.128919571;0.21599656;0.0059399054;0.0;0.0;0.0;0.0;0.0;0.026730281600000003;0.0;0.1147297184
2025-04-03 12:30:00+00:00;5.896;0.0;0.0;90.225;3.879;0.0;0.304;0.0;0.0;4.652;0.2;0.0;5.156000000000001;83.611;0.601;15.787;4.311;0.031;0.814;5.156;100.0;100.0;5.156000000000001;0.14179000000000003;0.0;5.156;0.0;0.30399776;0.008359938400000001;4.652001;0.12793002750000002;0.20000124000000002;0.0055000341000000005;0.0;0.0;0.0;0.0;0.0;0.022384387300000006;0.0008521579000000001;0.11855203690000003
2025-04-03 12:45:00+00:00;36.111;0.0;0.0;8.333;55.556;0.0;0.156;0.0;0.0;0.036;0.24;0.0;0.432;81.25;3.704;15.046;0.351;0.016;0.065;0.432;100.0;100.0;0.432;0.01188;0.0;0.432;0.0;0.15599952;0.0042899868;0.03599856;0.0009899604;0.24000191999999998;0.006600052799999999;0.0;0.0;0.0;0.0;0.0;0.0017874647999999997;0.00044003520000000004;0.0096525
2025-04-03 13:00:00+00:00;14.667;0.0;0.0;65.778;19.556;0.0;0.264;0.0;0.0;1.184;0.352;0.0;1.7999999999999998;89.833;0.278;9.889;1.617;0.005;0.178;1.8;100.0;100.0;1.7999999999999998;0.049499999999999995;0.0;1.8000179999999997;0.0;0.26400599999999996;0.007260164999999999;1.1840039999999998;0.032560109999999996;0.352008;0.00968022;0.0;0.0;0.0;0.0;-1.7999999999629424e-05;0.004895054999999999;0.00013761;0.044467335
2025-04-03 13:15:00+00:00;46.825;0.0;0.0;0.0;53.175;0.0;0.236;0.0;0.0;0.0;0.268;0.0;0.504;98.214;0.397;1.389;0.495;0.002;0.007;0.504;100.0;100.0;0.504;0.01386;0.0;0.504;0.0;0.23599800000000004;0.006489945000000001;0.0;0.0;0.26800199999999996;0.0073700549999999995;0.0;0.0;0.0;0.0;0.0;0.0001925154;5.502420000000001e-05;0.013612460400000002
2025-04-03 13:30:00+00:00;50.34;0.0;0.0;0.0;8.673;40.986;1.184;0.0;0.0;0.0;0.204;0.964;2.352;99.702;0.298;0.0;2.345;0.007;0.0;2.3520000000000003;100.0;100.0;2.352;0.06468;0.9639907199999999;2.3519764800000003;0.0265097448;1.1839968;0.032559912;0.0;0.0;0.20398896;0.0056096964;0.0;0.0;0.0;0.0;2.352000000005461e-05;0.0;0.00019274640000000002;0.0644872536
2025-04-03 13:45:00+00:00;75.144;0.0;0.0;0.0;5.639;19.217;2.612;0.0;0.0;0.0;0.196;0.668;3.4760000000000004;99.655;0.345;0.0;3.464;0.012;0.0;3.476;100.0;100.0;3.4760000000000004;0.09559000000000001;0.66798292;3.476000000000001;0.0183695303;2.612005440000001;0.07183014960000002;0.0;0.0;0.19601164000000004;0.005390320100000001;0.0;0.0;0.0;0.0;-8.881784197001252e-16;0.0;0.00032978550000000004;0.09526021450000001
2025-04-03 14:00:00+00:00;25.8;0.0;0.0;0.0;9.4;64.8;0.516;0.0;0.0;0.0;0.188;1.296;2.0;99.7;0.3;0.0;1.994;0.006;0.0;2.0;100.0;100.0;2.0;0.055;1.296;2.0;0.03564;0.516;0.014190000000000001;0.0;0.0;0.188;0.00517;0.0;0.0;0.0;0.0;0.0;0.0;0.000165;0.054835
2025-04-03 14:15:00+00:00;15.556;0.0;0.0;0.0;14.889;69.556;0.28;0.0;0.0;0.0;0.268;1.252;1.8;99.611;0.389;0.0;1.793;0.007;0.0;1.7999999999999998;100.0;100.0;1.8;0.0495;1.252008;1.8000180000000001;0.03443022;0.28000800000000003;0.007700220000000001;0.0;0.0;0.268002;0.007370055;0.0;0.0;0.0;0.0;-1.8000000000295557e-05;0.0;0.00019255500000000002;0.049307445000000005
2025-04-03 14:30:00+00:00;8.224;0.0;0.0;0.0;18.75;73.026;0.2;0.0;0.0;0.0;0.456;1.776;2.432;99.671;0.329;0.0;2.424;0.008;0.0;2.432;100.0;100.0;2.432;0.06688;1.7759923199999996;2.4319999999999995;0.04883978879999999;0.20000768000000002;0.0055002112;0.0;0.0;0.45599999999999996;0.012539999999999999;0.0;0.0;0.0;0.0;4.440892098500626e-16;0.0;0.00022003519999999998;0.0666599648
2025-04-03 14:45:00+00:00;10.053;0.0;0.0;0.0;11.64;78.307;0.304;0.0;0.0;0.0;0.352;2.368;3.024;99.57;0.43;0.0;3.011;0.013;0.0;3.024;100.0;100.0;3.024;0.08316;2.36800368;3.0240000000000005;0.0651201012;0.30400272;0.0083600748;0.0;0.0;0.3519936;0.009679824;0.0;0.0;0.0;0.0;-4.440892098500626e-16;0.0;0.000357588;0.08280241199999999
2025-04-03 15:00:00+00:00;11.209;0.0;0.0;0.0;7.08;81.711;0.456;0.0;0.0;0.0;0.288;3.324;4.068;99.533;0.467;0.0;4.049;0.019;0.0;4.0680000000000005;100.0;100.0;4.068;0.11186999999999998;3.3240034799999996;4.068;0.09141009569999999;0.45598211999999994;0.012539508299999998;0.0;0.0;0.2880144;0.007920396;0.0;0.0;0.0;0.0;8.881784197001252e-16;0.0;0.0005224329;0.11134756709999999
2025-04-03 15:15:00+00:00;10.718;0.0;0.0;0.0;5.495;83.787;0.394;0.0;0.0;0.0;0.202;3.08;3.676;99.456;0.544;0.0;3.656;0.02;0.0;3.676;100.0;100.0;3.676;0.10109;3.0800101200000007;3.6760000000000006;0.08470027830000001;0.39399368;0.0108348262;0.0;0.0;0.20199620000000001;0.0055548954999999995;0.0;0.0;0.0;0.0;-4.440892098500626e-16;0.0;0.0005499296;0.1005400704
2025-04-03 15:30:00+00:00;21.055;0.0;0.0;0.0;4.817;74.128;0.918;0.0;0.0;0.0;0.21;3.232;4.36;99.45;0.55;0.0;4.336;0.024;0.0;4.36;100.0;100.0;4.36;0.1199;3.2319808000000005;4.36;0.08887947200000001;0.917998;0.025244945;0.0;0.0;0.21002120000000005;0.005775583000000001;0.0;0.0;0.0;0.0;0.0;0.0;0.0006594500000000001;0.11924055000000001
2025-04-03 15:45:00+00:00;29.567;0.0;0.0;0.0;10.23;60.204;1.133;0.0;0.0;0.0;0.392;2.307;3.832;99.269;0.731;0.0;3.804;0.028;0.0;3.832;100.0;100.0;3.832;0.10538;2.30701728;3.83203832;0.0634429752;1.1330074399999999;0.0311577046;0.0;0.0;0.3920136;0.010780374;0.0;0.0;0.0;0.0;-3.832000000025815e-05;0.0;0.0007703278;0.1046096722
2025-04-03 16:00:00+00:00;79.435;0.0;0.0;0.202;20.363;0.0;1.576;0.0;0.0;0.004;0.404;0.0;1.984;92.339;0.504;7.157;1.832;0.01;0.142;1.984;100.0;100.0;1.984;0.05456;0.0;1.984;0.0;1.5759904;0.043339736;0.0040076800000000004;0.0001102112;0.40400192;0.011110052799999999;0.0;0.0;0.0;0.0;0.0;0.0039048591999999997;0.0002749824;0.05038015839999999
2025-04-03 16:15:00+00:00;70.758;0.0;0.0;0.0;29.242;0.0;0.784;0.0;0.0;0.0;0.324;0.0;1.108;94.224;0.451;5.325;1.044;0.005;0.059;1.108;100.0;100.0;1.108;0.030470000000000004;0.0;1.108;0.0;0.7839986400000001;0.021559962600000003;0.0;0.0;0.32400136;0.008910037400000001;0.0;0.0;0.0;0.0;0.0;0.0016225275;0.00013741970000000003;0.028710052800000007
2025-04-03 16:30:00+00:00;62.981;0.0;0.0;0.0;37.019;0.0;0.524;0.0;0.0;0.0;0.308;0.0;0.8320000000000001;95.312;0.962;3.726;0.793;0.008;0.031;0.8320000000000001;100.0;100.0;0.8320000000000001;0.02288;0.0;0.8320000000000001;0.0;0.52400192;0.0144100528;0.0;0.0;0.30799808;0.0084699472;0.0;0.0;0.0;0.0;0.0;0.0008525088;0.00022010560000000002;0.0218073856
2025-04-03 16:45:00+00:00;65.789;0.0;0.0;0.0;34.211;0.0;1.0;0.0;0.0;0.0;0.52;0.0;1.52;96.974;1.118;1.908;1.474;0.017;0.029;1.52;100.0;100.0;1.52;0.041800000000000004;0.0;1.52;0.0;0.9999928;0.027499802;0.0;0.0;0.5200072;0.014300198;0.0;0.0;0.0;0.0;0.0;0.0007975440000000001;0.0004673240000000001;0.04053513200000001
2025-04-03 17:00:00+00:00;57.209;0.0;0.0;0.0;35.814;6.977;0.492;0.0;0.0;0.0;0.308;0.06;0.86;98.488;1.512;0.0;0.847;0.013;0.0;0.86;100.0;100.0;0.86;0.02365;0.0600022;0.8599999999999999;0.0016500605;0.4919974;0.0135299285;0.0;0.0;0.3080004;0.008470011000000001;0.0;0.0;0.0;0.0;1.1102230246251565e-16;0.0;0.000357588;0.023292412000000002
2025-04-03 17:15:00+00:00;72.967;0.0;0.0;0.203;21.545;5.285;0.359;0.0;0.0;0.001;0.106;0.026;0.492;95.122;4.878;0.0;0.468;0.024;0.0;0.49200000000000005;100.0;100.0;0.492;0.01353;0.0260022;0.492;0.0007150605000000001;0.35899764;0.0098724351;0.00099876;2.74659e-05;0.10600140000000001;0.0029150385000000006;0.0;0.0;0.0;0.0;5.551115123125783e-17;0.0;0.0006599934;0.0128700066
2025-04-03 17:30:00+00:00;;;;;;;0.0;0.0;0.0;0.0;0.0;0.0;0.0;;;;0.0;0.0;0.0;0.0;;;;;;;;;;;;;;;;;;;;;
2025-04-03 17:45:00+00:00;;;;;;;0.0;0.0;0.0;0.0;0.0;0.0;0.0;;;;0.0;0.0;0.0;0.0;;;;;;;;;;;;;;;;;;;;;
2025-04-03 18:00:00+00:00;;;;;;;0.0;0.0;0.0;0.0;0.0;0.0;0.0;;;;0.0;0.0;0.0;0.0;;;;;;;;;;;;;;;;;;;;;
2025-04-03 18:15:00+00:00;;;;;;;0.0;0.0;0.0;0.0;0.0;0.0;0.0;;;;0.0;0.0;0.0;0.0;;;;;;;;;;;;;;;;;;;;;
2025-04-03 18:30:00+00:00;;;;;;;0.0;0.0;0.0;0.0;0.0;0.0;0.0;;;;0.0;0.0;0.0;0.0;;;;;;;;;;;;;;;;;;;;;
2025-04-03 18:45:00+00:00;;;;;;;0.0;0.0;0.0;0.0;0.0;0.0;0.0;;;;0.0;0.0;0.0;0.0;;;;;;;;;;;;;;;;;;;;;
2025-04-03 19:00:00+00:00;;;;;;;0.0;0.0;0.0;0.0;0.0;0.0;0.0;;;;0.0;0.0;0.0;0.0;;;;;;;;;;;;;;;;;;;;;
2025-04-03 19:15:00+00:00;;;;;;;0.0;0.0;0.0;0.0;0.0;0.0;0.0;;;;0.0;0.0;0.0;0.0;;;;;;;;;;;;;;;;;;;;;
2025-04-03 19:30:00+00:00;;;;;;;0.0;0.0;0.0;0.0;0.0;0.0;0.0;;;;0.0;0.0;0.0;0.0;;;;;;;;;;;;;;;;;;;;;
2025-04-03 19:45:00+00:00;;;;;;;0.0;0.0;0.0;0.0;0.0;0.0;0.0;;;;0.0;0.0;0.0;0.0;;;;;;;;;;;;;;;;;;;;;
2025-04-03 20:00:00+00:00;;;;;;;0.0;0.0;0.0;0.0;0.0;0.0;0.0;;;;0.0;0.0;0.0;0.0;;;;;;;;;;;;;;;;;;;;;
2025-04-03 20:15:00+00:00;;;;;;;0.0;0.0;0.0;0.0;0.0;0.0;0.0;;;;0.0;0.0;0.0;0.0;;;;;;;;;;;;;;;;;;;;;
2025-04-03 20:30:00+00:00;;;;;;;0.0;0.0;0.0;0.0;0.0;0.0;0.0;;;;0.0;0.0;0.0;0.0;;;;;;;;;;;;;;;;;;;;;
2025-04-03 20:45:00+00:00;;;;;;;0.0;0.0;0.0;0.0;0.0;0.0;0.0;;;;0.0;0.0;0.0;0.0;;;;;;;;;;;;;;;;;;;;;
2025-04-03 21:00:00+00:00;;;;;;;0.0;0.0;0.0;0.0;0.0;0.0;0.0;;;;0.0;0.0;0.0;0.0;;;;;;;;;;;;;;;;;;;;;
2025-04-03 21:15:00+00:00;;;;;;;0.0;0.0;0.0;0.0;0.0;0.0;0.0;;;;0.0;0.0;0.0;0.0;;;;;;;;;;;;;;;;;;;;;
2025-04-03 21:30:00+00:00;;;;;;;0.0;0.0;0.0;0.0;0.0;0.0;0.0;;;;0.0;0.0;0.0;0.0;;;;;;;;;;;;;;;;;;;;;
2025-04-03 21:45:00+00:00;;;;;;;0.0;0.0;0.0;0.0;0.0;0.0;0.0;;;;0.0;0.0;0.0;0.0;;;;;;;;;;;;;;;;;;;;;
2025-04-03 22:00:00+00:00;;;;;;;0.0;0.0;0.0;0.0;0.0;0.0;0.0;;;;0.0;0.0;0.0;0.0;;;;;;;;;;;;;;;;;;;;;
2025-04-03 22:15:00+00:00;;;;;;;0.0;0.0;0.0;0.0;0.0;0.0;0.0;;;;0.0;0.0;0.0;0.0;;;;;;;;;;;;;;;;;;;;;
2025-04-03 22:30:00+00:00;;;;;;;0.0;0.0;0.0;0.0;0.0;0.0;0.0;;;;0.0;0.0;0.0;0.0;;;;;;;;;;;;;;;;;;;;;
2025-04-03 22:45:00+00:00;;;;;;;0.0;0.0;0.0;0.0;0.0;0.0;0.0;;;;0.0;0.0;0.0;0.0;;;;;;;;;;;;;;;;;;;;;
2025-04-03 23:00:00+00:00;;;;;;;0.0;0.0;0.0;0.0;0.0;0.0;0.0;;;;0.0;0.0;0.0;0.0;;;;;;;;;;;;;;;;;;;;;
2025-04-03 23:15:00+00:00;;;;;;;0.0;0.0;0.0;0.0;0.0;0.0;0.0;;;;0.0;0.0;0.0;0.0;;;;;;;;;;;;;;;;;;;;;
2025-04-03 23:30:00+00:00;;;;;;;0.0;0.0;0.0;0.0;0.0;0.0;0.0;;;;0.0;0.0;0.0;0.0;;;;;;;;;;;;;;;;;;;;;
2025-04-03 23:45:00+00:00;;;;;;;0.0;0.0;0.0;0.0;0.0;0.0;0.0;;;;0.0;0.0;0.0;0.0;;;;;;;;;;;;;;;;;;;;;
2025-04-04 00:00:00+00:00;;;;;;;0.0;0.0;0.0;0.0;0.0;0.0;0.0;;;;0.0;0.0;0.0;0.0;;;;;;;;;;;;;;;;;;;;;
2025-04-04 00:15:00+00:00;;;;;;;0.0;0.0;0.0;0.0;0.0;0.0;0.0;;;;0.0;0.0;0.0;0.0;;;;;;;;;;;;;;;;;;;;;
2025-04-04 00:30:00+00:00;;;;;;;0.0;0.0;0.0;0.0;0.0;0.0;0.0;;;;0.0;0.0;0.0;0.0;;;;;;;;;;;;;;;;;;;;;
2025-04-04 00:45:00+00:00;;;;;;;0.0;0.0;0.0;0.0;0.0;0.0;0.0;;;;0.0;0.0;0.0;0.0;;;;;;;;;;;;;;;;;;;;;
2025-04-04 01:00:00+00:00;;;;;;;0.0;0.0;0.0;0.0;0.0;0.0;0.0;;;;0.0;0.0;0.0;0.0;;;;;;;;;;;;;;;;;;;;;
2025-04-04 01:15:00+00:00;;;;;;;0.0;0.0;0.0;0.0;0.0;0.0;0.0;;;;0.0;0.0;0.0;0.0;;;;;;;;;;;;;;;;;;;;;
2025-04-04 01:30:00+00:00;;;;;;;0.0;0.0;0.0;0.0;0.0;0.0;0.0;;;;0.0;0.0;0.0;0.0;;;;;;;;;;;;;;;;;;;;;
2025-04-04 01:45:00+00:00;;;;;;;0.0;0.0;0.0;0.0;0.0;0.0;0.0;;;;0.0;0.0;0.0;0.0;;;;;;;;;;;;;;;;;;;;;
2025-04-04 02:00:00+00:00;;;;;;;0.0;0.0;0.0;0.0;0.0;0.0;0.0;;;;0.0;0.0;0.0;0.0;;;;;;;;;;;;;;;;;;;;;
2025-04-04 02:15:00+00:00;;;;;;;0.0;0.0;0.0;0.0;0.0;0.0;0.0;;;;0.0;0.0;0.0;0.0;;;;;;;;;;;;;;;;;;;;;
2025-04-04 02:30:00+00:00;;;;;;;0.0;0.0;0.0;0.0;0.0;0.0;0.0;;;;0.0;0.0;0.0;0.0;;;;;;;;;;;;;;;;;;;;;
2025-04-04 02:45:00+00:00;;;;;;;0.0;0.0;0.0;0.0;0.0;0.0;0.0;;;;0.0;0.0;0.0;0.0;;;;;;;;;;;;;;;;;;;;;
2025-04-04 03:00:00+00:00;;;;;;;0.0;0.0;0.0;0.0;0.0;0.0;0.0;;;;0.0;0.0;0.0;0.0;;;;;;;;;;;;;;;;;;;;;
2025-04-04 03:15:00+00:00;;;;;;;0.0;0.0;0.0;0.0;0.0;0.0;0.0;;;;0.0;0.0;0.0;0.0;;;;;;;;;;;;;;;;;;;;;
2025-04-04 03:30:00+00:00;;;;;;;0.0;0.0;0.0;0.0;0.0;0.0;0.0;;;;0.0;0.0;0.0;0.0;;;;;;;;;;;;;;;;;;;;;
2025-04-04 03:45:00+00:00;;;;;;;0.0;0.0;0.0;0.0;0.0;0.0;0.0;;;;0.0;0.0;0.0;0.0;;;;;;;;;;;;;;;;;;;;;
2025-04-04 04:00:00+00:00;;;;;;;0.0;0.0;0.0;0.0;0.0;0.0;0.0;;;;0.0;0.0;0.0;0.0;;;;;;;;;;;;;;;;;;;;;
2025-04-04 04:15:00+00:00;;;;;;;0.0;0.0;0.0;0.0;0.0;0.0;0.0;;;;0.0;0.0;0.0;0.0;;;;;;;;;;;;;;;;;;;;;
2025-04-04 04:30:00+00:00;;;;;;;0.0;0.0;0.0;0.0;0.0;0.0;0.0;;;;0.0;0.0;0.0;0.0;;;;;;;;;;;;;;;;;;;;;
2025-04-04 04:45:00+00:00;;;;;;;0.0;0.0;0.0;0.0;0.0;0.0;0.0;;;;0.0;0.0;0.0;0.0;;;;;;;;;;;;;;;;;;;;;
2025-04-04 05:00:00+00:00;;;;;;;0.0;0.0;0.0;0.0;0.0;0.0;0.0;;;;0.0;0.0;0.0;0.0;;;;;;;;;;;;;;;;;;;;;
2025-04-04 05:15:00+00:00;;;;;;;0.0;0.0;0.0;0.0;0.0;0.0;0.0;;;;0.0;0.0;0.0;0.0;;;;;;;;;;;;;;;;;;;;;
2025-04-04 05:30:00+00:00;;;;;;;0.0;0.0;0.0;0.0;0.0;0.0;0.0;;;;0.0;0.0;0.0;0.0;;;;;;;;;;;;;;;;;;;;;
2025-04-04 05:45:00+00:00;;;;;;;0.0;0.0;0.0;0.0;0.0;0.0;0.0;;;;0.0;0.0;0.0;0.0;;;;;;;;;;;;;;;;;;;;;
2025-04-04 06:00:00+00:00;6.974;5.526;15.395;52.763;19.342;0.0;0.053;0.042;0.117;0.401;0.147;0.0;0.76;0.0;0.0;100.0;0.0;0.0;0.76;0.76;100.0;100.0;0.76;0.020900000000000002;0.0;0.76;0.0;0.0530024;0.001457566;0.40099879999999993;0.011027466999999999;0.1469992;0.004042478;0.11700200000000001;0.0032175550000000004;0.041997599999999996;0.001154934;0.0;0.020900000000000002;0.0;0.0
2025-04-04 06:15:00+00:00;36.311;1.598;4.549;42.746;14.795;0.0;0.886;0.039;0.111;1.043;0.361;0.0;2.44;0.0;0.0;100.0;0.0;0.0;2.44;2.44;100.0;100.0;2.44;0.06709999999999999;0.0;2.4399755999999995;0.0;0.8859883999999999;0.024364680999999996;1.0430024;0.028682565999999996;0.360998;0.009927444999999998;0.1109956;0.003052379;0.038991200000000004;0.001072258;2.4400000000479594e-05;0.06709999999999999;0.0;0.0
2025-04-04 06:30:00+00:00;40.617;1.524;6.301;42.852;8.706;0.0;1.199;0.045;0.186;1.265;0.257;0.0;2.952;0.0;0.0;100.0;0.0;0.0;2.952;2.952;100.0;100.0;2.952;0.08118;0.0;2.952;0.0;1.1990138399999999;0.0329728806;1.26499104;0.0347872536;0.25700111999999997;0.0070675308;0.18600551999999998;0.0051151517999999995;0.04498848;0.0012371832;0.0;0.08118;0.0;0.0
2025-04-04 06:45:00+00:00;4.215;2.49;41.379;36.398;15.517;0.0;0.044;0.026;0.432;0.38;0.162;0.0;1.044;0.0;0.0;100.0;0.0;0.0;1.044;1.044;100.0;100.0;1.044;0.028710000000000003;0.0;1.04398956;0.0;0.044004600000000005;0.0012101265000000001;0.37999512;0.010449865800000001;0.16199748;0.004454930700000001;0.43199676;0.0118799109;0.025995600000000004;0.0007148790000000001;1.044000000005596e-05;0.028710000000000003;0.0;0.0
2025-04-04 07:00:00+00:00;;;;;;;0.0;0.0;0.0;0.0;0.0;0.0;0.0;;;;0.0;0.0;0.0;0.0;;;;;;;;;;;;;;;;;;;;;
2025-04-04 07:15:00+00:00;11.576;2.724;47.86;21.984;15.856;0.0;0.119;0.028;0.492;0.226;0.163;0.0;1.028;0.0;0.0;100.0;0.0;0.0;1.028;1.028;100.0;100.0;1.028;0.02827;0.0;1.0279999999999998;0.0;0.11900128;0.0032725352;0.22599552;0.0062148768000000005;0.16299968;0.0044824912;0.49200079999999996;0.013530022;0.028002720000000002;0.0007700748;2.220446049250313e-16;0.02827;0.0;0.0
2025-04-04 07:30:00+00:00;10.208;0.0;0.0;70.132;19.66;0.0;0.216;0.0;0.0;1.484;0.416;0.0;2.116;9.594;0.0;90.406;0.203;0.0;1.913;2.116;100.0;100.0;2.116;0.058190000000000006;0.0;2.116;0.0;0.21600128000000002;0.005940035200000001;1.4839931200000003;0.040809810800000006;0.41600560000000003;0.011440154000000001;0.0;0.0;0.0;0.0;0.0;0.05260725140000001;0.0;0.0055827486
2025-04-04 07:45:00+00:00;18.391;0.0;0.0;25.287;56.322;0.0;0.128;0.0;0.0;0.176;0.392;0.0;0.696;5.747;0.0;94.253;0.04;0.0;0.656;0.6960000000000001;100.0;100.0;0.696;0.019139999999999997;0.0;0.696;0.0;0.12800135999999998;0.0035200373999999994;0.17599751999999996;0.004839931799999999;0.39200112000000004;0.0107800308;0.0;0.0;0.0;0.0;1.1102230246251565e-16;0.018040024199999997;0.0;0.0010999757999999998
2025-04-04 08:00:00+00:00;11.538;0.0;0.0;74.208;14.253;0.0;0.204;0.0;0.0;1.312;0.252;0.0;1.768;1.584;0.0;98.416;0.028;0.0;1.74;1.768;100.0;100.0;1.768;0.048620000000000003;0.0;1.7679823199999998;0.0;0.20399184;0.0056097756;1.3119974399999998;0.0360799296;0.25199304;0.0069298086;0.0;0.0;0.0;0.0;1.7680000000241947e-05;0.0478498592;0.0;0.0007701408
2025-04-04 08:15:00+00:00;22.561;0.0;0.0;63.11;14.329;0.0;0.296;0.0;0.0;0.828;0.188;0.0;1.312;27.287;0.152;72.561;0.358;0.002;0.952;1.3119999999999998;100.0;100.0;1.312;0.03608;0.0;1.312;0.0;0.29600032000000004;0.008140008800000001;0.8280032;0.022770088;0.18799648000000002;0.0051699032;0.0;0.0;0.0;0.0;-2.220446049250313e-16;0.026180008800000005;5.4841599999999993e-05;0.0098451496
2025-04-04 08:30:00+00:00;59.615;0.0;0.0;0.0;40.385;0.0;0.248;0.0;0.0;0.0;0.168;0.0;0.41600000000000004;61.779;2.404;35.817;0.257;0.01;0.149;0.41600000000000004;100.0;100.0;0.41600000000000004;0.01144;0.0;0.41600000000000004;0.0;0.24799840000000006;0.006819956000000001;0.0;0.0;0.1680016;0.004620044;0.0;0.0;0.0;0.0;0.0;0.0040974648;0.0002750176;0.007067517600000001
2025-04-04 08:45:00+00:00;44.578;0.0;0.0;0.0;55.422;0.0;0.148;0.0;0.0;0.0;0.184;0.0;0.33199999999999996;38.855;0.602;60.542;0.129;0.002;0.201;0.332;100.0;100.0;0.33199999999999996;0.00913;0.0;0.33199999999999996;0.0;0.14799895999999998;0.0040699714;0.0;0.0;0.18400103999999995;0.005060028599999999;0.0;0.0;0.0;0.0;5.551115123125783e-17;0.0055274846;5.4962599999999994e-05;0.0035474614999999993
2025-04-04 09:00:00+00:00;31.429;0.0;0.0;0.0;68.571;0.0;0.132;0.0;0.0;0.0;0.288;0.0;0.42;23.333;0.238;76.429;0.098;0.001;0.321;0.42000000000000004;100.0;100.0;0.42;0.01155;0.0;0.41999999999999993;0.0;0.13200179999999997;0.0036300494999999995;0.0;0.0;0.2879982;0.007919950499999998;0.0;0.0;0.0;0.0;1.1102230246251565e-16;0.0088275495;2.7488999999999997e-05;0.0026949615
2025-04-04 09:15:00+00:00;50.0;0.0;0.0;0.0;50.0;0.0;0.292;0.0;0.0;0.0;0.292;0.0;0.584;25.685;0.171;74.144;0.15;0.001;0.433;0.584;100.0;100.0;0.584;0.016059999999999998;0.0;0.584;0.0;0.292;0.008029999999999999;0.0;0.0;0.292;0.008029999999999999;0.0;0.0;0.0;0.0;0.0;0.0119075264;2.74626e-05;0.004125010999999999
2025-04-04 09:30:00+00:00;52.727;0.0;0.0;0.0;47.273;0.0;0.232;0.0;0.0;0.0;0.208;0.0;0.44;17.727;0.227;82.045;0.078;0.001;0.361;0.44;100.0;100.0;0.44;0.0121;0.0;0.44000000000000006;0.0;0.2319988;0.006379967;0.0;0.0;0.20800120000000002;0.005720033;0.0;0.0;0.0;0.0;-5.551115123125783e-17;0.009927445;2.7466999999999996e-05;0.0021449670000000002
2025-04-04 09:45:00+00:00;56.436;0.0;0.0;0.0;43.564;0.0;0.228;0.0;0.0;0.0;0.176;0.0;0.404;11.881;0.248;87.871;0.048;0.001;0.355;0.40399999999999997;100.0;100.0;0.404;0.01111;0.0;0.404;0.0;0.22800144;0.0062700396;0.0;0.0;0.17599856000000003;0.0048399604;0.0;0.0;0.0;0.0;-5.551115123125783e-17;0.0097624681;2.75528e-05;0.0013199791
2025-04-04 10:00:00+00:00;91.852;0.0;0.0;0.185;7.963;0.0;1.984;0.0;0.0;0.004;0.172;0.0;2.16;29.537;0.139;70.324;0.638;0.003;1.519;2.16;100.0;100.0;2.16;0.0594;0.0;2.16;0.0;1.9840032;0.054560088;0.003996;0.00010989;0.17200080000000004;0.004730022;0.0;0.0;0.0;0.0;0.0;0.041772456;8.256600000000001e-05;0.017544978
2025-04-04 10:15:00+00:00;89.169;0.0;0.0;0.0;10.831;0.0;2.404;0.0;0.0;0.0;0.292;0.0;2.6959999999999997;32.975;0.26;66.766;0.889;0.007;1.8;2.696;100.0;100.0;2.6959999999999997;0.07414;0.0;2.6959999999999997;0.0;2.4039962399999997;0.0661098966;0.0;0.0;0.29200375999999995;0.008030103399999999;0.0;0.0;0.0;0.0;4.440892098500626e-16;0.0495003124;0.00019276399999999997;0.024447664999999997
2025-04-04 10:30:00+00:00;30.383;0.0;0.0;0.0;69.617;0.0;0.412;0.0;0.0;0.0;0.944;0.0;1.3559999999999999;33.333;0.221;66.445;0.452;0.003;0.901;1.356;100.0;100.0;1.3559999999999999;0.03729;0.0;1.3559999999999999;0.0;0.41199347999999997;0.011329820699999998;0.0;0.0;0.94400652;0.0259601793;0.0;0.0;0.0;0.0;2.220446049250313e-16;0.024777340499999998;8.24109e-05;0.012429875699999997
2025-04-04 10:45:00+00:00;40.278;0.0;0.0;0.0;59.722;0.0;0.232;0.0;0.0;0.0;0.344;0.0;0.576;35.938;0.174;63.889;0.207;0.001;0.368;0.576;100.0;100.0;0.576;0.01584;0.0;0.576;0.0;0.23200127999999998;0.006380035199999999;0.0;0.0;0.34399872;0.0094599648;0.0;0.0;0.0;0.0;0.0;0.010120017600000001;2.7561599999999997e-05;0.005692579200000001
2025-04-04 11:00:00+00:00;46.0;0.0;0.0;0.667;53.333;0.0;0.276;0.0;0.0;0.004;0.32;0.0;0.6000000000000001;38.333;0.167;61.5;0.23;0.001;0.369;0.6;100.0;100.0;0.6000000000000001;0.016500000000000004;0.0;0.6000000000000001;0.0;0.2760000000000001;0.007590000000000002;0.004002000000000001;0.00011005500000000004;0.319998;0.008799945000000002;0.0;0.0;0.0;0.0;-1.1102230246251565e-16;0.010147500000000002;2.7555000000000006e-05;0.006324945000000002
2025-04-04 11:15:00+00:00;31.061;0.0;0.0;0.0;68.939;0.0;0.164;0.0;0.0;0.0;0.364;0.0;0.528;36.932;0.189;62.879;0.195;0.001;0.332;0.528;100.0;100.0;0.528;0.01452;0.0;0.528;0.0;0.16400208;0.0045100572;0.0;0.0;0.36399792;0.0100099428;0.0;0.0;0.0;0.0;0.0;0.0091300308;2.74428e-05;0.0053625264
2025-04-04 11:30:00+00:00;7.111;0.0;0.0;74.222;18.667;0.0;0.128;0.0;0.0;1.336;0.336;0.0;1.8000000000000003;41.611;0.111;58.278;0.749;0.002;1.049;1.7999999999999998;100.0;100.0;1.8000000000000003;0.04950000000000001;0.0;1.8000000000000003;0.0;0.127998;0.0035199450000000005;1.3359960000000002;0.036739890000000004;0.336006;0.009240165000000002;0.0;0.0;0.0;0.0;-4.440892098500626e-16;0.028847610000000003;5.494500000000002e-05;0.020597445000000002
2025-04-04 11:45:00+00:00;5.539;0.0;0.0;78.852;15.609;0.0;0.22;0.0;0.0;3.132;0.62;0.0;3.9720000000000004;34.743;0.0;65.257;1.38;0.0;2.592;3.972;100.0;100.0;3.9720000000000004;0.10923000000000001;0.0;3.9720000000000004;0.0;0.22000908;0.0060502496999999995;3.1320014400000002;0.0861300396;0.6199894800000001;0.0170497107;0.0;0.0;0.0;0.0;-4.440892098500626e-16;0.07128022110000001;0.0;0.0379497789
2025-04-04 12:00:00+00:00;6.827;0.0;0.0;76.753;16.421;0.0;0.296;0.0;0.0;3.328;0.712;0.0;4.335999999999999;41.398;0.0;58.602;1.795;0.0;2.541;4.336;100.0;100.0;4.335999999999999;0.11923999999999998;0.0;4.33604336;0.0;0.29601871999999996;0.008140514799999998;3.32801008;0.0915202772;0.7120145599999999;0.019580400399999996;0.0;0.0;0.0;0.0;-4.335999999938167e-05;0.06987702479999999;0.0;0.04936297519999999
2025-04-04 12:15:00+00:00;4.872;0.0;0.0;81.629;13.498;0.0;0.244;0.0;0.0;4.088;0.676;0.0;5.008;44.01;0.2;55.791;2.204;0.01;2.794;5.008;100.0;100.0;5.008;0.13772;0.0;5.007949920000001;0.0;0.24398976;0.0067097184;4.087980320000001;0.11241945880000001;0.67597984;0.0185894456;0.0;0.0;0.0;0.0;5.007999999939727e-05;0.0768353652;0.00027544;0.060610572
2025-04-04 12:30:00+00:00;7.174;0.0;0.0;55.0;37.826;0.0;0.132;0.0;0.0;1.012;0.696;0.0;1.84;47.88;0.054;52.065;0.881;0.001;0.958;1.8399999999999999;100.0;100.0;1.84;0.0506;0.0;1.8400000000000003;0.0;0.1320016;0.003630044;1.0120000000000002;0.02783;0.6959984;0.019139956;0.0;0.0;0.0;0.0;-4.440892098500626e-16;0.026344889999999996;2.7324e-05;0.02422728
2025-04-04 12:45:00+00:00;8.995;0.0;0.0;42.857;48.148;0.0;0.136;0.0;0.0;0.648;0.728;0.0;1.512;53.042;0.331;46.627;0.802;0.005;0.705;1.512;100.0;100.0;1.512;0.04158;0.0;1.512;0.0;0.13600439999999997;0.0037401209999999995;0.64799784;0.0178199406;0.72799776;0.0200199384;0.0;0.0;0.0;0.0;0.0;0.0193875066;0.0001376298;0.0220548636
2025-04-04 13:00:00+00:00;9.836;0.0;0.0;64.187;25.977;0.0;0.312;0.0;0.0;2.036;0.824;0.0;3.1719999999999997;55.265;0.0;44.735;1.753;0.0;1.419;3.1719999999999997;100.0;100.0;3.1719999999999997;0.08722999999999999;0.0;3.1719999999999993;0.0;0.31199792;0.008579942799999999;2.0360116399999995;0.05599032009999999;0.8239904399999999;0.022659737099999997;0.0;0.0;0.0;0.0;4.440892098500626e-16;0.039022340499999995;0.0;0.04820765949999999
2025-04-04 13:15:00+00:00;27.844;0.0;0.0;45.21;26.946;0.0;1.116;0.0;0.0;1.812;1.08;0.0;4.008;55.664;0.0;44.336;2.231;0.0;1.777;4.008;100.0;100.0;4.008;0.11022;0.0;4.008000000000001;0.0;1.11598752;0.030689656800000003;1.8120168;0.049830462;1.0799956800000001;0.029699881200000004;0.0;0.0;0.0;0.0;-8.881784197001252e-16;0.0488671392;0.0;0.0613528608
2025-04-04 13:30:00+00:00;20.186;0.0;0.0;46.739;33.075;0.0;0.52;0.0;0.0;1.204;0.852;0.0;2.576;55.241;0.0;44.759;1.423;0.0;1.153;2.576;100.0;100.0;2.576;0.07084;0.0;2.576;0.0;0.51999136;0.0142997624;1.20399664;0.033109907599999995;0.8520120000000001;0.023430330000000003;0.0;0.0;0.0;0.0;0.0;0.0317072756;0.0;0.0391327244
2025-04-04 13:45:00+00:00;24.609;0.0;0.0;39.844;35.547;0.0;0.252;0.0;0.0;0.408;0.364;0.0;1.024;57.617;0.0;42.383;0.59;0.0;0.434;1.024;100.0;100.0;1.024;0.02816;0.0;1.024;0.0;0.25199616;0.006929894400000001;0.40800256;0.0112200704;0.36400128;0.0100100352;0.0;0.0;0.0;0.0;0.0;0.011935052800000002;0.0;0.0162249472
2025-04-04 14:00:00+00:00;67.379;0.0;0.0;21.553;11.068;0.0;1.388;0.0;0.0;0.444;0.228;0.0;2.06;59.757;0.777;39.466;1.231;0.016;0.813;2.06;100.0;100.0;2.06;0.05665;0.0;2.06;0.0;1.3880074;0.0381702035;0.4439918;0.0122097745;0.2280008;0.006270022;0.0;0.0;0.0;0.0;0.0;0.022357489;0.0004401705;0.033852340499999994
2025-04-04 14:15:00+00:00;91.995;0.0;0.0;0.136;7.87;0.0;2.712;0.0;0.0;0.004;0.232;0.0;2.9480000000000004;61.465;0.577;37.958;1.812;0.017;1.119;2.948;100.0;100.0;2.9480000000000004;0.08107000000000002;0.0;2.9480294800000006;0.0;2.7120126000000004;0.07458034650000002;0.0040092800000000005;0.00011025520000000003;0.23200760000000004;0.006380209000000002;0.0;0.0;0.0;0.0;-2.9480000000692286e-05;0.030772550600000004;0.0004677739000000001;0.04982967550000001
2025-04-04 14:30:00+00:00;64.179;0.0;0.0;0.0;35.821;0.0;0.516;0.0;0.0;0.0;0.288;0.0;0.804;64.552;0.249;35.199;0.519;0.002;0.283;0.804;100.0;100.0;0.804;0.02211;0.0;0.804;0.0;0.51599916;0.0141899769;0.0;0.0;0.28800084;0.0079200231;0.0;0.0;0.0;0.0;0.0;0.0077824988999999995;5.5053900000000005e-05;0.014272447200000003
2025-04-04 14:45:00+00:00;46.707;0.0;0.0;0.0;53.293;0.0;0.312;0.0;0.0;0.0;0.356;0.0;0.6679999999999999;65.419;0.299;34.281;0.437;0.002;0.229;0.668;100.0;100.0;0.6679999999999999;0.018369999999999997;0.0;0.6679999999999999;0.0;0.31200275999999993;0.0085800759;0.0;0.0;0.35599724;0.009789924099999998;0.0;0.0;0.0;0.0;1.1102230246251565e-16;0.006297419699999999;5.4926299999999996e-05;0.012017470299999998
2025-04-04 15:00:00+00:00;49.153;0.0;0.0;0.0;50.847;0.0;0.232;0.0;0.0;0.0;0.24;0.0;0.472;70.763;0.212;29.025;0.334;0.001;0.137;0.47200000000000003;100.0;100.0;0.472;0.01298;0.0;0.472;0.0;0.23200215999999999;0.0063800594;0.0;0.0;0.23999784;0.0065999406;0.0;0.0;0.0;0.0;5.551115123125783e-17;0.0037674450000000003;2.75176e-05;0.009185037400000002
2025-04-04 15:15:00+00:00;43.373;0.0;0.0;0.0;56.627;0.0;0.144;0.0;0.0;0.0;0.188;0.0;0.33199999999999996;75.602;0.602;23.795;0.251;0.002;0.079;0.332;100.0;100.0;0.33199999999999996;0.00913;0.0;0.33199999999999996;0.0;0.14399835999999996;0.003959954899999999;0.0;0.0;0.18800164;0.0051700451;0.0;0.0;0.0;0.0;5.551115123125783e-17;0.0021724835;5.4962599999999994e-05;0.0069024626
2025-04-04 15:30:00+00:00;32.407;0.0;0.0;0.0;67.593;0.0;0.14;0.0;0.0;0.0;0.292;0.0;0.432;84.954;0.463;14.583;0.367;0.002;0.063;0.432;100.0;100.0;0.432;0.01188;0.0;0.432;0.0;0.13999824;0.0038499515999999997;0.0;0.0;0.29200176;0.0080300484;0.0;0.0;0.0;0.0;0.0;0.0017324604000000003;5.5004400000000005e-05;0.010092535199999999
2025-04-04 15:45:00+00:00;45.07;0.0;0.0;0.0;54.93;0.0;0.256;0.0;0.0;0.0;0.312;0.0;0.5680000000000001;90.845;0.528;8.627;0.516;0.003;0.049;0.5680000000000001;100.0;100.0;0.5680000000000001;0.015620000000000002;0.0;0.5680000000000001;0.0;0.25599760000000005;0.007039934;0.0;0.0;0.3120024;0.008580066;0.0;0.0;0.0;0.0;0.0;0.0013475374000000004;8.247360000000001e-05;0.014189989000000002
2025-04-04 16:00:00+00:00;33.566;0.0;0.0;0.0;66.434;0.0;0.192;0.0;0.0;0.0;0.38;0.0;0.5720000000000001;95.804;0.524;3.671;0.548;0.003;0.021;0.5720000000000001;100.0;100.0;0.5720000000000001;0.01573;0.0;0.5720000000000001;0.0;0.19199752000000003;0.0052799318;0.0;0.0;0.38000248;0.010450068199999999;0.0;0.0;0.0;0.0;0.0;0.0005774483;8.24252e-05;0.015069969200000002
2025-04-04 16:15:00+00:00;38.065;0.0;0.0;0.0;61.935;0.0;0.236;0.0;0.0;0.0;0.384;0.0;0.62;97.419;0.645;1.935;0.604;0.004;0.012;0.62;100.0;100.0;0.62;0.01705;0.0;0.62;0.0;0.236003;0.006490082499999999;0.0;0.0;0.38399700000000003;0.0105599175;0.0;0.0;0.0;0.0;0.0;0.00032991749999999995;0.00010997249999999999;0.0166099395
2025-04-04 16:30:00+00:00;68.664;0.0;0.0;0.0;31.336;0.0;0.596;0.0;0.0;0.0;0.272;0.0;0.868;98.041;0.691;1.267;0.851;0.006;0.011;0.868;100.0;100.0;0.868;0.02387;0.0;0.868;0.0;0.59600352;0.0163900968;0.0;0.0;0.27199648;0.007479903199999999;0.0;0.0;0.0;0.0;0.0;0.0003024329;0.0001649417;0.0234023867
2025-04-04 16:45:00+00:00;55.215;0.0;0.0;0.0;42.331;2.454;0.36;0.0;0.0;0.0;0.276;0.016;0.652;99.08;0.92;0.0;0.646;0.006;0.0;0.652;100.0;100.0;0.652;0.01793;0.016000080000000003;0.6520000000000001;0.00044000220000000006;0.36000180000000004;0.0099000495;0.0;0.0;0.27599812;0.007589948300000001;0.0;0.0;0.0;0.0;-1.1102230246251565e-16;0.0;0.000164956;0.017765044
2025-04-04 17:00:00+00:00;32.278;0.0;0.0;0.0;45.57;22.152;0.204;0.0;0.0;0.0;0.288;0.14;0.632;98.892;1.108;0.0;0.625;0.007;0.0;0.632;100.0;100.0;0.632;0.01738;0.14000064;0.632;0.0038500176000000005;0.20399696;0.0056099164;0.0;0.0;0.2880024;0.007920066;0.0;0.0;0.0;0.0;0.0;0.0;0.0001925704;0.017187429599999998
2025-04-04 17:15:00+00:00;34.132;0.0;0.0;0.0;38.323;27.545;0.228;0.0;0.0;0.0;0.256;0.184;0.668;97.754;2.246;0.0;0.653;0.015;0.0;0.668;100.0;100.0;0.668;0.01837;0.18400060000000004;0.668;0.005060016500000001;0.22800176;0.0062700483999999996;0.0;0.0;0.25599764;0.0070399351;0.0;0.0;0.0;0.0;0.0;0.0;0.0004125902;0.0179574098
2025-04-04 17:30:00+00:00;33.0;0.0;0.0;0.0;47.0;20.0;0.132;0.0;0.0;0.0;0.188;0.08;0.4;95.0;5.0;0.0;0.38;0.02;0.0;0.4;100.0;100.0;0.4;0.011000000000000001;0.08000000000000002;0.4;0.0022;0.132;0.0036300000000000004;0.0;0.0;0.188;0.00517;0.0;0.0;0.0;0.0;0.0;0.0;0.00055;0.010450000000000001
2025-04-04 17:45:00+00:00;55.0;5.0;15.0;0.0;15.0;10.0;0.011;0.001;0.003;0.0;0.003;0.002;0.02;0.0;100.0;0.0;0.0;0.02;0.0;0.02;100.0;100.0;0.02;0.00055;0.002;0.02;5.500000000000001e-05;0.011000000000000001;0.00030250000000000003;0.0;0.0;0.003;8.25e-05;0.003;8.25e-05;0.001;2.7500000000000004e-05;0.0;0.0;0.00055;0.0
2025-04-04 18:00:00+00:00;;;;;;;0.0;0.0;0.0;0.0;0.0;0.0;0.0;;;;0.0;0.0;0.0;0.0;;;;;;;;;;;;;;;;;;;;;
2025-04-04 18:15:00+00:00;;;;;;;0.0;0.0;0.0;0.0;0.0;0.0;0.0;;;;0.0;0.0;0.0;0.0;;;;;;;;;;;;;;;;;;;;;
2025-04-04 18:30:00+00:00;;;;;;;0.0;0.0;0.0;0.0;0.0;0.0;0.0;;;;0.0;0.0;0.0;0.0;;;;;;;;;;;;;;;;;;;;;
2025-04-04 18:45:00+00:00;;;;;;;0.0;0.0;0.0;0.0;0.0;0.0;0.0;;;;0.0;0.0;0.0;0.0;;;;;;;;;;;;;;;;;;;;;
2025-04-04 19:00:00+00:00;;;;;;;0.0;0.0;0.0;0.0;0.0;0.0;0.0;;;;0.0;0.0;0.0;0.0;;;;;;;;;;;;;;;;;;;;;
2025-04-04 19:15:00+00:00;;;;;;;0.0;0.0;0.0;0.0;0.0;0.0;0.0;;;;0.0;0.0;0.0;0.0;;;;;;;;;;;;;;;;;;;;;
2025-04-04 19:30:00+00:00;;;;;;;0.0;0.0;0.0;0.0;0.0;0.0;0.0;;;;0.0;0.0;0.0;0.0;;;;;;;;;;;;;;;;;;;;;
2025-04-04 19:45:00+00:00;;;;;;;0.0;0.0;0.0;0.0;0.0;0.0;0.0;;;;0.0;0.0;0.0;0.0;;;;;;;;;;;;;;;;;;;;;
2025-04-04 20:00:00+00:00;;;;;;;0.0;0.0;0.0;0.0;0.0;0.0;0.0;;;;0.0;0.0;0.0;0.0;;;;;;;;;;;;;;;;;;;;;
2025-04-04 20:15:00+00:00;;;;;;;0.0;0.0;0.0;0.0;0.0;0.0;0.0;;;;0.0;0.0;0.0;0.0;;;;;;;;;;;;;;;;;;;;;
2025-04-04 20:30:00+00:00;;;;;;;0.0;0.0;0.0;0.0;0.0;0.0;0.0;;;;0.0;0.0;0.0;0.0;;;;;;;;;;;;;;;;;;;;;
2025-04-04 20:45:00+00:00;;;;;;;0.0;0.0;0.0;0.0;0.0;0.0;0.0;;;;0.0;0.0;0.0;0.0;;;;;;;;;;;;;;;;;;;;;
2025-04-04 21:00:00+00:00;;;;;;;0.0;0.0;0.0;0.0;0.0;0.0;0.0;;;;0.0;0.0;0.0;0.0;;;;;;;;;;;;;;;;;;;;;
2025-04-04 21:15:00+00:00;;;;;;;0.0;0.0;0.0;0.0;0.0;0.0;0.0;;;;0.0;0.0;0.0;0.0;;;;;;;;;;;;;;;;;;;;;
2025-04-04 21:30:00+00:00;;;;;;;0.0;0.0;0.0;0.0;0.0;0.0;0.0;;;;0.0;0.0;0.0;0.0;;;;;;;;;;;;;;;;;;;;;
2025-04-04 21:45:00+00:00;;;;;;;0.0;0.0;0.0;0.0;0.0;0.0;0.0;;;;0.0;0.0;0.0;0.0;;;;;;;;;;;;;;;;;;;;;
