startedAt;valueprodsold;valueprodsold;valueprodsold
;df-prod-Gaby;df-prod-MarcNord;df-prod-VÃ©ronique
2025-04-01 00:00:00+00:00;0.0;0.0;0.0
2025-04-01 00:15:00+00:00;0.0;0.0;0.0
2025-04-01 00:30:00+00:00;0.0;0.0;0.0
2025-04-01 00:45:00+00:00;0.0;0.0;0.0
2025-04-01 01:00:00+00:00;0.0;0.0;0.0
2025-04-01 01:15:00+00:00;0.0;0.0;0.0
2025-04-01 01:30:00+00:00;0.0;0.0;0.0
2025-04-01 01:45:00+00:00;0.0;0.0;0.0
2025-04-01 02:00:00+00:00;0.0;0.0;0.0
2025-04-01 02:15:00+00:00;0.0;0.0;0.0
2025-04-01 02:30:00+00:00;0.0;0.0;0.0
2025-04-01 02:45:00+00:00;0.0;0.0;0.0
2025-04-01 03:00:00+00:00;0.0;0.0;0.0
2025-04-01 03:15:00+00:00;0.0;0.0;0.0
2025-04-01 03:30:00+00:00;0.0;0.0;0.0
2025-04-01 03:45:00+00:00;0.0;0.0;0.0
2025-04-01 04:00:00+00:00;0.0;0.0;0.0
2025-04-01 04:15:00+00:00;0.0;0.0;0.0
2025-04-01 04:30:00+00:00;0.0;0.0;0.0
2025-04-01 04:45:00+00:00;0.0;0.0;0.0
2025-04-01 05:00:00+00:00;0.0;0.0;0.0
2025-04-01 05:15:00+00:00;0.0;0.0;0.0
2025-04-01 05:30:00+00:00;0.0;0.0;0.0
2025-04-01 05:45:00+00:00;0.0;0.0;0.0
2025-04-01 06:00:00+00:00;0.0;0.0;0.0
2025-04-01 06:15:00+00:00;0.0;0.0;0.0
2025-04-01 06:30:00+00:00;0.0;0.0;0.0
2025-04-01 06:45:00+00:00;0.0;0.0;1.364
2025-04-01 07:00:00+00:00;0.0;0.0;0.0
2025-04-01 07:15:00+00:00;0.0;0.0;0.0
2025-04-01 07:30:00+00:00;0.029;0.0;3.819
2025-04-01 07:45:00+00:00;0.163;0.0;2.721
2025-04-01 08:00:00+00:00;0.184;0.0;2.892
2025-04-01 08:15:00+00:00;1.95;0.075;4.951
2025-04-01 08:30:00+00:00;1.836;0.057;0.179
2025-04-01 08:45:00+00:00;2.936;0.039;5.477
2025-04-01 09:00:00+00:00;2.624;0.252;6.788
2025-04-01 09:15:00+00:00;3.266;0.233;6.197
2025-04-01 09:30:00+00:00;5.07;0.17;6.396
2025-04-01 09:45:00+00:00;4.807;0.019;5.574
2025-04-01 10:00:00+00:00;5.689;0.028;4.411
2025-04-01 10:15:00+00:00;2.213;0.01;1.329
2025-04-01 10:30:00+00:00;2.319;0.002;2.099
2025-04-01 10:45:00+00:00;3.379;0.0;2.557
2025-04-01 11:00:00+00:00;1.91;0.0;1.37
2025-04-01 11:15:00+00:00;0.0;0.0;0.0
2025-04-01 11:30:00+00:00;0.0;0.0;0.0
2025-04-01 11:45:00+00:00;1.718;0.007;1.823
2025-04-01 12:00:00+00:00;0.682;0.0;0.774
2025-04-01 12:15:00+00:00;1.689;0.19;1.581
2025-04-01 12:30:00+00:00;0.544;0.014;0.598
2025-04-01 12:45:00+00:00;1.51;0.014;1.584
2025-04-01 13:00:00+00:00;0.561;0.001;0.486
2025-04-01 13:15:00+00:00;0.0;0.0;0.0
2025-04-01 13:30:00+00:00;3.913;0.147;0.0
2025-04-01 13:45:00+00:00;3.072;0.022;2.442
2025-04-01 14:00:00+00:00;5.823;0.023;4.154
2025-04-01 14:15:00+00:00;5.061;0.02;3.211
2025-04-01 14:30:00+00:00;5.375;0.019;3.074
2025-04-01 14:45:00+00:00;3.166;0.023;1.391
2025-04-01 15:00:00+00:00;0.578;0.002;0.0
2025-04-01 15:15:00+00:00;2.31;0.01;0.764
2025-04-01 15:30:00+00:00;2.65;0.012;0.81
2025-04-01 15:45:00+00:00;3.456;0.019;0.681
2025-04-01 16:00:00+00:00;1.449;0.007;0.128
2025-04-01 16:15:00+00:00;0.0;0.0;0.0
2025-04-01 16:30:00+00:00;0.0;0.0;0.0
2025-04-01 16:45:00+00:00;0.0;0.0;0.0
2025-04-01 17:00:00+00:00;0.0;0.0;0.0
2025-04-01 17:15:00+00:00;0.0;0.0;0.0
2025-04-01 17:30:00+00:00;0.0;0.0;0.0
2025-04-01 17:45:00+00:00;0.0;0.0;0.0
2025-04-01 18:00:00+00:00;0.0;0.0;0.0
2025-04-01 18:15:00+00:00;0.0;0.0;0.0
2025-04-01 18:30:00+00:00;0.0;0.0;0.0
2025-04-01 18:45:00+00:00;0.0;0.0;0.0
2025-04-01 19:00:00+00:00;0.0;0.0;0.0
2025-04-01 19:15:00+00:00;0.0;0.0;0.0
2025-04-01 19:30:00+00:00;0.0;0.0;0.0
2025-04-01 19:45:00+00:00;0.0;0.0;0.0
2025-04-01 20:00:00+00:00;0.0;0.0;0.0
2025-04-01 20:15:00+00:00;0.0;0.0;0.0
2025-04-01 20:30:00+00:00;0.0;0.0;0.0
2025-04-01 20:45:00+00:00;0.0;0.0;0.0
2025-04-01 21:00:00+00:00;0.0;0.0;0.0
2025-04-01 21:15:00+00:00;0.0;0.0;0.0
2025-04-01 21:30:00+00:00;0.0;0.0;0.0
2025-04-01 21:45:00+00:00;0.0;0.0;0.0
2025-04-01 22:00:00+00:00;0.0;0.0;0.0
2025-04-01 22:15:00+00:00;0.0;0.0;0.0
2025-04-01 22:30:00+00:00;0.0;0.0;0.0
2025-04-01 22:45:00+00:00;0.0;0.0;0.0
2025-04-01 23:00:00+00:00;0.0;0.0;0.0
2025-04-01 23:15:00+00:00;0.0;0.0;0.0
2025-04-01 23:30:00+00:00;0.0;0.0;0.0
2025-04-01 23:45:00+00:00;0.0;0.0;0.0
2025-04-02 00:00:00+00:00;0.0;0.0;0.0
2025-04-02 00:15:00+00:00;0.0;0.0;0.0
2025-04-02 00:30:00+00:00;0.0;0.0;0.0
2025-04-02 00:45:00+00:00;0.0;0.0;0.0
2025-04-02 01:00:00+00:00;0.0;0.0;0.0
2025-04-02 01:15:00+00:00;0.0;0.0;0.0
2025-04-02 01:30:00+00:00;0.0;0.0;0.0
2025-04-02 01:45:00+00:00;0.0;0.0;0.0
2025-04-02 02:00:00+00:00;0.0;0.0;0.0
2025-04-02 02:15:00+00:00;0.0;0.0;0.0
2025-04-02 02:30:00+00:00;0.0;0.0;0.0
2025-04-02 02:45:00+00:00;0.0;0.0;0.0
2025-04-02 03:00:00+00:00;0.0;0.0;0.0
2025-04-02 03:15:00+00:00;0.0;0.0;0.0
2025-04-02 03:30:00+00:00;0.0;0.0;0.0
2025-04-02 03:45:00+00:00;0.0;0.0;0.0
2025-04-02 04:00:00+00:00;0.0;0.0;0.0
2025-04-02 04:15:00+00:00;0.0;0.0;0.0
2025-04-02 04:30:00+00:00;0.0;0.0;0.0
2025-04-02 04:45:00+00:00;0.0;0.0;0.0
2025-04-02 05:00:00+00:00;0.0;0.0;0.0
2025-04-02 05:15:00+00:00;0.0;0.0;0.0
2025-04-02 05:30:00+00:00;0.0;0.0;0.0
2025-04-02 05:45:00+00:00;0.0;0.0;0.0
2025-04-02 06:00:00+00:00;0.0;0.0;0.0
2025-04-02 06:15:00+00:00;0.0;0.0;0.292
2025-04-02 06:30:00+00:00;0.0;0.0;0.684
2025-04-02 06:45:00+00:00;0.0;0.0;0.0
2025-04-02 07:00:00+00:00;0.0;0.0;0.0
2025-04-02 07:15:00+00:00;0.164;0.0;2.852
2025-04-02 07:30:00+00:00;0.345;0.0;4.007
2025-04-02 07:45:00+00:00;0.545;0.0;4.143
2025-04-02 08:00:00+00:00;0.0;0.0;0.0
2025-04-02 08:15:00+00:00;0.024;0.001;0.571
2025-04-02 08:30:00+00:00;0.879;0.034;5.819
2025-04-02 08:45:00+00:00;2.695;0.034;5.555
2025-04-02 09:00:00+00:00;3.359;0.06;6.437
2025-04-02 09:15:00+00:00;2.838;0.014;4.42
2025-04-02 09:30:00+00:00;2.647;0.015;0.326
2025-04-02 09:45:00+00:00;4.567;0.023;5.926
2025-04-02 10:00:00+00:00;4.715;0.019;6.174
2025-04-02 10:15:00+00:00;5.182;0.019;7.267
2025-04-02 10:30:00+00:00;4.309;0.007;6.068
2025-04-02 10:45:00+00:00;3.871;0.0;5.129
2025-04-02 11:00:00+00:00;4.165;0.002;3.969
2025-04-02 11:15:00+00:00;5.383;0.016;4.213
2025-04-02 11:30:00+00:00;3.546;0.016;3.53
2025-04-02 11:45:00+00:00;2.574;0.0;2.67
2025-04-02 12:00:00+00:00;2.756;0.0;2.568
2025-04-02 12:15:00+00:00;2.981;0.07;2.649
2025-04-02 12:30:00+00:00;6.406;0.013;5.465
2025-04-02 12:45:00+00:00;4.163;0.0;3.537
2025-04-02 13:00:00+00:00;1.792;0.002;1.53
2025-04-02 13:15:00+00:00;4.94;0.052;3.848
2025-04-02 13:30:00+00:00;6.791;0.126;5.067
2025-04-02 13:45:00+00:00;6.746;0.027;4.771
2025-04-02 14:00:00+00:00;6.63;0.019;4.259
2025-04-02 14:15:00+00:00;6.136;0.019;3.737
2025-04-02 14:30:00+00:00;5.567;0.022;2.619
2025-04-02 14:45:00+00:00;4.915;0.014;2.111
2025-04-02 15:00:00+00:00;4.591;0.017;1.872
2025-04-02 15:15:00+00:00;4.752;0.021;1.451
2025-04-02 15:30:00+00:00;4.487;0.022;0.871
2025-04-02 15:45:00+00:00;3.617;0.021;0.454
2025-04-02 16:00:00+00:00;2.976;0.017;0.191
2025-04-02 16:15:00+00:00;2.108;0.015;0.073
2025-04-02 16:30:00+00:00;0.368;0.004;0.0
2025-04-02 16:45:00+00:00;0.0;0.0;0.0
2025-04-02 17:00:00+00:00;0.0;0.0;0.0
2025-04-02 17:15:00+00:00;0.0;0.0;0.0
2025-04-02 17:30:00+00:00;0.0;0.0;0.0
2025-04-02 17:45:00+00:00;0.0;0.0;0.0
2025-04-02 18:00:00+00:00;0.0;0.0;0.0
2025-04-02 18:15:00+00:00;0.0;0.0;0.0
2025-04-02 18:30:00+00:00;0.0;0.0;0.0
2025-04-02 18:45:00+00:00;0.0;0.0;0.0
2025-04-02 19:00:00+00:00;0.0;0.0;0.0
2025-04-02 19:15:00+00:00;0.0;0.0;0.0
2025-04-02 19:30:00+00:00;0.0;0.0;0.0
2025-04-02 19:45:00+00:00;0.0;0.0;0.0
2025-04-02 20:00:00+00:00;0.0;0.0;0.0
2025-04-02 20:15:00+00:00;0.0;0.0;0.0
2025-04-02 20:30:00+00:00;0.0;0.0;0.0
2025-04-02 20:45:00+00:00;0.0;0.0;0.0
2025-04-02 21:00:00+00:00;0.0;0.0;0.0
2025-04-02 21:15:00+00:00;0.0;0.0;0.0
2025-04-02 21:30:00+00:00;0.0;0.0;0.0
2025-04-02 21:45:00+00:00;0.0;0.0;0.0
2025-04-02 22:00:00+00:00;0.0;0.0;0.0
2025-04-02 22:15:00+00:00;0.0;0.0;0.0
2025-04-02 22:30:00+00:00;0.0;0.0;0.0
2025-04-02 22:45:00+00:00;0.0;0.0;0.0
2025-04-02 23:00:00+00:00;0.0;0.0;0.0
2025-04-02 23:15:00+00:00;0.0;0.0;0.0
2025-04-02 23:30:00+00:00;0.0;0.0;0.0
2025-04-02 23:45:00+00:00;0.0;0.0;0.0
2025-04-03 00:00:00+00:00;0.0;0.0;0.0
2025-04-03 00:15:00+00:00;0.0;0.0;0.0
2025-04-03 00:30:00+00:00;0.0;0.0;0.0
2025-04-03 00:45:00+00:00;0.0;0.0;0.0
2025-04-03 01:00:00+00:00;0.0;0.0;0.0
2025-04-03 01:15:00+00:00;0.0;0.0;0.0
2025-04-03 01:30:00+00:00;0.0;0.0;0.0
2025-04-03 01:45:00+00:00;0.0;0.0;0.0
2025-04-03 02:00:00+00:00;0.0;0.0;0.0
2025-04-03 02:15:00+00:00;0.0;0.0;0.0
2025-04-03 02:30:00+00:00;0.0;0.0;0.0
2025-04-03 02:45:00+00:00;0.0;0.0;0.0
2025-04-03 03:00:00+00:00;0.0;0.0;0.0
2025-04-03 03:15:00+00:00;0.0;0.0;0.0
2025-04-03 03:30:00+00:00;0.0;0.0;0.0
2025-04-03 03:45:00+00:00;0.0;0.0;0.0
2025-04-03 04:00:00+00:00;0.0;0.0;0.0
2025-04-03 04:15:00+00:00;0.0;0.0;0.0
2025-04-03 04:30:00+00:00;0.0;0.0;0.0
2025-04-03 04:45:00+00:00;0.0;0.0;0.0
2025-04-03 05:00:00+00:00;0.0;0.0;0.0
2025-04-03 05:15:00+00:00;0.0;0.0;0.0
2025-04-03 05:30:00+00:00;0.0;0.0;0.0
2025-04-03 05:45:00+00:00;0.0;0.0;0.0
2025-04-03 06:00:00+00:00;0.0;0.0;0.0
2025-04-03 06:15:00+00:00;0.0;0.0;0.0
2025-04-03 06:30:00+00:00;0.0;0.0;0.0
2025-04-03 06:45:00+00:00;0.0;0.0;0.0
2025-04-03 07:00:00+00:00;0.0;0.0;0.0
2025-04-03 07:15:00+00:00;0.0;0.0;0.72
2025-04-03 07:30:00+00:00;0.0;0.0;0.0
2025-04-03 07:45:00+00:00;0.768;0.0;2.42
2025-04-03 08:00:00+00:00;0.853;0.0;2.955
2025-04-03 08:15:00+00:00;1.85;0.029;5.129
2025-04-03 08:30:00+00:00;2.483;0.106;5.639
2025-04-03 08:45:00+00:00;2.442;0.024;0.41
2025-04-03 09:00:00+00:00;2.719;0.022;4.811
2025-04-03 09:15:00+00:00;2.18;0.023;6.057
2025-04-03 09:30:00+00:00;3.515;0.019;5.926
2025-04-03 09:45:00+00:00;3.557;0.017;5.394
2025-04-03 10:00:00+00:00;2.486;0.005;3.597
2025-04-03 10:15:00+00:00;2.313;0.0;2.239
2025-04-03 10:30:00+00:00;2.045;0.0;0.795
2025-04-03 10:45:00+00:00;3.522;0.0;4.078
2025-04-03 11:00:00+00:00;3.198;0.0;4.158
2025-04-03 11:15:00+00:00;2.29;0.0;1.25
2025-04-03 11:30:00+00:00;2.098;0.0;0.606
2025-04-03 11:45:00+00:00;2.283;0.0;0.613
2025-04-03 12:00:00+00:00;2.392;0.0;0.564
2025-04-03 12:15:00+00:00;2.164;0.0;0.504
2025-04-03 12:30:00+00:00;2.425;0.017;0.458
2025-04-03 12:45:00+00:00;4.805;0.212;0.895
2025-04-03 13:00:00+00:00;4.699;0.015;0.518
2025-04-03 13:15:00+00:00;6.273;0.022;0.085
2025-04-03 13:30:00+00:00;4.287;0.013;0.0
2025-04-03 13:45:00+00:00;3.26;0.012;0.0
2025-04-03 14:00:00+00:00;4.466;0.014;0.0
2025-04-03 14:15:00+00:00;4.327;0.017;0.0
2025-04-03 14:30:00+00:00;3.432;0.012;0.0
2025-04-03 14:45:00+00:00;2.725;0.011;0.0
2025-04-03 15:00:00+00:00;0.951;0.005;0.0
2025-04-03 15:15:00+00:00;0.0;0.0;0.0
2025-04-03 15:30:00+00:00;0.0;0.0;0.0
2025-04-03 15:45:00+00:00;0.0;0.0;0.0
2025-04-03 16:00:00+00:00;1.732;0.01;0.134
2025-04-03 16:15:00+00:00;2.016;0.011;0.113
2025-04-03 16:30:00+00:00;1.735;0.016;0.069
2025-04-03 16:45:00+00:00;0.57;0.007;0.011
2025-04-03 17:00:00+00:00;0.409;0.007;0.0
2025-04-03 17:15:00+00:00;0.0;0.0;0.0
2025-04-03 17:30:00+00:00;0.0;0.0;0.0
2025-04-03 17:45:00+00:00;0.0;0.0;0.0
2025-04-03 18:00:00+00:00;0.0;0.0;0.0
2025-04-03 18:15:00+00:00;0.0;0.0;0.0
2025-04-03 18:30:00+00:00;0.0;0.0;0.0
2025-04-03 18:45:00+00:00;0.0;0.0;0.0
2025-04-03 19:00:00+00:00;0.0;0.0;0.0
2025-04-03 19:15:00+00:00;0.0;0.0;0.0
2025-04-03 19:30:00+00:00;0.0;0.0;0.0
2025-04-03 19:45:00+00:00;0.0;0.0;0.0
2025-04-03 20:00:00+00:00;0.0;0.0;0.0
2025-04-03 20:15:00+00:00;0.0;0.0;0.0
2025-04-03 20:30:00+00:00;0.0;0.0;0.0
2025-04-03 20:45:00+00:00;0.0;0.0;0.0
2025-04-03 21:00:00+00:00;0.0;0.0;0.0
2025-04-03 21:15:00+00:00;0.0;0.0;0.0
2025-04-03 21:30:00+00:00;0.0;0.0;0.0
2025-04-03 21:45:00+00:00;0.0;0.0;0.0
2025-04-03 22:00:00+00:00;0.0;0.0;0.0
2025-04-03 22:15:00+00:00;0.0;0.0;0.0
2025-04-03 22:30:00+00:00;0.0;0.0;0.0
2025-04-03 22:45:00+00:00;0.0;0.0;0.0
2025-04-03 23:00:00+00:00;0.0;0.0;0.0
2025-04-03 23:15:00+00:00;0.0;0.0;0.0
2025-04-03 23:30:00+00:00;0.0;0.0;0.0
2025-04-03 23:45:00+00:00;0.0;0.0;0.0
2025-04-04 00:00:00+00:00;0.0;0.0;0.0
2025-04-04 00:15:00+00:00;0.0;0.0;0.0
2025-04-04 00:30:00+00:00;0.0;0.0;0.0
2025-04-04 00:45:00+00:00;0.0;0.0;0.0
2025-04-04 01:00:00+00:00;0.0;0.0;0.0
2025-04-04 01:15:00+00:00;0.0;0.0;0.0
2025-04-04 01:30:00+00:00;0.0;0.0;0.0
2025-04-04 01:45:00+00:00;0.0;0.0;0.0
2025-04-04 02:00:00+00:00;0.0;0.0;0.0
2025-04-04 02:15:00+00:00;0.0;0.0;0.0
2025-04-04 02:30:00+00:00;0.0;0.0;0.0
2025-04-04 02:45:00+00:00;0.0;0.0;0.0
2025-04-04 03:00:00+00:00;0.0;0.0;0.0
2025-04-04 03:15:00+00:00;0.0;0.0;0.0
2025-04-04 03:30:00+00:00;0.0;0.0;0.0
2025-04-04 03:45:00+00:00;0.0;0.0;0.0
2025-04-04 04:00:00+00:00;0.0;0.0;0.0
2025-04-04 04:15:00+00:00;0.0;0.0;0.0
2025-04-04 04:30:00+00:00;0.0;0.0;0.0
2025-04-04 04:45:00+00:00;0.0;0.0;0.0
2025-04-04 05:00:00+00:00;0.0;0.0;0.0
2025-04-04 05:15:00+00:00;0.0;0.0;0.0
2025-04-04 05:30:00+00:00;0.0;0.0;0.0
2025-04-04 05:45:00+00:00;0.0;0.0;0.0
2025-04-04 06:00:00+00:00;0.0;0.0;0.0
2025-04-04 06:15:00+00:00;0.0;0.0;0.0
2025-04-04 06:30:00+00:00;0.0;0.0;0.0
2025-04-04 06:45:00+00:00;0.0;0.0;0.0
2025-04-04 07:00:00+00:00;0.0;0.0;0.0
2025-04-04 07:15:00+00:00;0.0;0.0;0.0
2025-04-04 07:30:00+00:00;0.305;0.0;2.863
2025-04-04 07:45:00+00:00;0.272;0.0;4.44
2025-04-04 08:00:00+00:00;0.06;0.0;3.776
2025-04-04 08:15:00+00:00;1.866;0.01;4.964
2025-04-04 08:30:00+00:00;2.239;0.09;1.299
2025-04-04 08:45:00+00:00;2.791;0.042;4.367
2025-04-04 09:00:00+00:00;1.958;0.023;6.419
2025-04-04 09:15:00+00:00;2.254;0.023;6.531
2025-04-04 09:30:00+00:00;1.45;0.019;6.723
2025-04-04 09:45:00+00:00;0.92;0.023;6.869
2025-04-04 10:00:00+00:00;2.402;0.013;5.725
2025-04-04 10:15:00+00:00;2.735;0.021;5.536
2025-04-04 10:30:00+00:00;3.228;0.021;6.423
2025-04-04 10:45:00+00:00;3.869;0.019;6.904
2025-04-04 11:00:00+00:00;4.218;0.011;6.735
2025-04-04 11:15:00+00:00;3.973;0.011;6.744
2025-04-04 11:30:00+00:00;4.247;0.014;5.959
2025-04-04 11:45:00+00:00;2.288;0.0;4.296
2025-04-04 12:00:00+00:00;2.953;0.0;4.179
2025-04-04 12:15:00+00:00;2.912;0.014;3.694
2025-04-04 12:30:00+00:00;4.939;0.007;5.37
2025-04-04 12:45:00+00:00;6.118;0.031;5.379
2025-04-04 13:00:00+00:00;5.331;0.0;4.317
2025-04-04 13:15:00+00:00;4.541;0.0;3.619
2025-04-04 13:30:00+00:00;4.809;0.0;3.899
2025-04-04 13:45:00+00:00;5.79;0.0;4.25
2025-04-04 14:00:00+00:00;5.341;0.072;3.523
2025-04-04 14:15:00+00:00;4.448;0.043;2.745
2025-04-04 14:30:00+00:00;5.661;0.018;3.093
2025-04-04 14:45:00+00:00;5.067;0.022;2.651
2025-04-04 15:00:00+00:00;4.918;0.019;2.023
2025-04-04 15:15:00+00:00;4.841;0.022;1.529
2025-04-04 15:30:00+00:00;4.345;0.022;0.741
2025-04-04 15:45:00+00:00;3.972;0.017;0.379
2025-04-04 16:00:00+00:00;3.388;0.021;0.127
2025-04-04 16:15:00+00:00;2.796;0.02;0.052
2025-04-04 16:30:00+00:00;1.977;0.014;0.025
2025-04-04 16:45:00+00:00;1.558;0.014;0.0
2025-04-04 17:00:00+00:00;1.139;0.013;0.0
2025-04-04 17:15:00+00:00;0.559;0.013;0.0
2025-04-04 17:30:00+00:00;0.0;0.0;0.0
2025-04-04 17:45:00+00:00;0.0;0.0;0.0
2025-04-04 18:00:00+00:00;0.0;0.0;0.0
2025-04-04 18:15:00+00:00;0.0;0.0;0.0
2025-04-04 18:30:00+00:00;0.0;0.0;0.0
2025-04-04 18:45:00+00:00;0.0;0.0;0.0
2025-04-04 19:00:00+00:00;0.0;0.0;0.0
2025-04-04 19:15:00+00:00;0.0;0.0;0.0
2025-04-04 19:30:00+00:00;0.0;0.0;0.0
2025-04-04 19:45:00+00:00;0.0;0.0;0.0
2025-04-04 20:00:00+00:00;0.0;0.0;0.0
2025-04-04 20:15:00+00:00;0.0;0.0;0.0
2025-04-04 20:30:00+00:00;0.0;0.0;0.0
2025-04-04 20:45:00+00:00;0.0;0.0;0.0
2025-04-04 21:00:00+00:00;0.0;0.0;0.0
2025-04-04 21:15:00+00:00;0.0;0.0;0.0
2025-04-04 21:30:00+00:00;0.0;0.0;0.0
2025-04-04 21:45:00+00:00;0.0;0.0;0.0
2025-04-04 22:00:00+00:00;0.0;0.0;0.0
2025-04-04 22:15:00+00:00;0.0;0.0;0.0
2025-04-04 22:30:00+00:00;0.0;0.0;0.0
2025-04-04 22:45:00+00:00;0.0;0.0;0.0
2025-04-04 23:00:00+00:00;0.0;0.0;0.0
2025-04-04 23:15:00+00:00;0.0;0.0;0.0
2025-04-04 23:30:00+00:00;0.0;0.0;0.0
2025-04-04 23:45:00+00:00;0.0;0.0;0.0
2025-04-05 00:00:00+00:00;0.0;0.0;0.0
2025-04-05 00:15:00+00:00;0.0;0.0;0.0
2025-04-05 00:30:00+00:00;0.0;0.0;0.0
2025-04-05 00:45:00+00:00;0.0;0.0;0.0
2025-04-05 01:00:00+00:00;0.0;0.0;0.0
2025-04-05 01:15:00+00:00;0.0;0.0;0.0
2025-04-05 01:30:00+00:00;0.0;0.0;0.0
2025-04-05 01:45:00+00:00;0.0;0.0;0.0
2025-04-05 02:00:00+00:00;0.0;0.0;0.0
2025-04-05 02:15:00+00:00;0.0;0.0;0.0
2025-04-05 02:30:00+00:00;0.0;0.0;0.0
2025-04-05 02:45:00+00:00;0.0;0.0;0.0
2025-04-05 03:00:00+00:00;0.0;0.0;0.0
2025-04-05 03:15:00+00:00;0.0;0.0;0.0
2025-04-05 03:30:00+00:00;0.0;0.0;0.0
2025-04-05 03:45:00+00:00;0.0;0.0;0.0
2025-04-05 04:00:00+00:00;0.0;0.0;0.0
2025-04-05 04:15:00+00:00;0.0;0.0;0.0
2025-04-05 04:30:00+00:00;0.0;0.0;0.0
2025-04-05 04:45:00+00:00;0.0;0.0;0.0
2025-04-05 05:00:00+00:00;0.0;0.0;0.0
2025-04-05 05:15:00+00:00;0.0;0.0;0.0
2025-04-05 05:30:00+00:00;0.0;0.0;0.0
2025-04-05 05:45:00+00:00;0.0;0.0;0.0
2025-04-05 06:00:00+00:00;0.0;0.0;0.0
2025-04-05 06:15:00+00:00;0.0;0.0;0.088
2025-04-05 06:30:00+00:00;0.0;0.0;0.716
2025-04-05 06:45:00+00:00;0.0;0.0;0.0
2025-04-05 07:00:00+00:00;0.0;0.0;0.0
2025-04-05 07:15:00+00:00;0.0;0.0;0.0
2025-04-05 07:30:00+00:00;0.0;0.0;0.0
2025-04-05 07:45:00+00:00;0.0;0.0;0.0
2025-04-05 08:00:00+00:00;0.0;0.0;0.0
2025-04-05 08:15:00+00:00;0.0;0.0;0.0
2025-04-05 08:30:00+00:00;0.0;0.016;3.5
2025-04-05 08:45:00+00:00;0.0;0.0;3.36
2025-04-05 09:00:00+00:00;0.124;0.056;5.716
2025-04-05 09:15:00+00:00;2.951;0.018;5.499
2025-04-05 09:30:00+00:00;2.43;0.018;0.472
2025-04-05 09:45:00+00:00;1.591;0.015;3.23
2025-04-05 10:00:00+00:00;0.65;0.016;4.394
2025-04-05 10:15:00+00:00;2.311;0.017;4.488
2025-04-05 10:30:00+00:00;3.285;0.018;6.561
2025-04-05 10:45:00+00:00;4.195;0.017;6.34
2025-04-05 11:00:00+00:00;4.778;0.017;5.393
2025-04-05 11:15:00+00:00;3.662;0.024;5.754
2025-04-05 11:30:00+00:00;3.495;0.018;4.971
2025-04-05 11:45:00+00:00;3.998;0.026;4.98
2025-04-05 12:00:00+00:00;2.463;0.022;5.151
2025-04-05 12:15:00+00:00;2.688;0.022;5.678
2025-04-05 12:30:00+00:00;4.734;0.02;4.974
2025-04-05 12:45:00+00:00;1.804;0.016;3.912
2025-04-05 13:00:00+00:00;4.448;0.022;4.826
2025-04-05 13:15:00+00:00;4.489;0.019;3.3
2025-04-05 13:30:00+00:00;6.293;0.023;4.54
2025-04-05 13:45:00+00:00;5.941;0.019;4.364
2025-04-05 14:00:00+00:00;4.657;0.023;3.384
2025-04-05 14:15:00+00:00;5.733;0.023;3.388
2025-04-05 14:30:00+00:00;5.081;0.022;2.489
2025-04-05 14:45:00+00:00;4.879;0.021;2.784
2025-04-05 15:00:00+00:00;4.943;0.021;2.268
2025-04-05 15:15:00+00:00;4.233;0.017;1.722
2025-04-05 15:30:00+00:00;2.459;0.02;1.045
2025-04-05 15:45:00+00:00;2.138;0.019;0.839
2025-04-05 16:00:00+00:00;0.402;0.008;0.118
2025-04-05 16:15:00+00:00;0.0;0.0;0.0
2025-04-05 16:30:00+00:00;0.0;0.0;0.0
2025-04-05 16:45:00+00:00;0.0;0.0;0.0
2025-04-05 17:00:00+00:00;0.0;0.0;0.0
2025-04-05 17:15:00+00:00;0.0;0.0;0.0
2025-04-05 17:30:00+00:00;0.0;0.0;0.0
2025-04-05 17:45:00+00:00;0.0;0.0;0.0
2025-04-05 18:00:00+00:00;0.0;0.0;0.0
2025-04-05 18:15:00+00:00;0.0;0.0;0.0
2025-04-05 18:30:00+00:00;0.0;0.0;0.0
2025-04-05 18:45:00+00:00;0.0;0.0;0.0
2025-04-05 19:00:00+00:00;0.0;0.0;0.0
2025-04-05 19:15:00+00:00;0.0;0.0;0.0
2025-04-05 19:30:00+00:00;0.0;0.0;0.0
2025-04-05 19:45:00+00:00;0.0;0.0;0.0
2025-04-05 20:00:00+00:00;0.0;0.0;0.0
2025-04-05 20:15:00+00:00;0.0;0.0;0.0
2025-04-05 20:30:00+00:00;0.0;0.0;0.0
2025-04-05 20:45:00+00:00;0.0;0.0;0.0
2025-04-05 21:00:00+00:00;0.0;0.0;0.0
2025-04-05 21:15:00+00:00;0.0;0.0;0.0
2025-04-05 21:30:00+00:00;0.0;0.0;0.0
2025-04-05 21:45:00+00:00;0.0;0.0;0.0
2025-04-05 22:00:00+00:00;0.0;0.0;0.0
2025-04-05 22:15:00+00:00;0.0;0.0;0.0
2025-04-05 22:30:00+00:00;0.0;0.0;0.0
2025-04-05 22:45:00+00:00;0.0;0.0;0.0
2025-04-05 23:00:00+00:00;0.0;0.0;0.0
2025-04-05 23:15:00+00:00;0.0;0.0;0.0
2025-04-05 23:30:00+00:00;0.0;0.0;0.0
2025-04-05 23:45:00+00:00;0.0;0.0;0.0
2025-04-06 00:00:00+00:00;0.0;0.0;0.0
2025-04-06 00:15:00+00:00;0.0;0.0;0.0
2025-04-06 00:30:00+00:00;0.0;0.0;0.0
2025-04-06 00:45:00+00:00;0.0;0.0;0.0
2025-04-06 01:00:00+00:00;0.0;0.0;0.0
2025-04-06 01:15:00+00:00;0.0;0.0;0.0
2025-04-06 01:30:00+00:00;0.0;0.0;0.0
2025-04-06 01:45:00+00:00;0.0;0.0;0.0
2025-04-06 02:00:00+00:00;0.0;0.0;0.0
2025-04-06 02:15:00+00:00;0.0;0.0;0.0
2025-04-06 02:30:00+00:00;0.0;0.0;0.0
2025-04-06 02:45:00+00:00;0.0;0.0;0.0
2025-04-06 03:00:00+00:00;0.0;0.0;0.0
2025-04-06 03:15:00+00:00;0.0;0.0;0.0
2025-04-06 03:30:00+00:00;0.0;0.0;0.0
2025-04-06 03:45:00+00:00;0.0;0.0;0.0
2025-04-06 04:00:00+00:00;0.0;0.0;0.0
2025-04-06 04:15:00+00:00;0.0;0.0;0.0
2025-04-06 04:30:00+00:00;0.0;0.0;0.0
2025-04-06 04:45:00+00:00;0.0;0.0;0.0
2025-04-06 05:00:00+00:00;0.0;0.0;0.0
2025-04-06 05:15:00+00:00;0.0;0.0;0.0
2025-04-06 05:30:00+00:00;0.0;0.0;0.0
2025-04-06 05:45:00+00:00;0.0;0.0;0.0
2025-04-06 06:00:00+00:00;0.0;0.0;0.0
2025-04-06 06:15:00+00:00;0.0;0.0;0.0
2025-04-06 06:30:00+00:00;0.0;0.0;0.0
2025-04-06 06:45:00+00:00;0.0;0.0;0.0
2025-04-06 07:00:00+00:00;0.0;0.0;0.0
2025-04-06 07:15:00+00:00;0.0;0.0;0.0
2025-04-06 07:30:00+00:00;0.0;0.0;0.0
2025-04-06 07:45:00+00:00;0.418;0.017;4.629
2025-04-06 08:00:00+00:00;1.356;0.0;4.464
2025-04-06 08:15:00+00:00;2.244;0.011;5.837
2025-04-06 08:30:00+00:00;2.381;0.022;5.429
2025-04-06 08:45:00+00:00;1.909;0.058;5.617
2025-04-06 09:00:00+00:00;3.657;0.113;6.414
2025-04-06 09:15:00+00:00;3.764;0.199;1.361
2025-04-06 09:30:00+00:00;4.673;0.273;5.978
2025-04-06 09:45:00+00:00;4.872;0.488;6.652
2025-04-06 10:00:00+00:00;4.835;0.337;6.324
2025-04-06 10:15:00+00:00;6.068;0.016;7.536
2025-04-06 10:30:00+00:00;6.099;0.015;7.206
2025-04-06 10:45:00+00:00;5.307;0.013;4.792
2025-04-06 11:00:00+00:00;4.465;0.018;1.345
2025-04-06 11:15:00+00:00;5.506;0.018;2.012
2025-04-06 11:30:00+00:00;6.885;0.019;2.32
2025-04-06 11:45:00+00:00;7.112;0.026;2.142
2025-04-06 12:00:00+00:00;7.301;0.022;1.989
2025-04-06 12:15:00+00:00;6.781;0.018;1.637
2025-04-06 12:30:00+00:00;6.902;0.022;1.524
2025-04-06 12:45:00+00:00;6.445;0.02;1.179
2025-04-06 13:00:00+00:00;7.148;0.018;0.93
2025-04-06 13:15:00+00:00;7.091;0.022;0.627
2025-04-06 13:30:00+00:00;6.729;0.022;0.389
2025-04-06 13:45:00+00:00;6.7;0.015;0.029
2025-04-06 14:00:00+00:00;4.77;0.014;0.0
2025-04-06 14:15:00+00:00;4.962;0.018;0.0
2025-04-06 14:30:00+00:00;2.034;0.006;0.0
2025-04-06 14:45:00+00:00;1.955;0.009;0.0
2025-04-06 15:00:00+00:00;2.589;0.011;0.0
2025-04-06 15:15:00+00:00;1.371;0.005;0.0
2025-04-06 15:30:00+00:00;0.247;0.001;0.0
2025-04-06 15:45:00+00:00;0.0;0.0;0.0
2025-04-06 16:00:00+00:00;0.0;0.0;0.0
2025-04-06 16:15:00+00:00;0.0;0.0;0.0
2025-04-06 16:30:00+00:00;0.0;0.0;0.0
2025-04-06 16:45:00+00:00;0.0;0.0;0.0
2025-04-06 17:00:00+00:00;0.0;0.0;0.0
2025-04-06 17:15:00+00:00;0.0;0.0;0.0
2025-04-06 17:30:00+00:00;0.0;0.0;0.0
2025-04-06 17:45:00+00:00;0.0;0.0;0.0
2025-04-06 18:00:00+00:00;0.0;0.0;0.0
2025-04-06 18:15:00+00:00;0.0;0.0;0.0
2025-04-06 18:30:00+00:00;0.0;0.0;0.0
2025-04-06 18:45:00+00:00;0.0;0.0;0.0
2025-04-06 19:00:00+00:00;0.0;0.0;0.0
2025-04-06 19:15:00+00:00;0.0;0.0;0.0
2025-04-06 19:30:00+00:00;0.0;0.0;0.0
2025-04-06 19:45:00+00:00;0.0;0.0;0.0
2025-04-06 20:00:00+00:00;0.0;0.0;0.0
2025-04-06 20:15:00+00:00;0.0;0.0;0.0
2025-04-06 20:30:00+00:00;0.0;0.0;0.0
2025-04-06 20:45:00+00:00;0.0;0.0;0.0
2025-04-06 21:00:00+00:00;0.0;0.0;0.0
2025-04-06 21:15:00+00:00;0.0;0.0;0.0
2025-04-06 21:30:00+00:00;0.0;0.0;0.0
2025-04-06 21:45:00+00:00;0.0;0.0;0.0
2025-04-06 22:00:00+00:00;0.0;0.0;0.0
2025-04-06 22:15:00+00:00;0.0;0.0;0.0
2025-04-06 22:30:00+00:00;0.0;0.0;0.0
2025-04-06 22:45:00+00:00;0.0;0.0;0.0
2025-04-06 23:00:00+00:00;0.0;0.0;0.0
2025-04-06 23:15:00+00:00;0.0;0.0;0.0
2025-04-06 23:30:00+00:00;0.0;0.0;0.0
2025-04-06 23:45:00+00:00;0.0;0.0;0.0
2025-04-07 00:00:00+00:00;0.0;0.0;0.0
2025-04-07 00:15:00+00:00;0.0;0.0;0.0
2025-04-07 00:30:00+00:00;0.0;0.0;0.0
2025-04-07 00:45:00+00:00;0.0;0.0;0.0
2025-04-07 01:00:00+00:00;0.0;0.0;0.0
2025-04-07 01:15:00+00:00;0.0;0.0;0.0
2025-04-07 01:30:00+00:00;0.0;0.0;0.0
2025-04-07 01:45:00+00:00;0.0;0.0;0.0
2025-04-07 02:00:00+00:00;0.0;0.0;0.0
2025-04-07 02:15:00+00:00;0.0;0.0;0.0
2025-04-07 02:30:00+00:00;0.0;0.0;0.0
2025-04-07 02:45:00+00:00;0.0;0.0;0.0
2025-04-07 03:00:00+00:00;0.0;0.0;0.0
2025-04-07 03:15:00+00:00;0.0;0.0;0.0
2025-04-07 03:30:00+00:00;0.0;0.0;0.0
2025-04-07 03:45:00+00:00;0.0;0.0;0.0
2025-04-07 04:00:00+00:00;0.0;0.0;0.0
2025-04-07 04:15:00+00:00;0.0;0.0;0.0
2025-04-07 04:30:00+00:00;0.0;0.0;0.0
2025-04-07 04:45:00+00:00;0.0;0.0;0.0
2025-04-07 05:00:00+00:00;0.0;0.0;0.0
2025-04-07 05:15:00+00:00;0.0;0.0;0.0
2025-04-07 05:30:00+00:00;0.0;0.0;0.0
2025-04-07 05:45:00+00:00;0.0;0.0;0.0
2025-04-07 06:00:00+00:00;0.0;0.0;0.0
2025-04-07 06:15:00+00:00;0.0;0.0;0.0
2025-04-07 06:30:00+00:00;0.0;0.0;0.0
2025-04-07 06:45:00+00:00;0.0;0.0;1.412
2025-04-07 07:00:00+00:00;0.0;0.0;0.0
2025-04-07 07:15:00+00:00;0.0;0.0;0.0
2025-04-07 07:30:00+00:00;0.683;0.0;3.873
2025-04-07 07:45:00+00:00;1.091;0.019;4.346
2025-04-07 08:00:00+00:00;0.886;0.0;2.91
2025-04-07 08:15:00+00:00;2.107;0.066;5.419
2025-04-07 08:30:00+00:00;2.661;0.119;2.668
2025-04-07 08:45:00+00:00;3.383;0.239;3.122
2025-04-07 09:00:00+00:00;3.782;0.04;6.518
2025-04-07 09:15:00+00:00;4.185;0.104;6.927
2025-04-07 09:30:00+00:00;4.834;0.23;7.028
2025-04-07 09:45:00+00:00;4.455;0.029;6.152
2025-04-07 10:00:00+00:00;5.323;0.018;6.991
2025-04-07 10:15:00+00:00;5.745;0.015;7.288
2025-04-07 10:30:00+00:00;5.922;0.023;7.299
2025-04-07 10:45:00+00:00;4.617;0.014;6.773
2025-04-07 11:00:00+00:00;5.162;0.021;5.801
2025-04-07 11:15:00+00:00;6.398;0.022;6.816
2025-04-07 11:30:00+00:00;6.855;0.027;7.038
2025-04-07 11:45:00+00:00;6.825;0.034;6.773
2025-04-07 12:00:00+00:00;6.795;0.019;6.61
2025-04-07 12:15:00+00:00;6.874;0.023;6.431
2025-04-07 12:30:00+00:00;7.305;0.027;6.308
2025-04-07 12:45:00+00:00;7.224;0.019;6.045
2025-04-07 13:00:00+00:00;6.503;0.023;5.646
2025-04-07 13:15:00+00:00;6.747;0.023;5.354
2025-04-07 13:30:00+00:00;6.469;0.022;4.977
2025-04-07 13:45:00+00:00;6.112;0.026;4.678
2025-04-07 14:00:00+00:00;5.604;0.023;4.217
2025-04-07 14:15:00+00:00;5.771;0.026;3.771
2025-04-07 14:30:00+00:00;5.795;0.026;3.343
2025-04-07 14:45:00+00:00;4.971;0.02;2.565
2025-04-07 15:00:00+00:00;3.226;0.011;1.299
2025-04-07 15:15:00+00:00;3.594;0.015;1.107
2025-04-07 15:30:00+00:00;4.416;0.017;0.819
2025-04-07 15:45:00+00:00;3.781;0.023;0.448
2025-04-07 16:00:00+00:00;2.174;0.01;0.132
2025-04-07 16:15:00+00:00;2.684;0.024;0.104
2025-04-07 16:30:00+00:00;2.433;0.017;0.066
2025-04-07 16:45:00+00:00;2.273;0.02;0.023
2025-04-07 17:00:00+00:00;1.256;0.012;0.0
2025-04-07 17:15:00+00:00;0.474;0.01;0.0
2025-04-07 17:30:00+00:00;0.0;0.0;0.0
2025-04-07 17:45:00+00:00;0.0;0.0;0.0
2025-04-07 18:00:00+00:00;0.0;0.0;0.0
2025-04-07 18:15:00+00:00;0.0;0.0;0.0
2025-04-07 18:30:00+00:00;0.0;0.0;0.0
2025-04-07 18:45:00+00:00;0.0;0.0;0.0
2025-04-07 19:00:00+00:00;0.0;0.0;0.0
2025-04-07 19:15:00+00:00;0.0;0.0;0.0
2025-04-07 19:30:00+00:00;0.0;0.0;0.0
2025-04-07 19:45:00+00:00;0.0;0.0;0.0
2025-04-07 20:00:00+00:00;0.0;0.0;0.0
2025-04-07 20:15:00+00:00;0.0;0.0;0.0
2025-04-07 20:30:00+00:00;0.0;0.0;0.0
2025-04-07 20:45:00+00:00;0.0;0.0;0.0
2025-04-07 21:00:00+00:00;0.0;0.0;0.0
2025-04-07 21:15:00+00:00;0.0;0.0;0.0
2025-04-07 21:30:00+00:00;0.0;0.0;0.0
2025-04-07 21:45:00+00:00;0.0;0.0;0.0
2025-04-07 22:00:00+00:00;0.0;0.0;0.0
2025-04-07 22:15:00+00:00;0.0;0.0;0.0
2025-04-07 22:30:00+00:00;0.0;0.0;0.0
2025-04-07 22:45:00+00:00;0.0;0.0;0.0
2025-04-07 23:00:00+00:00;0.0;0.0;0.0
2025-04-07 23:15:00+00:00;0.0;0.0;0.0
2025-04-07 23:30:00+00:00;0.0;0.0;0.0
2025-04-07 23:45:00+00:00;0.0;0.0;0.0
2025-04-08 00:00:00+00:00;0.0;0.0;0.0
2025-04-08 00:15:00+00:00;0.0;0.0;0.0
2025-04-08 00:30:00+00:00;0.0;0.0;0.0
2025-04-08 00:45:00+00:00;0.0;0.0;0.0
2025-04-08 01:00:00+00:00;0.0;0.0;0.0
2025-04-08 01:15:00+00:00;0.0;0.0;0.0
2025-04-08 01:30:00+00:00;0.0;0.0;0.0
2025-04-08 01:45:00+00:00;0.0;0.0;0.0
2025-04-08 02:00:00+00:00;0.0;0.0;0.0
2025-04-08 02:15:00+00:00;0.0;0.0;0.0
2025-04-08 02:30:00+00:00;0.0;0.0;0.0
2025-04-08 02:45:00+00:00;0.0;0.0;0.0
2025-04-08 03:00:00+00:00;0.0;0.0;0.0
2025-04-08 03:15:00+00:00;0.0;0.0;0.0
2025-04-08 03:30:00+00:00;0.0;0.0;0.0
2025-04-08 03:45:00+00:00;0.0;0.0;0.0
2025-04-08 04:00:00+00:00;0.0;0.0;0.0
2025-04-08 04:15:00+00:00;0.0;0.0;0.0
2025-04-08 04:30:00+00:00;0.0;0.0;0.0
2025-04-08 04:45:00+00:00;0.0;0.0;0.0
2025-04-08 05:00:00+00:00;0.0;0.0;0.0
2025-04-08 05:15:00+00:00;0.0;0.0;0.0
2025-04-08 05:30:00+00:00;0.0;0.0;0.0
2025-04-08 05:45:00+00:00;0.0;0.0;0.0
2025-04-08 06:00:00+00:00;0.0;0.0;0.0
2025-04-08 06:15:00+00:00;0.0;0.0;0.0
2025-04-08 06:30:00+00:00;0.0;0.0;0.0
2025-04-08 06:45:00+00:00;0.0;0.0;0.0
2025-04-08 07:00:00+00:00;0.0;0.0;2.584
2025-04-08 07:15:00+00:00;0.289;0.0;2.587
2025-04-08 07:30:00+00:00;0.749;0.0;4.235
2025-04-08 07:45:00+00:00;0.802;0.007;0.635
2025-04-08 08:00:00+00:00;0.802;0.0;1.374
2025-04-08 08:15:00+00:00;0.611;0.0;2.213
2025-04-08 08:30:00+00:00;0.0;0.0;2.012
2025-04-08 08:45:00+00:00;0.0;0.0;1.988
2025-04-08 09:00:00+00:00;0.485;0.0;4.951
2025-04-08 09:15:00+00:00;3.075;0.0;5.405
2025-04-08 09:30:00+00:00;2.227;0.0;0.701
2025-04-08 09:45:00+00:00;3.84;0.0;6.032
2025-04-08 10:00:00+00:00;2.938;0.0;6.65
2025-04-08 10:15:00+00:00;5.083;0.0;6.789
2025-04-08 10:30:00+00:00;5.579;0.0;6.893
2025-04-08 10:45:00+00:00;5.937;0.011;7.044
2025-04-08 11:00:00+00:00;6.132;0.054;7.198
2025-04-08 11:15:00+00:00;6.279;0.027;6.842
2025-04-08 11:30:00+00:00;6.481;0.054;6.573
2025-04-08 11:45:00+00:00;7.011;0.096;6.781
2025-04-08 12:00:00+00:00;4.624;0.057;4.439
2025-04-08 12:15:00+00:00;3.732;0.002;3.514
2025-04-08 12:30:00+00:00;4.099;0.0;3.913
2025-04-08 12:45:00+00:00;4.841;0.0;4.359
2025-04-08 13:00:00+00:00;4.245;0.0;4.023
2025-04-08 13:15:00+00:00;4.52;0.0;4.012
2025-04-08 13:30:00+00:00;6.439;0.242;5.095
2025-04-08 13:45:00+00:00;6.259;0.23;4.719
2025-04-08 14:00:00+00:00;5.071;0.073;3.948
2025-04-08 14:15:00+00:00;4.988;0.0;3.352
2025-04-08 14:30:00+00:00;4.678;0.0;2.802
2025-04-08 14:45:00+00:00;4.776;0.0;2.536
2025-04-08 15:00:00+00:00;4.166;0.0;1.902
2025-04-08 15:15:00+00:00;3.497;0.0;1.179
2025-04-08 15:30:00+00:00;3.415;0.0;0.709
2025-04-08 15:45:00+00:00;1.848;0.0;0.236
2025-04-08 16:00:00+00:00;1.286;0.0;0.07
2025-04-08 16:15:00+00:00;2.176;0.0;0.076
2025-04-08 16:30:00+00:00;0.899;0.0;0.029
2025-04-08 16:45:00+00:00;0.031;0.0;0.001
2025-04-08 17:00:00+00:00;0.0;0.0;0.0
2025-04-08 17:15:00+00:00;0.0;0.0;0.0
2025-04-08 17:30:00+00:00;0.0;0.0;0.0
2025-04-08 17:45:00+00:00;0.0;0.0;0.0
2025-04-08 18:00:00+00:00;0.0;0.0;0.0
2025-04-08 18:15:00+00:00;0.0;0.0;0.0
2025-04-08 18:30:00+00:00;0.0;0.0;0.0
2025-04-08 18:45:00+00:00;0.0;0.0;0.0
2025-04-08 19:00:00+00:00;0.0;0.0;0.0
2025-04-08 19:15:00+00:00;0.0;0.0;0.0
2025-04-08 19:30:00+00:00;0.0;0.0;0.0
2025-04-08 19:45:00+00:00;0.0;0.0;0.0
2025-04-08 20:00:00+00:00;0.0;0.0;0.0
2025-04-08 20:15:00+00:00;0.0;0.0;0.0
2025-04-08 20:30:00+00:00;0.0;0.0;0.0
2025-04-08 20:45:00+00:00;0.0;0.0;0.0
2025-04-08 21:00:00+00:00;0.0;0.0;0.0
2025-04-08 21:15:00+00:00;0.0;0.0;0.0
2025-04-08 21:30:00+00:00;0.0;0.0;0.0
2025-04-08 21:45:00+00:00;0.0;0.0;0.0
2025-04-08 22:00:00+00:00;0.0;0.0;0.0
2025-04-08 22:15:00+00:00;0.0;0.0;0.0
2025-04-08 22:30:00+00:00;0.0;0.0;0.0
2025-04-08 22:45:00+00:00;0.0;0.0;0.0
2025-04-08 23:00:00+00:00;0.0;0.0;0.0
2025-04-08 23:15:00+00:00;0.0;0.0;0.0
2025-04-08 23:30:00+00:00;0.0;0.0;0.0
2025-04-08 23:45:00+00:00;0.0;0.0;0.0
2025-04-09 00:00:00+00:00;0.0;0.0;0.0
2025-04-09 00:15:00+00:00;0.0;0.0;0.0
2025-04-09 00:30:00+00:00;0.0;0.0;0.0
2025-04-09 00:45:00+00:00;0.0;0.0;0.0
2025-04-09 01:00:00+00:00;0.0;0.0;0.0
2025-04-09 01:15:00+00:00;0.0;0.0;0.0
2025-04-09 01:30:00+00:00;0.0;0.0;0.0
2025-04-09 01:45:00+00:00;0.0;0.0;0.0
2025-04-09 02:00:00+00:00;0.0;0.0;0.0
2025-04-09 02:15:00+00:00;0.0;0.0;0.0
2025-04-09 02:30:00+00:00;0.0;0.0;0.0
2025-04-09 02:45:00+00:00;0.0;0.0;0.0
2025-04-09 03:00:00+00:00;0.0;0.0;0.0
2025-04-09 03:15:00+00:00;0.0;0.0;0.0
2025-04-09 03:30:00+00:00;0.0;0.0;0.0
2025-04-09 03:45:00+00:00;0.0;0.0;0.0
2025-04-09 04:00:00+00:00;0.0;0.0;0.0
2025-04-09 04:15:00+00:00;0.0;0.0;0.0
2025-04-09 04:30:00+00:00;0.0;0.0;0.0
2025-04-09 04:45:00+00:00;0.0;0.0;0.0
2025-04-09 05:00:00+00:00;0.0;0.0;0.0
2025-04-09 05:15:00+00:00;0.0;0.0;0.0
2025-04-09 05:30:00+00:00;0.0;0.0;0.0
2025-04-09 05:45:00+00:00;0.0;0.0;0.0
2025-04-09 06:00:00+00:00;0.0;0.0;0.0
2025-04-09 06:15:00+00:00;0.0;0.0;0.0
2025-04-09 06:30:00+00:00;0.0;0.0;0.0
2025-04-09 06:45:00+00:00;0.0;0.0;0.436
2025-04-09 07:00:00+00:00;0.0;0.0;0.0
2025-04-09 07:15:00+00:00;0.75;0.027;1.775
2025-04-09 07:30:00+00:00;1.749;0.072;4.059
2025-04-09 07:45:00+00:00;1.337;0.058;3.589
2025-04-09 08:00:00+00:00;1.937;0.016;4.131
2025-04-09 08:15:00+00:00;2.284;0.039;0.901
2025-04-09 08:30:00+00:00;3.644;0.193;3.471
2025-04-09 08:45:00+00:00;4.693;0.048;6.023
2025-04-09 09:00:00+00:00;5.515;0.019;6.646
2025-04-09 09:15:00+00:00;6.15;0.023;7.047
2025-04-09 09:30:00+00:00;4.492;0.013;5.907
2025-04-09 09:45:00+00:00;5.754;0.014;5.428
2025-04-09 10:00:00+00:00;3.467;0.011;0.89
2025-04-09 10:15:00+00:00;3.797;0.016;4.655
2025-04-09 10:30:00+00:00;5.592;0.015;6.061
2025-04-09 10:45:00+00:00;7.193;0.019;6.172
2025-04-09 11:00:00+00:00;8.409;0.023;6.816
2025-04-09 11:15:00+00:00;6.48;0.019;4.961
2025-04-09 11:30:00+00:00;5.934;0.019;4.551
2025-04-09 11:45:00+00:00;9.723;0.015;6.95
2025-04-09 12:00:00+00:00;9.2;0.023;6.593
2025-04-09 12:15:00+00:00;8.672;0.027;6.469
2025-04-09 12:30:00+00:00;9.055;0.027;6.034
2025-04-09 12:45:00+00:00;9.267;0.023;5.814
2025-04-09 13:00:00+00:00;9.326;0.015;5.575
2025-04-09 13:15:00+00:00;9.214;0.019;5.291
2025-04-09 13:30:00+00:00;8.889;0.023;4.972
2025-04-09 13:45:00+00:00;8.782;0.016;4.694
2025-04-09 14:00:00+00:00;7.432;0.019;3.541
2025-04-09 14:15:00+00:00;7.51;0.017;3.301
2025-04-09 14:30:00+00:00;8.374;0.023;3.391
2025-04-09 14:45:00+00:00;7.881;0.027;2.944
2025-04-09 15:00:00+00:00;7.087;0.019;2.222
2025-04-09 15:15:00+00:00;6.484;0.03;1.594
2025-04-09 15:30:00+00:00;5.603;0.02;0.841
2025-04-09 15:45:00+00:00;5.343;0.024;0.513
2025-04-09 16:00:00+00:00;4.677;0.021;0.27
2025-04-09 16:15:00+00:00;4.119;0.02;0.173
2025-04-09 16:30:00+00:00;2.04;0.012;0.0
2025-04-09 16:45:00+00:00;0.753;0.007;0.0
2025-04-09 17:00:00+00:00;1.537;0.011;0.0
2025-04-09 17:15:00+00:00;0.622;0.01;0.0
2025-04-09 17:30:00+00:00;0.078;0.002;0.0
2025-04-09 17:45:00+00:00;0.0;0.0;0.0
2025-04-09 18:00:00+00:00;0.0;0.0;0.0
2025-04-09 18:15:00+00:00;0.0;0.0;0.0
2025-04-09 18:30:00+00:00;0.0;0.0;0.0
2025-04-09 18:45:00+00:00;0.0;0.0;0.0
2025-04-09 19:00:00+00:00;0.0;0.0;0.0
2025-04-09 19:15:00+00:00;0.0;0.0;0.0
2025-04-09 19:30:00+00:00;0.0;0.0;0.0
2025-04-09 19:45:00+00:00;0.0;0.0;0.0
2025-04-09 20:00:00+00:00;0.0;0.0;0.0
2025-04-09 20:15:00+00:00;0.0;0.0;0.0
2025-04-09 20:30:00+00:00;0.0;0.0;0.0
2025-04-09 20:45:00+00:00;0.0;0.0;0.0
2025-04-09 21:00:00+00:00;0.0;0.0;0.0
2025-04-09 21:15:00+00:00;0.0;0.0;0.0
2025-04-09 21:30:00+00:00;0.0;0.0;0.0
2025-04-09 21:45:00+00:00;0.0;0.0;0.0
2025-04-09 22:00:00+00:00;0.0;0.0;0.0
2025-04-09 22:15:00+00:00;0.0;0.0;0.0
2025-04-09 22:30:00+00:00;0.0;0.0;0.0
2025-04-09 22:45:00+00:00;0.0;0.0;0.0
2025-04-09 23:00:00+00:00;0.0;0.0;0.0
2025-04-09 23:15:00+00:00;0.0;0.0;0.0
2025-04-09 23:30:00+00:00;0.0;0.0;0.0
2025-04-09 23:45:00+00:00;0.0;0.0;0.0
2025-04-10 00:00:00+00:00;0.0;0.0;0.0
2025-04-10 00:15:00+00:00;0.0;0.0;0.0
2025-04-10 00:30:00+00:00;0.0;0.0;0.0
2025-04-10 00:45:00+00:00;0.0;0.0;0.0
2025-04-10 01:00:00+00:00;0.0;0.0;0.0
2025-04-10 01:15:00+00:00;0.0;0.0;0.0
2025-04-10 01:30:00+00:00;0.0;0.0;0.0
2025-04-10 01:45:00+00:00;0.0;0.0;0.0
2025-04-10 02:00:00+00:00;0.0;0.0;0.0
2025-04-10 02:15:00+00:00;0.0;0.0;0.0
2025-04-10 02:30:00+00:00;0.0;0.0;0.0
2025-04-10 02:45:00+00:00;0.0;0.0;0.0
2025-04-10 03:00:00+00:00;0.0;0.0;0.0
2025-04-10 03:15:00+00:00;0.0;0.0;0.0
2025-04-10 03:30:00+00:00;0.0;0.0;0.0
2025-04-10 03:45:00+00:00;0.0;0.0;0.0
2025-04-10 04:00:00+00:00;0.0;0.0;0.0
2025-04-10 04:15:00+00:00;0.0;0.0;0.0
2025-04-10 04:30:00+00:00;0.0;0.0;0.0
2025-04-10 04:45:00+00:00;0.0;0.0;0.0
2025-04-10 05:00:00+00:00;0.0;0.0;0.0
2025-04-10 05:15:00+00:00;0.0;0.0;0.0
2025-04-10 05:30:00+00:00;0.0;0.0;0.0
2025-04-10 05:45:00+00:00;0.0;0.0;0.0
2025-04-10 06:00:00+00:00;0.0;0.0;0.0
2025-04-10 06:15:00+00:00;0.0;0.0;0.0
2025-04-10 06:30:00+00:00;0.0;0.0;0.0
2025-04-10 06:45:00+00:00;0.0;0.0;0.0
2025-04-10 07:00:00+00:00;0.0;0.0;0.0
2025-04-10 07:15:00+00:00;0.0;0.0;0.0
2025-04-10 07:30:00+00:00;0.0;0.0;0.0
2025-04-10 07:45:00+00:00;0.806;0.177;1.273
2025-04-10 08:00:00+00:00;1.165;0.108;1.459
2025-04-10 08:15:00+00:00;0.0;0.0;0.0
2025-04-10 08:30:00+00:00;0.74;0.104;0.0
2025-04-10 08:45:00+00:00;1.768;0.215;0.481
2025-04-10 09:00:00+00:00;2.348;0.08;0.796
2025-04-10 09:15:00+00:00;2.267;0.014;0.927
2025-04-10 09:30:00+00:00;0.902;0.01;0.0
2025-04-10 09:45:00+00:00;4.009;0.022;3.385
2025-04-10 10:00:00+00:00;6.289;0.023;7.184
2025-04-10 10:15:00+00:00;6.419;0.019;7.274
2025-04-10 10:30:00+00:00;6.318;0.015;7.371
2025-04-10 10:45:00+00:00;5.782;0.022;6.736
2025-04-10 11:00:00+00:00;5.275;0.012;5.753
2025-04-10 11:15:00+00:00;6.187;0.015;6.59
2025-04-10 11:30:00+00:00;6.704;0.023;6.085
2025-04-10 11:45:00+00:00;5.937;0.013;1.37
2025-04-10 12:00:00+00:00;7.112;0.023;6.529
2025-04-10 12:15:00+00:00;7.152;0.023;6.345
2025-04-10 12:30:00+00:00;6.337;0.022;5.773
2025-04-10 12:45:00+00:00;6.458;0.026;5.628
2025-04-10 13:00:00+00:00;6.792;0.034;5.478
2025-04-10 13:15:00+00:00;6.838;0.027;5.303
2025-04-10 13:30:00+00:00;6.962;0.027;5.059
2025-04-10 13:45:00+00:00;6.686;0.019;4.675
2025-04-10 14:00:00+00:00;6.017;0.022;4.041
2025-04-10 14:15:00+00:00;5.0;0.019;3.049
2025-04-10 14:30:00+00:00;5.734;0.028;3.11
2025-04-10 14:45:00+00:00;4.57;0.021;2.181
2025-04-10 15:00:00+00:00;3.286;0.017;1.337
2025-04-10 15:15:00+00:00;3.975;0.018;1.311
2025-04-10 15:30:00+00:00;4.09;0.021;0.877
2025-04-10 15:45:00+00:00;3.351;0.021;0.524
2025-04-10 16:00:00+00:00;3.222;0.017;0.269
2025-04-10 16:15:00+00:00;1.781;0.015;0.0
2025-04-10 16:30:00+00:00;0.424;0.004;0.0
2025-04-10 16:45:00+00:00;0.0;0.0;0.0
2025-04-10 17:00:00+00:00;0.0;0.0;0.0
2025-04-10 17:15:00+00:00;0.583;0.013;0.0
2025-04-10 17:30:00+00:00;0.0;0.0;0.0
2025-04-10 17:45:00+00:00;0.0;0.0;0.0
2025-04-10 18:00:00+00:00;0.0;0.0;0.0
2025-04-10 18:15:00+00:00;0.0;0.0;0.0
2025-04-10 18:30:00+00:00;0.0;0.0;0.0
2025-04-10 18:45:00+00:00;0.0;0.0;0.0
2025-04-10 19:00:00+00:00;0.0;0.0;0.0
2025-04-10 19:15:00+00:00;0.0;0.0;0.0
2025-04-10 19:30:00+00:00;0.0;0.0;0.0
2025-04-10 19:45:00+00:00;0.0;0.0;0.0
2025-04-10 20:00:00+00:00;0.0;0.0;0.0
2025-04-10 20:15:00+00:00;0.0;0.0;0.0
2025-04-10 20:30:00+00:00;0.0;0.0;0.0
2025-04-10 20:45:00+00:00;0.0;0.0;0.0
2025-04-10 21:00:00+00:00;0.0;0.0;0.0
2025-04-10 21:15:00+00:00;0.0;0.0;0.0
2025-04-10 21:30:00+00:00;0.0;0.0;0.0
2025-04-10 21:45:00+00:00;0.0;0.0;0.0
2025-04-10 22:00:00+00:00;0.0;0.0;0.0
2025-04-10 22:15:00+00:00;0.0;0.0;0.0
2025-04-10 22:30:00+00:00;0.0;0.0;0.0
2025-04-10 22:45:00+00:00;0.0;0.0;0.0
2025-04-10 23:00:00+00:00;0.0;0.0;0.0
2025-04-10 23:15:00+00:00;0.0;0.0;0.0
2025-04-10 23:30:00+00:00;0.0;0.0;0.0
2025-04-10 23:45:00+00:00;0.0;0.0;0.0
2025-04-11 00:00:00+00:00;0.0;0.0;0.0
2025-04-11 00:15:00+00:00;0.0;0.0;0.0
2025-04-11 00:30:00+00:00;0.0;0.0;0.0
2025-04-11 00:45:00+00:00;0.0;0.0;0.0
2025-04-11 01:00:00+00:00;0.0;0.0;0.0
2025-04-11 01:15:00+00:00;0.0;0.0;0.0
2025-04-11 01:30:00+00:00;0.0;0.0;0.0
2025-04-11 01:45:00+00:00;0.0;0.0;0.0
2025-04-11 02:00:00+00:00;0.0;0.0;0.0
2025-04-11 02:15:00+00:00;0.0;0.0;0.0
2025-04-11 02:30:00+00:00;0.0;0.0;0.0
2025-04-11 02:45:00+00:00;0.0;0.0;0.0
2025-04-11 03:00:00+00:00;0.0;0.0;0.0
2025-04-11 03:15:00+00:00;0.0;0.0;0.0
2025-04-11 03:30:00+00:00;0.0;0.0;0.0
2025-04-11 03:45:00+00:00;0.0;0.0;0.0
2025-04-11 04:00:00+00:00;0.0;0.0;0.0
2025-04-11 04:15:00+00:00;0.0;0.0;0.0
2025-04-11 04:30:00+00:00;0.0;0.0;0.0
2025-04-11 04:45:00+00:00;0.0;0.0;0.0
2025-04-11 05:00:00+00:00;0.0;0.0;0.0
2025-04-11 05:15:00+00:00;0.0;0.0;0.0
2025-04-11 05:30:00+00:00;0.0;0.0;0.0
2025-04-11 05:45:00+00:00;0.0;0.0;0.0
2025-04-11 06:00:00+00:00;0.0;0.0;0.112
2025-04-11 06:15:00+00:00;0.0;0.0;0.584
2025-04-11 06:30:00+00:00;0.0;0.0;0.0
2025-04-11 06:45:00+00:00;0.005;0.0;0.139
2025-04-11 07:00:00+00:00;0.198;0.0;2.61
2025-04-11 07:15:00+00:00;0.657;0.0;4.059
2025-04-11 07:30:00+00:00;0.927;0.041;4.6
2025-04-11 07:45:00+00:00;0.964;0.036;1.544
2025-04-11 08:00:00+00:00;0.201;0.0;0.171
2025-04-11 08:15:00+00:00;2.229;0.161;5.578
2025-04-11 08:30:00+00:00;2.225;0.132;4.531
2025-04-11 08:45:00+00:00;2.248;0.201;5.171
2025-04-11 09:00:00+00:00;0.0;0.249;6.195
2025-04-11 09:15:00+00:00;1.795;0.215;4.334
2025-04-11 09:30:00+00:00;3.795;0.183;2.87
2025-04-11 09:45:00+00:00;4.416;0.023;6.901
2025-04-11 10:00:00+00:00;4.135;0.023;6.71
2025-04-11 10:15:00+00:00;5.123;0.015;7.078
2025-04-11 10:30:00+00:00;3.872;0.019;7.113
2025-04-11 10:45:00+00:00;4.238;0.019;6.747
2025-04-11 11:00:00+00:00;5.967;0.019;6.942
2025-04-11 11:15:00+00:00;5.833;0.023;6.856
2025-04-11 11:30:00+00:00;5.589;0.019;6.708
2025-04-11 11:45:00+00:00;6.303;0.023;6.586
2025-04-11 12:00:00+00:00;6.603;0.019;6.366
2025-04-11 12:15:00+00:00;6.586;0.019;6.307
2025-04-11 12:30:00+00:00;5.742;0.02;5.226
2025-04-11 12:45:00+00:00;4.343;0.016;4.757
2025-04-11 13:00:00+00:00;4.227;0.019;5.458
2025-04-11 13:15:00+00:00;5.199;0.019;5.13
2025-04-11 13:30:00+00:00;6.098;0.026;4.804
2025-04-11 13:45:00+00:00;6.407;0.015;4.534
2025-04-11 14:00:00+00:00;6.001;0.189;4.062
2025-04-11 14:15:00+00:00;5.932;1.329;3.719
2025-04-11 14:30:00+00:00;5.755;1.338;3.339
2025-04-11 14:45:00+00:00;5.064;1.056;2.672
2025-04-11 15:00:00+00:00;5.211;0.915;2.158
2025-04-11 15:15:00+00:00;4.699;0.743;1.546
2025-04-11 15:30:00+00:00;4.381;0.663;0.936
2025-04-11 15:45:00+00:00;4.126;0.519;0.583
2025-04-11 16:00:00+00:00;3.846;0.525;0.333
2025-04-11 16:15:00+00:00;2.726;0.312;0.17
2025-04-11 16:30:00+00:00;2.653;0.059;0.14
2025-04-11 16:45:00+00:00;1.88;0.018;0.074
2025-04-11 17:00:00+00:00;1.488;0.02;0.0
2025-04-11 17:15:00+00:00;0.994;0.014;0.0
2025-04-11 17:30:00+00:00;0.0;0.0;0.0
2025-04-11 17:45:00+00:00;0.0;0.0;0.0
2025-04-11 18:00:00+00:00;0.0;0.0;0.0
2025-04-11 18:15:00+00:00;0.0;0.0;0.0
2025-04-11 18:30:00+00:00;0.0;0.0;0.0
2025-04-11 18:45:00+00:00;0.0;0.0;0.0
2025-04-11 19:00:00+00:00;0.0;0.0;0.0
2025-04-11 19:15:00+00:00;0.0;0.0;0.0
2025-04-11 19:30:00+00:00;0.0;0.0;0.0
2025-04-11 19:45:00+00:00;0.0;0.0;0.0
2025-04-11 20:00:00+00:00;0.0;0.0;0.0
2025-04-11 20:15:00+00:00;0.0;0.0;0.0
2025-04-11 20:30:00+00:00;0.0;0.0;0.0
2025-04-11 20:45:00+00:00;0.0;0.0;0.0
2025-04-11 21:00:00+00:00;0.0;0.0;0.0
2025-04-11 21:15:00+00:00;0.0;0.0;0.0
2025-04-11 21:30:00+00:00;0.0;0.0;0.0
2025-04-11 21:45:00+00:00;0.0;0.0;0.0
2025-04-11 22:00:00+00:00;0.0;0.0;0.0
2025-04-11 22:15:00+00:00;0.0;0.0;0.0
2025-04-11 22:30:00+00:00;0.0;0.0;0.0
2025-04-11 22:45:00+00:00;0.0;0.0;0.0
2025-04-11 23:00:00+00:00;0.0;0.0;0.0
2025-04-11 23:15:00+00:00;0.0;0.0;0.0
2025-04-11 23:30:00+00:00;0.0;0.0;0.0
2025-04-11 23:45:00+00:00;0.0;0.0;0.0
2025-04-12 00:00:00+00:00;0.0;0.0;0.0
2025-04-12 00:15:00+00:00;0.0;0.0;0.0
2025-04-12 00:30:00+00:00;0.0;0.0;0.0
2025-04-12 00:45:00+00:00;0.0;0.0;0.0
2025-04-12 01:00:00+00:00;0.0;0.0;0.0
2025-04-12 01:15:00+00:00;0.0;0.0;0.0
2025-04-12 01:30:00+00:00;0.0;0.0;0.0
2025-04-12 01:45:00+00:00;0.0;0.0;0.0
2025-04-12 02:00:00+00:00;0.0;0.0;0.0
2025-04-12 02:15:00+00:00;0.0;0.0;0.0
2025-04-12 02:30:00+00:00;0.0;0.0;0.0
2025-04-12 02:45:00+00:00;0.0;0.0;0.0
2025-04-12 03:00:00+00:00;0.0;0.0;0.0
2025-04-12 03:15:00+00:00;0.0;0.0;0.0
2025-04-12 03:30:00+00:00;0.0;0.0;0.0
2025-04-12 03:45:00+00:00;0.0;0.0;0.0
2025-04-12 04:00:00+00:00;0.0;0.0;0.0
2025-04-12 04:15:00+00:00;0.0;0.0;0.0
2025-04-12 04:30:00+00:00;0.0;0.0;0.0
2025-04-12 04:45:00+00:00;0.0;0.0;0.0
2025-04-12 05:00:00+00:00;0.0;0.0;0.0
2025-04-12 05:15:00+00:00;0.0;0.0;0.0
2025-04-12 05:30:00+00:00;0.0;0.0;0.0
2025-04-12 05:45:00+00:00;0.0;0.0;0.0
2025-04-12 06:00:00+00:00;0.0;0.0;0.0
2025-04-12 06:15:00+00:00;0.0;0.0;0.0
2025-04-12 06:30:00+00:00;0.0;0.0;0.0
2025-04-12 06:45:00+00:00;0.0;0.0;0.0
2025-04-12 07:00:00+00:00;0.0;0.0;0.0
2025-04-12 07:15:00+00:00;0.0;0.0;0.0
2025-04-12 07:30:00+00:00;0.0;0.0;0.0
2025-04-12 07:45:00+00:00;0.0;0.0;0.0
2025-04-12 08:00:00+00:00;0.685;0.116;0.471
2025-04-12 08:15:00+00:00;1.683;0.199;0.81
2025-04-12 08:30:00+00:00;1.869;0.106;0.989
2025-04-12 08:45:00+00:00;1.924;0.16;0.0
2025-04-12 09:00:00+00:00;1.198;0.082;0.0
2025-04-12 09:15:00+00:00;2.144;0.113;1.319
2025-04-12 09:30:00+00:00;1.868;0.039;1.145
2025-04-12 09:45:00+00:00;4.663;0.018;2.195
2025-04-12 10:00:00+00:00;4.688;0.003;6.097
2025-04-12 10:15:00+00:00;3.217;0.0;4.127
2025-04-12 10:30:00+00:00;1.704;0.0;1.776
2025-04-12 10:45:00+00:00;0.0;0.0;0.0
2025-04-12 11:00:00+00:00;0.0;0.0;0.0
2025-04-12 11:15:00+00:00;0.793;0.003;0.256
2025-04-12 11:30:00+00:00;1.485;0.0;0.463
2025-04-12 11:45:00+00:00;1.442;0.0;0.406
2025-04-12 12:00:00+00:00;1.297;0.0;0.347
2025-04-12 12:15:00+00:00;1.102;0.0;0.246
2025-04-12 12:30:00+00:00;0.691;0.0;0.137
2025-04-12 12:45:00+00:00;0.132;0.0;0.02
2025-04-12 13:00:00+00:00;0.0;0.0;0.0
2025-04-12 13:15:00+00:00;0.0;0.0;0.0
2025-04-12 13:30:00+00:00;0.0;0.0;0.0
2025-04-12 13:45:00+00:00;0.0;0.0;0.0
2025-04-12 14:00:00+00:00;0.0;0.0;0.0
2025-04-12 14:15:00+00:00;0.0;0.0;0.0
2025-04-12 14:30:00+00:00;4.315;0.101;0.0
2025-04-12 14:45:00+00:00;2.741;0.019;0.0
2025-04-12 15:00:00+00:00;1.172;0.012;0.0
2025-04-12 15:15:00+00:00;0.0;0.0;0.0
2025-04-12 15:30:00+00:00;0.0;0.0;0.0
2025-04-12 15:45:00+00:00;0.0;0.0;0.0
2025-04-12 16:00:00+00:00;0.0;0.0;0.0
2025-04-12 16:15:00+00:00;0.0;0.0;0.0
2025-04-12 16:30:00+00:00;0.0;0.0;0.0
2025-04-12 16:45:00+00:00;0.0;0.0;0.0
2025-04-12 17:00:00+00:00;0.0;0.0;0.0
2025-04-12 17:15:00+00:00;0.0;0.0;0.0
2025-04-12 17:30:00+00:00;0.0;0.0;0.0
2025-04-12 17:45:00+00:00;0.0;0.0;0.0
2025-04-12 18:00:00+00:00;0.0;0.0;0.0
2025-04-12 18:15:00+00:00;0.0;0.0;0.0
2025-04-12 18:30:00+00:00;0.0;0.0;0.0
2025-04-12 18:45:00+00:00;0.0;0.0;0.0
2025-04-12 19:00:00+00:00;0.0;0.0;0.0
2025-04-12 19:15:00+00:00;0.0;0.0;0.0
2025-04-12 19:30:00+00:00;0.0;0.0;0.0
2025-04-12 19:45:00+00:00;0.0;0.0;0.0
2025-04-12 20:00:00+00:00;0.0;0.0;0.0
2025-04-12 20:15:00+00:00;0.0;0.0;0.0
2025-04-12 20:30:00+00:00;0.0;0.0;0.0
2025-04-12 20:45:00+00:00;0.0;0.0;0.0
2025-04-12 21:00:00+00:00;0.0;0.0;0.0
2025-04-12 21:15:00+00:00;0.0;0.0;0.0
2025-04-12 21:30:00+00:00;0.0;0.0;0.0
2025-04-12 21:45:00+00:00;0.0;0.0;0.0
2025-04-12 22:00:00+00:00;0.0;0.0;0.0
2025-04-12 22:15:00+00:00;0.0;0.0;0.0
2025-04-12 22:30:00+00:00;0.0;0.0;0.0
2025-04-12 22:45:00+00:00;0.0;0.0;0.0
2025-04-12 23:00:00+00:00;0.0;0.0;0.0
2025-04-12 23:15:00+00:00;0.0;0.0;0.0
2025-04-12 23:30:00+00:00;0.0;0.0;0.0
2025-04-12 23:45:00+00:00;0.0;0.0;0.0
2025-04-13 00:00:00+00:00;0.0;0.0;0.0
2025-04-13 00:15:00+00:00;0.0;0.0;0.0
2025-04-13 00:30:00+00:00;0.0;0.0;0.0
2025-04-13 00:45:00+00:00;0.0;0.0;0.0
2025-04-13 01:00:00+00:00;0.0;0.0;0.0
2025-04-13 01:15:00+00:00;0.0;0.0;0.0
2025-04-13 01:30:00+00:00;0.0;0.0;0.0
2025-04-13 01:45:00+00:00;0.0;0.0;0.0
2025-04-13 02:00:00+00:00;0.0;0.0;0.0
2025-04-13 02:15:00+00:00;0.0;0.0;0.0
2025-04-13 02:30:00+00:00;0.0;0.0;0.0
2025-04-13 02:45:00+00:00;0.0;0.0;0.0
2025-04-13 03:00:00+00:00;0.0;0.0;0.0
2025-04-13 03:15:00+00:00;0.0;0.0;0.0
2025-04-13 03:30:00+00:00;0.0;0.0;0.0
2025-04-13 03:45:00+00:00;0.0;0.0;0.0
2025-04-13 04:00:00+00:00;0.0;0.0;0.0
2025-04-13 04:15:00+00:00;0.0;0.0;0.0
2025-04-13 04:30:00+00:00;0.0;0.0;0.0
2025-04-13 04:45:00+00:00;0.0;0.0;0.0
2025-04-13 05:00:00+00:00;0.0;0.0;0.0
2025-04-13 05:15:00+00:00;0.0;0.0;0.0
2025-04-13 05:30:00+00:00;0.0;0.0;0.0
2025-04-13 05:45:00+00:00;0.0;0.0;0.0
2025-04-13 06:00:00+00:00;0.0;0.0;0.0
2025-04-13 06:15:00+00:00;0.0;0.0;0.0
2025-04-13 06:30:00+00:00;0.0;0.0;0.0
2025-04-13 06:45:00+00:00;0.0;0.0;0.0
2025-04-13 07:00:00+00:00;0.0;0.0;0.0
2025-04-13 07:15:00+00:00;0.33;0.002;0.436
2025-04-13 07:30:00+00:00;0.208;0.002;0.29
2025-04-13 07:45:00+00:00;0.0;0.0;0.0
2025-04-13 08:00:00+00:00;0.0;0.0;0.0
2025-04-13 08:15:00+00:00;0.0;0.0;0.0
2025-04-13 08:30:00+00:00;0.0;0.0;0.0
2025-04-13 08:45:00+00:00;0.0;0.0;0.0
2025-04-13 09:00:00+00:00;0.0;0.0;0.0
2025-04-13 09:15:00+00:00;0.0;0.0;0.0
2025-04-13 09:30:00+00:00;0.0;0.0;0.0
2025-04-13 09:45:00+00:00;0.0;0.0;0.0
2025-04-13 10:00:00+00:00;0.0;0.0;0.0
2025-04-13 10:15:00+00:00;0.0;0.0;0.0
2025-04-13 10:30:00+00:00;0.0;0.0;0.0
2025-04-13 10:45:00+00:00;0.0;0.0;0.0
2025-04-13 11:00:00+00:00;0.0;0.0;0.0
2025-04-13 11:15:00+00:00;0.0;0.0;0.0
2025-04-13 11:30:00+00:00;0.0;0.0;0.0
2025-04-13 11:45:00+00:00;0.88;0.028;0.976
2025-04-13 12:00:00+00:00;0.26;0.008;0.396
2025-04-13 12:15:00+00:00;0.0;0.0;0.0
2025-04-13 12:30:00+00:00;0.0;0.0;0.0
2025-04-13 12:45:00+00:00;0.052;0.004;0.0
2025-04-13 13:00:00+00:00;0.0;0.0;0.0
2025-04-13 13:15:00+00:00;0.0;0.0;0.0
2025-04-13 13:30:00+00:00;0.0;0.0;0.0
2025-04-13 13:45:00+00:00;1.695;0.162;1.327
2025-04-13 14:00:00+00:00;3.835;0.038;2.999
2025-04-13 14:15:00+00:00;3.657;0.019;2.696
2025-04-13 14:30:00+00:00;0.0;0.0;0.0
2025-04-13 14:45:00+00:00;2.643;0.025;0.0
2025-04-13 15:00:00+00:00;3.262;0.037;1.949
2025-04-13 15:15:00+00:00;1.794;0.03;1.216
2025-04-13 15:30:00+00:00;1.428;0.024;0.788
2025-04-13 15:45:00+00:00;0.0;0.0;0.0
2025-04-13 16:00:00+00:00;0.0;0.0;0.0
2025-04-13 16:15:00+00:00;0.0;0.0;0.0
2025-04-13 16:30:00+00:00;0.0;0.0;0.0
2025-04-13 16:45:00+00:00;0.0;0.0;0.0
2025-04-13 17:00:00+00:00;0.0;0.0;0.0
2025-04-13 17:15:00+00:00;0.0;0.0;0.0
2025-04-13 17:30:00+00:00;0.0;0.0;0.0
2025-04-13 17:45:00+00:00;0.0;0.0;0.0
2025-04-13 18:00:00+00:00;0.0;0.0;0.0
2025-04-13 18:15:00+00:00;0.0;0.0;0.0
2025-04-13 18:30:00+00:00;0.0;0.0;0.0
2025-04-13 18:45:00+00:00;0.0;0.0;0.0
2025-04-13 19:00:00+00:00;0.0;0.0;0.0
2025-04-13 19:15:00+00:00;0.0;0.0;0.0
2025-04-13 19:30:00+00:00;0.0;0.0;0.0
2025-04-13 19:45:00+00:00;0.0;0.0;0.0
2025-04-13 20:00:00+00:00;0.0;0.0;0.0
2025-04-13 20:15:00+00:00;0.0;0.0;0.0
2025-04-13 20:30:00+00:00;0.0;0.0;0.0
2025-04-13 20:45:00+00:00;0.0;0.0;0.0
2025-04-13 21:00:00+00:00;0.0;0.0;0.0
2025-04-13 21:15:00+00:00;0.0;0.0;0.0
2025-04-13 21:30:00+00:00;0.0;0.0;0.0
2025-04-13 21:45:00+00:00;0.0;0.0;0.0
2025-04-13 22:00:00+00:00;0.0;0.0;0.0
2025-04-13 22:15:00+00:00;0.0;0.0;0.0
2025-04-13 22:30:00+00:00;0.0;0.0;0.0
2025-04-13 22:45:00+00:00;0.0;0.0;0.0
2025-04-13 23:00:00+00:00;0.0;0.0;0.0
2025-04-13 23:15:00+00:00;0.0;0.0;0.0
2025-04-13 23:30:00+00:00;0.0;0.0;0.0
2025-04-13 23:45:00+00:00;0.0;0.0;0.0
2025-04-14 00:00:00+00:00;0.0;0.0;0.0
2025-04-14 00:15:00+00:00;0.0;0.0;0.0
2025-04-14 00:30:00+00:00;0.0;0.0;0.0
2025-04-14 00:45:00+00:00;0.0;0.0;0.0
2025-04-14 01:00:00+00:00;0.0;0.0;0.0
2025-04-14 01:15:00+00:00;0.0;0.0;0.0
2025-04-14 01:30:00+00:00;0.0;0.0;0.0
2025-04-14 01:45:00+00:00;0.0;0.0;0.0
2025-04-14 02:00:00+00:00;0.0;0.0;0.0
2025-04-14 02:15:00+00:00;0.0;0.0;0.0
2025-04-14 02:30:00+00:00;0.0;0.0;0.0
2025-04-14 02:45:00+00:00;0.0;0.0;0.0
2025-04-14 03:00:00+00:00;0.0;0.0;0.0
2025-04-14 03:15:00+00:00;0.0;0.0;0.0
2025-04-14 03:30:00+00:00;0.0;0.0;0.0
2025-04-14 03:45:00+00:00;0.0;0.0;0.0
2025-04-14 04:00:00+00:00;0.0;0.0;0.0
2025-04-14 04:15:00+00:00;0.0;0.0;0.0
2025-04-14 04:30:00+00:00;0.0;0.0;0.0
2025-04-14 04:45:00+00:00;0.0;0.0;0.0
2025-04-14 05:00:00+00:00;0.0;0.0;0.0
2025-04-14 05:15:00+00:00;0.0;0.0;0.0
2025-04-14 05:30:00+00:00;0.0;0.0;0.0
2025-04-14 05:45:00+00:00;0.0;0.0;0.0
2025-04-14 06:00:00+00:00;0.0;0.0;0.0
2025-04-14 06:15:00+00:00;0.0;0.0;0.0
2025-04-14 06:30:00+00:00;0.0;0.0;0.0
2025-04-14 06:45:00+00:00;0.133;0.0;0.723
2025-04-14 07:00:00+00:00;0.447;0.006;0.835
2025-04-14 07:15:00+00:00;0.662;0.087;0.099
2025-04-14 07:30:00+00:00;0.0;0.0;0.0
2025-04-14 07:45:00+00:00;0.0;0.014;0.598
2025-04-14 08:00:00+00:00;1.022;0.132;4.826
2025-04-14 08:15:00+00:00;0.0;0.0;0.0
2025-04-14 08:30:00+00:00;1.663;0.0;3.185
2025-04-14 08:45:00+00:00;2.475;0.008;4.129
2025-04-14 09:00:00+00:00;3.805;0.041;0.87
2025-04-14 09:15:00+00:00;3.454;0.039;4.787
2025-04-14 09:30:00+00:00;2.553;0.038;5.549
2025-04-14 09:45:00+00:00;4.226;0.141;4.009
2025-04-14 10:00:00+00:00;2.329;0.037;2.398
2025-04-14 10:15:00+00:00;3.526;0.041;3.949
2025-04-14 10:30:00+00:00;5.621;0.094;4.877
2025-04-14 10:45:00+00:00;5.454;0.038;5.172
2025-04-14 11:00:00+00:00;3.647;0.022;3.803
2025-04-14 11:15:00+00:00;3.004;0.047;3.421
2025-04-14 11:30:00+00:00;1.422;0.008;1.502
2025-04-14 11:45:00+00:00;1.608;0.03;1.45
2025-04-14 12:00:00+00:00;2.981;0.022;2.697
2025-04-14 12:15:00+00:00;3.95;0.129;3.929
2025-04-14 12:30:00+00:00;6.031;0.015;5.954
2025-04-14 12:45:00+00:00;3.377;0.008;3.163
2025-04-14 13:00:00+00:00;6.181;0.021;4.994
2025-04-14 13:15:00+00:00;4.573;0.013;3.682
2025-04-14 13:30:00+00:00;3.529;0.026;2.969
2025-04-14 13:45:00+00:00;7.054;0.2;4.93
2025-04-14 14:00:00+00:00;6.412;0.084;4.412
2025-04-14 14:15:00+00:00;4.109;0.023;2.976
2025-04-14 14:30:00+00:00;5.38;0.023;3.045
2025-04-14 14:45:00+00:00;5.862;0.019;3.039
2025-04-14 15:00:00+00:00;3.909;0.025;1.758
2025-04-14 15:15:00+00:00;4.338;0.019;1.667
2025-04-14 15:30:00+00:00;4.276;0.017;1.255
2025-04-14 15:45:00+00:00;2.671;0.012;0.545
2025-04-14 16:00:00+00:00;2.326;0.013;0.253
2025-04-14 16:15:00+00:00;3.096;0.02;0.208
2025-04-14 16:30:00+00:00;2.816;0.028;0.144
2025-04-14 16:45:00+00:00;1.95;0.022;0.0
2025-04-14 17:00:00+00:00;0.783;0.009;0.0
2025-04-14 17:15:00+00:00;0.0;0.0;0.0
2025-04-14 17:30:00+00:00;0.0;0.0;0.0
2025-04-14 17:45:00+00:00;0.0;0.0;0.0
2025-04-14 18:00:00+00:00;0.0;0.0;0.0
2025-04-14 18:15:00+00:00;0.0;0.0;0.0
2025-04-14 18:30:00+00:00;0.0;0.0;0.0
2025-04-14 18:45:00+00:00;0.0;0.0;0.0
2025-04-14 19:00:00+00:00;0.0;0.0;0.0
2025-04-14 19:15:00+00:00;0.0;0.0;0.0
2025-04-14 19:30:00+00:00;0.0;0.0;0.0
2025-04-14 19:45:00+00:00;0.0;0.0;0.0
2025-04-14 20:00:00+00:00;0.0;0.0;0.0
2025-04-14 20:15:00+00:00;0.0;0.0;0.0
2025-04-14 20:30:00+00:00;0.0;0.0;0.0
2025-04-14 20:45:00+00:00;0.0;0.0;0.0
2025-04-14 21:00:00+00:00;0.0;0.0;0.0
2025-04-14 21:15:00+00:00;0.0;0.0;0.0
2025-04-14 21:30:00+00:00;0.0;0.0;0.0
2025-04-14 21:45:00+00:00;0.0;0.0;0.0
2025-04-14 22:00:00+00:00;0.0;0.0;0.0
2025-04-14 22:15:00+00:00;0.0;0.0;0.0
2025-04-14 22:30:00+00:00;0.0;0.0;0.0
2025-04-14 22:45:00+00:00;0.0;0.0;0.0
2025-04-14 23:00:00+00:00;0.0;0.0;0.0
2025-04-14 23:15:00+00:00;0.0;0.0;0.0
2025-04-14 23:30:00+00:00;0.0;0.0;0.0
2025-04-14 23:45:00+00:00;0.0;0.0;0.0
2025-04-15 00:00:00+00:00;0.0;0.0;0.0
2025-04-15 00:15:00+00:00;0.0;0.0;0.0
2025-04-15 00:30:00+00:00;0.0;0.0;0.0
2025-04-15 00:45:00+00:00;0.0;0.0;0.0
2025-04-15 01:00:00+00:00;0.0;0.0;0.0
2025-04-15 01:15:00+00:00;0.0;0.0;0.0
2025-04-15 01:30:00+00:00;0.0;0.0;0.0
2025-04-15 01:45:00+00:00;0.0;0.0;0.0
2025-04-15 02:00:00+00:00;0.0;0.0;0.0
2025-04-15 02:15:00+00:00;0.0;0.0;0.0
2025-04-15 02:30:00+00:00;0.0;0.0;0.0
2025-04-15 02:45:00+00:00;0.0;0.0;0.0
2025-04-15 03:00:00+00:00;0.0;0.0;0.0
2025-04-15 03:15:00+00:00;0.0;0.0;0.0
2025-04-15 03:30:00+00:00;0.0;0.0;0.0
2025-04-15 03:45:00+00:00;0.0;0.0;0.0
2025-04-15 04:00:00+00:00;0.0;0.0;0.0
2025-04-15 04:15:00+00:00;0.0;0.0;0.0
2025-04-15 04:30:00+00:00;0.0;0.0;0.0
2025-04-15 04:45:00+00:00;0.0;0.0;0.0
2025-04-15 05:00:00+00:00;0.0;0.0;0.0
2025-04-15 05:15:00+00:00;0.0;0.0;0.0
2025-04-15 05:30:00+00:00;0.0;0.0;0.0
2025-04-15 05:45:00+00:00;0.0;0.0;0.0
2025-04-15 06:00:00+00:00;0.0;0.0;0.0
2025-04-15 06:15:00+00:00;0.0;0.0;0.0
2025-04-15 06:30:00+00:00;0.0;0.0;0.0
2025-04-15 06:45:00+00:00;0.0;0.0;0.0
2025-04-15 07:00:00+00:00;0.211;0.037;0.492
2025-04-15 07:15:00+00:00;1.045;0.202;1.585
2025-04-15 07:30:00+00:00;0.836;0.094;1.45
2025-04-15 07:45:00+00:00;1.17;0.222;0.572
2025-04-15 08:00:00+00:00;0.301;0.047;0.0
2025-04-15 08:15:00+00:00;0.0;0.0;0.0
2025-04-15 08:30:00+00:00;0.0;0.0;0.0
2025-04-15 08:45:00+00:00;0.0;0.0;0.0
2025-04-15 09:00:00+00:00;0.0;0.0;0.0
2025-04-15 09:15:00+00:00;3.085;0.045;3.67
2025-04-15 09:30:00+00:00;2.524;0.019;4.233
2025-04-15 09:45:00+00:00;2.415;0.022;1.647
2025-04-15 10:00:00+00:00;0.0;0.0;0.0
2025-04-15 10:15:00+00:00;1.791;0.016;0.737
2025-04-15 10:30:00+00:00;1.894;0.024;2.174
2025-04-15 10:45:00+00:00;2.195;0.025;1.956
2025-04-15 11:00:00+00:00;0.395;0.005;0.0
2025-04-15 11:15:00+00:00;0.0;0.0;0.0
2025-04-15 11:30:00+00:00;1.142;0.013;1.413
2025-04-15 11:45:00+00:00;0.136;0.014;0.726
2025-04-15 12:00:00+00:00;0.0;0.0;0.0
2025-04-15 12:15:00+00:00;0.0;0.0;0.0
2025-04-15 12:30:00+00:00;0.322;0.016;0.714
2025-04-15 12:45:00+00:00;0.0;0.0;0.0
2025-04-15 13:00:00+00:00;0.0;0.0;0.0
2025-04-15 13:15:00+00:00;0.0;0.0;0.0
2025-04-15 13:30:00+00:00;0.0;0.0;0.0
2025-04-15 13:45:00+00:00;0.0;0.016;0.748
2025-04-15 14:00:00+00:00;0.0;0.013;0.927
2025-04-15 14:15:00+00:00;0.0;0.0;0.0
2025-04-15 14:30:00+00:00;1.332;0.008;0.0
2025-04-15 14:45:00+00:00;4.782;0.023;2.599
2025-04-15 15:00:00+00:00;2.106;0.017;1.305
2025-04-15 15:15:00+00:00;0.279;0.015;0.714
2025-04-15 15:30:00+00:00;0.0;0.0;0.0
2025-04-15 15:45:00+00:00;0.0;0.0;0.0
2025-04-15 16:00:00+00:00;2.008;0.013;0.215
2025-04-15 16:15:00+00:00;5.367;0.022;0.407
2025-04-15 16:30:00+00:00;3.282;0.018;0.0
2025-04-15 16:45:00+00:00;0.0;0.0;0.0
2025-04-15 17:00:00+00:00;0.08;0.0;0.0
2025-04-15 17:15:00+00:00;0.0;0.0;0.0
2025-04-15 17:30:00+00:00;0.0;0.0;0.0
2025-04-15 17:45:00+00:00;0.0;0.0;0.0
2025-04-15 18:00:00+00:00;0.0;0.0;0.0
2025-04-15 18:15:00+00:00;0.0;0.0;0.0
2025-04-15 18:30:00+00:00;0.0;0.0;0.0
2025-04-15 18:45:00+00:00;0.0;0.0;0.0
2025-04-15 19:00:00+00:00;0.0;0.0;0.0
2025-04-15 19:15:00+00:00;0.0;0.0;0.0
2025-04-15 19:30:00+00:00;0.0;0.0;0.0
2025-04-15 19:45:00+00:00;0.0;0.0;0.0
2025-04-15 20:00:00+00:00;0.0;0.0;0.0
2025-04-15 20:15:00+00:00;0.0;0.0;0.0
2025-04-15 20:30:00+00:00;0.0;0.0;0.0
2025-04-15 20:45:00+00:00;0.0;0.0;0.0
2025-04-15 21:00:00+00:00;0.0;0.0;0.0
2025-04-15 21:15:00+00:00;0.0;0.0;0.0
2025-04-15 21:30:00+00:00;0.0;0.0;0.0
2025-04-15 21:45:00+00:00;0.0;0.0;0.0
2025-04-15 22:00:00+00:00;0.0;0.0;0.0
2025-04-15 22:15:00+00:00;0.0;0.0;0.0
2025-04-15 22:30:00+00:00;0.0;0.0;0.0
2025-04-15 22:45:00+00:00;0.0;0.0;0.0
2025-04-15 23:00:00+00:00;0.0;0.0;0.0
2025-04-15 23:15:00+00:00;0.0;0.0;0.0
2025-04-15 23:30:00+00:00;0.0;0.0;0.0
2025-04-15 23:45:00+00:00;0.0;0.0;0.0
2025-04-16 00:00:00+00:00;0.0;0.0;0.0
2025-04-16 00:15:00+00:00;0.0;0.0;0.0
2025-04-16 00:30:00+00:00;0.0;0.0;0.0
2025-04-16 00:45:00+00:00;0.0;0.0;0.0
2025-04-16 01:00:00+00:00;0.0;0.0;0.0
2025-04-16 01:15:00+00:00;0.0;0.0;0.0
2025-04-16 01:30:00+00:00;0.0;0.0;0.0
2025-04-16 01:45:00+00:00;0.0;0.0;0.0
2025-04-16 02:00:00+00:00;0.0;0.0;0.0
2025-04-16 02:15:00+00:00;0.0;0.0;0.0
2025-04-16 02:30:00+00:00;0.0;0.0;0.0
2025-04-16 02:45:00+00:00;0.0;0.0;0.0
2025-04-16 03:00:00+00:00;0.0;0.0;0.0
2025-04-16 03:15:00+00:00;0.0;0.0;0.0
2025-04-16 03:30:00+00:00;0.0;0.0;0.0
2025-04-16 03:45:00+00:00;0.0;0.0;0.0
2025-04-16 04:00:00+00:00;0.0;0.0;0.0
2025-04-16 04:15:00+00:00;0.0;0.0;0.0
2025-04-16 04:30:00+00:00;0.0;0.0;0.0
2025-04-16 04:45:00+00:00;0.0;0.0;0.0
2025-04-16 05:00:00+00:00;0.0;0.0;0.0
2025-04-16 05:15:00+00:00;0.0;0.0;0.0
2025-04-16 05:30:00+00:00;0.0;0.0;0.0
2025-04-16 05:45:00+00:00;0.0;0.0;0.0
2025-04-16 06:00:00+00:00;0.0;0.0;0.0
2025-04-16 06:15:00+00:00;0.0;0.0;0.0
2025-04-16 06:30:00+00:00;0.0;0.0;0.0
2025-04-16 06:45:00+00:00;0.0;0.0;0.0
2025-04-16 07:00:00+00:00;0.0;0.0;0.0
2025-04-16 07:15:00+00:00;0.0;0.0;0.0
2025-04-16 07:30:00+00:00;0.0;0.0;0.0
2025-04-16 07:45:00+00:00;0.0;0.0;0.0
2025-04-16 08:00:00+00:00;0.0;0.0;0.0
2025-04-16 08:15:00+00:00;0.0;0.0;0.0
2025-04-16 08:30:00+00:00;0.0;0.0;0.0
2025-04-16 08:45:00+00:00;0.0;0.0;0.0
2025-04-16 09:00:00+00:00;0.0;0.0;0.0
2025-04-16 09:15:00+00:00;0.0;0.0;0.0
2025-04-16 09:30:00+00:00;0.0;0.0;0.0
2025-04-16 09:45:00+00:00;0.371;0.0;0.369
2025-04-16 10:00:00+00:00;0.0;0.0;0.0
2025-04-16 10:15:00+00:00;0.0;0.0;0.0
2025-04-16 10:30:00+00:00;0.0;0.0;0.0
2025-04-16 10:45:00+00:00;0.0;0.0;0.0
2025-04-16 11:00:00+00:00;0.0;0.0;0.0
2025-04-16 11:15:00+00:00;0.0;0.0;0.0
2025-04-16 11:30:00+00:00;0.0;0.0;0.0
2025-04-16 11:45:00+00:00;0.0;0.0;0.0
2025-04-16 12:00:00+00:00;0.0;0.0;0.0
2025-04-16 12:15:00+00:00;0.0;0.0;0.0
2025-04-16 12:30:00+00:00;0.0;0.0;0.0
2025-04-16 12:45:00+00:00;0.0;0.0;0.0
2025-04-16 13:00:00+00:00;0.0;0.0;0.0
2025-04-16 13:15:00+00:00;0.0;0.0;0.0
2025-04-16 13:30:00+00:00;0.0;0.0;0.0
2025-04-16 13:45:00+00:00;0.0;0.0;0.0
2025-04-16 14:00:00+00:00;0.0;0.0;0.0
2025-04-16 14:15:00+00:00;0.0;0.0;0.0
2025-04-16 14:30:00+00:00;0.0;0.0;0.0
2025-04-16 14:45:00+00:00;0.0;0.0;0.0
2025-04-16 15:00:00+00:00;0.0;0.0;0.0
2025-04-16 15:15:00+00:00;0.0;0.0;0.0
2025-04-16 15:30:00+00:00;0.0;0.0;0.0
2025-04-16 15:45:00+00:00;0.0;0.0;0.0
2025-04-16 16:00:00+00:00;0.0;0.0;0.0
2025-04-16 16:15:00+00:00;0.0;0.0;0.0
2025-04-16 16:30:00+00:00;0.0;0.0;0.0
2025-04-16 16:45:00+00:00;0.0;0.0;0.0
2025-04-16 17:00:00+00:00;0.0;0.0;0.0
2025-04-16 17:15:00+00:00;0.0;0.0;0.0
2025-04-16 17:30:00+00:00;0.0;0.0;0.0
2025-04-16 17:45:00+00:00;0.0;0.0;0.0
2025-04-16 18:00:00+00:00;0.0;0.0;0.0
2025-04-16 18:15:00+00:00;0.0;0.0;0.0
2025-04-16 18:30:00+00:00;0.0;0.0;0.0
2025-04-16 18:45:00+00:00;0.0;0.0;0.0
2025-04-16 19:00:00+00:00;0.0;0.0;0.0
2025-04-16 19:15:00+00:00;0.0;0.0;0.0
2025-04-16 19:30:00+00:00;0.0;0.0;0.0
2025-04-16 19:45:00+00:00;0.0;0.0;0.0
2025-04-16 20:00:00+00:00;0.0;0.0;0.0
2025-04-16 20:15:00+00:00;0.0;0.0;0.0
2025-04-16 20:30:00+00:00;0.0;0.0;0.0
2025-04-16 20:45:00+00:00;0.0;0.0;0.0
2025-04-16 21:00:00+00:00;0.0;0.0;0.0
2025-04-16 21:15:00+00:00;0.0;0.0;0.0
2025-04-16 21:30:00+00:00;0.0;0.0;0.0
2025-04-16 21:45:00+00:00;0.0;0.0;0.0
2025-04-16 22:00:00+00:00;0.0;0.0;0.0
2025-04-16 22:15:00+00:00;0.0;0.0;0.0
2025-04-16 22:30:00+00:00;0.0;0.0;0.0
2025-04-16 22:45:00+00:00;0.0;0.0;0.0
2025-04-16 23:00:00+00:00;0.0;0.0;0.0
2025-04-16 23:15:00+00:00;0.0;0.0;0.0
2025-04-16 23:30:00+00:00;0.0;0.0;0.0
2025-04-16 23:45:00+00:00;0.0;0.0;0.0
2025-04-17 00:00:00+00:00;0.0;0.0;0.0
2025-04-17 00:15:00+00:00;0.0;0.0;0.0
2025-04-17 00:30:00+00:00;0.0;0.0;0.0
2025-04-17 00:45:00+00:00;0.0;0.0;0.0
2025-04-17 01:00:00+00:00;0.0;0.0;0.0
2025-04-17 01:15:00+00:00;0.0;0.0;0.0
2025-04-17 01:30:00+00:00;0.0;0.0;0.0
2025-04-17 01:45:00+00:00;0.0;0.0;0.0
2025-04-17 02:00:00+00:00;0.0;0.0;0.0
2025-04-17 02:15:00+00:00;0.0;0.0;0.0
2025-04-17 02:30:00+00:00;0.0;0.0;0.0
2025-04-17 02:45:00+00:00;0.0;0.0;0.0
2025-04-17 03:00:00+00:00;0.0;0.0;0.0
2025-04-17 03:15:00+00:00;0.0;0.0;0.0
2025-04-17 03:30:00+00:00;0.0;0.0;0.0
2025-04-17 03:45:00+00:00;0.0;0.0;0.0
2025-04-17 04:00:00+00:00;0.0;0.0;0.0
2025-04-17 04:15:00+00:00;0.0;0.0;0.0
2025-04-17 04:30:00+00:00;0.0;0.0;0.0
2025-04-17 04:45:00+00:00;0.0;0.0;0.0
2025-04-17 05:00:00+00:00;0.0;0.0;0.0
2025-04-17 05:15:00+00:00;0.0;0.0;0.0
2025-04-17 05:30:00+00:00;0.0;0.0;0.0
2025-04-17 05:45:00+00:00;0.0;0.0;0.0
2025-04-17 06:00:00+00:00;0.0;0.0;0.0
2025-04-17 06:15:00+00:00;0.0;0.0;0.0
2025-04-17 06:30:00+00:00;0.0;0.0;0.0
2025-04-17 06:45:00+00:00;0.0;0.0;0.0
2025-04-17 07:00:00+00:00;0.0;0.0;0.0
2025-04-17 07:15:00+00:00;0.0;0.0;0.0
2025-04-17 07:30:00+00:00;0.0;0.0;0.0
2025-04-17 07:45:00+00:00;0.0;0.0;0.0
2025-04-17 08:00:00+00:00;0.0;0.0;0.0
2025-04-17 08:15:00+00:00;0.0;0.0;0.0
2025-04-17 08:30:00+00:00;0.0;0.0;0.0
2025-04-17 08:45:00+00:00;0.0;0.0;0.0
2025-04-17 09:00:00+00:00;0.0;0.0;0.0
2025-04-17 09:15:00+00:00;0.0;0.0;0.0
2025-04-17 09:30:00+00:00;0.0;0.0;0.0
2025-04-17 09:45:00+00:00;0.0;0.0;0.0
2025-04-17 10:00:00+00:00;0.0;0.0;0.0
2025-04-17 10:15:00+00:00;0.0;0.0;0.0
2025-04-17 10:30:00+00:00;0.0;0.0;0.0
2025-04-17 10:45:00+00:00;0.0;0.0;0.0
2025-04-17 11:00:00+00:00;0.0;0.0;0.0
2025-04-17 11:15:00+00:00;0.0;0.0;0.0
2025-04-17 11:30:00+00:00;0.0;0.0;0.0
2025-04-17 11:45:00+00:00;0.0;0.0;0.0
2025-04-17 12:00:00+00:00;0.0;0.0;0.0
2025-04-17 12:15:00+00:00;0.0;0.0;0.0
2025-04-17 12:30:00+00:00;0.0;0.0;0.0
2025-04-17 12:45:00+00:00;0.0;0.0;0.0
2025-04-17 13:00:00+00:00;0.0;0.0;0.0
2025-04-17 13:15:00+00:00;0.0;0.0;0.0
2025-04-17 13:30:00+00:00;0.0;0.0;0.0
2025-04-17 13:45:00+00:00;0.0;0.0;0.0
2025-04-17 14:00:00+00:00;0.0;0.0;0.0
2025-04-17 14:15:00+00:00;0.0;0.0;0.0
2025-04-17 14:30:00+00:00;0.0;0.0;0.0
2025-04-17 14:45:00+00:00;0.0;0.0;0.0
2025-04-17 15:00:00+00:00;0.0;0.0;0.0
2025-04-17 15:15:00+00:00;0.0;0.0;0.0
2025-04-17 15:30:00+00:00;0.0;0.0;0.0
2025-04-17 15:45:00+00:00;0.0;0.0;0.0
2025-04-17 16:00:00+00:00;0.0;0.0;0.0
2025-04-17 16:15:00+00:00;0.0;0.0;0.0
2025-04-17 16:30:00+00:00;0.0;0.0;0.0
2025-04-17 16:45:00+00:00;0.0;0.0;0.0
2025-04-17 17:00:00+00:00;0.0;0.0;0.0
2025-04-17 17:15:00+00:00;0.0;0.0;0.0
2025-04-17 17:30:00+00:00;0.0;0.0;0.0
2025-04-17 17:45:00+00:00;0.0;0.0;0.0
2025-04-17 18:00:00+00:00;0.0;0.0;0.0
2025-04-17 18:15:00+00:00;0.0;0.0;0.0
2025-04-17 18:30:00+00:00;0.0;0.0;0.0
2025-04-17 18:45:00+00:00;0.0;0.0;0.0
2025-04-17 19:00:00+00:00;0.0;0.0;0.0
2025-04-17 19:15:00+00:00;0.0;0.0;0.0
2025-04-17 19:30:00+00:00;0.0;0.0;0.0
2025-04-17 19:45:00+00:00;0.0;0.0;0.0
2025-04-17 20:00:00+00:00;0.0;0.0;0.0
2025-04-17 20:15:00+00:00;0.0;0.0;0.0
2025-04-17 20:30:00+00:00;0.0;0.0;0.0
2025-04-17 20:45:00+00:00;0.0;0.0;0.0
2025-04-17 21:00:00+00:00;0.0;0.0;0.0
2025-04-17 21:15:00+00:00;0.0;0.0;0.0
2025-04-17 21:30:00+00:00;0.0;0.0;0.0
2025-04-17 21:45:00+00:00;0.0;0.0;0.0
2025-04-17 22:00:00+00:00;0.0;0.0;0.0
2025-04-17 22:15:00+00:00;0.0;0.0;0.0
2025-04-17 22:30:00+00:00;0.0;0.0;0.0
2025-04-17 22:45:00+00:00;0.0;0.0;0.0
2025-04-17 23:00:00+00:00;0.0;0.0;0.0
2025-04-17 23:15:00+00:00;0.0;0.0;0.0
2025-04-17 23:30:00+00:00;0.0;0.0;0.0
2025-04-17 23:45:00+00:00;0.0;0.0;0.0
2025-04-18 00:00:00+00:00;0.0;0.0;0.0
2025-04-18 00:15:00+00:00;0.0;0.0;0.0
2025-04-18 00:30:00+00:00;0.0;0.0;0.0
2025-04-18 00:45:00+00:00;0.0;0.0;0.0
2025-04-18 01:00:00+00:00;0.0;0.0;0.0
2025-04-18 01:15:00+00:00;0.0;0.0;0.0
2025-04-18 01:30:00+00:00;0.0;0.0;0.0
2025-04-18 01:45:00+00:00;0.0;0.0;0.0
2025-04-18 02:00:00+00:00;0.0;0.0;0.0
2025-04-18 02:15:00+00:00;0.0;0.0;0.0
2025-04-18 02:30:00+00:00;0.0;0.0;0.0
2025-04-18 02:45:00+00:00;0.0;0.0;0.0
2025-04-18 03:00:00+00:00;0.0;0.0;0.0
2025-04-18 03:15:00+00:00;0.0;0.0;0.0
2025-04-18 03:30:00+00:00;0.0;0.0;0.0
2025-04-18 03:45:00+00:00;0.0;0.0;0.0
2025-04-18 04:00:00+00:00;0.0;0.0;0.0
2025-04-18 04:15:00+00:00;0.0;0.0;0.0
2025-04-18 04:30:00+00:00;0.0;0.0;0.0
2025-04-18 04:45:00+00:00;0.0;0.0;0.0
2025-04-18 05:00:00+00:00;0.0;0.0;0.0
2025-04-18 05:15:00+00:00;0.0;0.0;0.0
2025-04-18 05:30:00+00:00;0.0;0.0;0.0
2025-04-18 05:45:00+00:00;0.0;0.0;0.0
2025-04-18 06:00:00+00:00;0.0;0.0;0.0
2025-04-18 06:15:00+00:00;0.0;0.0;0.0
2025-04-18 06:30:00+00:00;0.0;0.0;0.0
2025-04-18 06:45:00+00:00;0.0;0.0;0.0
2025-04-18 07:00:00+00:00;0.303;0.036;0.749
2025-04-18 07:15:00+00:00;0.0;0.0;0.0
2025-04-18 07:30:00+00:00;0.864;0.03;1.294
2025-04-18 07:45:00+00:00;0.48;0.056;0.0
2025-04-18 08:00:00+00:00;0.967;0.097;0.0
2025-04-18 08:15:00+00:00;0.085;0.015;0.04
2025-04-18 08:30:00+00:00;0.0;0.0;0.0
2025-04-18 08:45:00+00:00;0.0;0.0;0.0
2025-04-18 09:00:00+00:00;0.925;0.304;0.483
2025-04-18 09:15:00+00:00;0.779;0.203;2.646
2025-04-18 09:30:00+00:00;1.325;0.123;1.488
2025-04-18 09:45:00+00:00;0.457;0.022;0.869
2025-04-18 10:00:00+00:00;0.0;0.0;0.0
2025-04-18 10:15:00+00:00;0.0;0.0;0.0
2025-04-18 10:30:00+00:00;1.624;0.026;1.154
2025-04-18 10:45:00+00:00;0.439;0.017;1.032
2025-04-18 11:00:00+00:00;0.0;0.0;0.0
2025-04-18 11:15:00+00:00;0.0;0.0;0.0
2025-04-18 11:30:00+00:00;0.039;0.001;0.0
2025-04-18 11:45:00+00:00;1.614;0.018;0.384
2025-04-18 12:00:00+00:00;0.0;0.0;0.0
2025-04-18 12:15:00+00:00;0.0;0.0;0.0
2025-04-18 12:30:00+00:00;0.0;0.0;0.0
2025-04-18 12:45:00+00:00;0.0;0.0;0.0
2025-04-18 13:00:00+00:00;0.0;0.0;0.0
2025-04-18 13:15:00+00:00;0.195;0.019;0.434
2025-04-18 13:30:00+00:00;0.093;0.009;0.298
2025-04-18 13:45:00+00:00;0.0;0.0;0.0
2025-04-18 14:00:00+00:00;0.0;0.0;0.0
2025-04-18 14:15:00+00:00;0.0;0.0;0.0
2025-04-18 14:30:00+00:00;0.0;0.0;0.0
2025-04-18 14:45:00+00:00;0.0;0.0;0.0
2025-04-18 15:00:00+00:00;0.0;0.0;0.0
2025-04-18 15:15:00+00:00;0.0;0.0;0.0
2025-04-18 15:30:00+00:00;0.0;0.0;0.0
2025-04-18 15:45:00+00:00;0.0;0.0;0.0
2025-04-18 16:00:00+00:00;0.0;0.0;0.0
2025-04-18 16:15:00+00:00;0.0;0.0;0.0
2025-04-18 16:30:00+00:00;0.0;0.0;0.0
2025-04-18 16:45:00+00:00;0.0;0.0;0.0
2025-04-18 17:00:00+00:00;0.0;0.0;0.0
2025-04-18 17:15:00+00:00;0.0;0.0;0.0
2025-04-18 17:30:00+00:00;0.0;0.0;0.0
2025-04-18 17:45:00+00:00;0.0;0.0;0.0
2025-04-18 18:00:00+00:00;0.0;0.0;0.0
2025-04-18 18:15:00+00:00;0.0;0.0;0.0
2025-04-18 18:30:00+00:00;0.0;0.0;0.0
2025-04-18 18:45:00+00:00;0.0;0.0;0.0
2025-04-18 19:00:00+00:00;0.0;0.0;0.0
2025-04-18 19:15:00+00:00;0.0;0.0;0.0
2025-04-18 19:30:00+00:00;0.0;0.0;0.0
2025-04-18 19:45:00+00:00;0.0;0.0;0.0
2025-04-18 20:00:00+00:00;0.0;0.0;0.0
2025-04-18 20:15:00+00:00;0.0;0.0;0.0
2025-04-18 20:30:00+00:00;0.0;0.0;0.0
2025-04-18 20:45:00+00:00;0.0;0.0;0.0
2025-04-18 21:00:00+00:00;0.0;0.0;0.0
2025-04-18 21:15:00+00:00;0.0;0.0;0.0
2025-04-18 21:30:00+00:00;0.0;0.0;0.0
2025-04-18 21:45:00+00:00;0.0;0.0;0.0
2025-04-18 22:00:00+00:00;0.0;0.0;0.0
2025-04-18 22:15:00+00:00;0.0;0.0;0.0
2025-04-18 22:30:00+00:00;0.0;0.0;0.0
2025-04-18 22:45:00+00:00;0.0;0.0;0.0
2025-04-18 23:00:00+00:00;0.0;0.0;0.0
2025-04-18 23:15:00+00:00;0.0;0.0;0.0
2025-04-18 23:30:00+00:00;0.0;0.0;0.0
2025-04-18 23:45:00+00:00;0.0;0.0;0.0
2025-04-19 00:00:00+00:00;0.0;0.0;0.0
2025-04-19 00:15:00+00:00;0.0;0.0;0.0
2025-04-19 00:30:00+00:00;0.0;0.0;0.0
2025-04-19 00:45:00+00:00;0.0;0.0;0.0
2025-04-19 01:00:00+00:00;0.0;0.0;0.0
2025-04-19 01:15:00+00:00;0.0;0.0;0.0
2025-04-19 01:30:00+00:00;0.0;0.0;0.0
2025-04-19 01:45:00+00:00;0.0;0.0;0.0
2025-04-19 02:00:00+00:00;0.0;0.0;0.0
2025-04-19 02:15:00+00:00;0.0;0.0;0.0
2025-04-19 02:30:00+00:00;0.0;0.0;0.0
2025-04-19 02:45:00+00:00;0.0;0.0;0.0
2025-04-19 03:00:00+00:00;0.0;0.0;0.0
2025-04-19 03:15:00+00:00;0.0;0.0;0.0
2025-04-19 03:30:00+00:00;0.0;0.0;0.0
2025-04-19 03:45:00+00:00;0.0;0.0;0.0
2025-04-19 04:00:00+00:00;0.0;0.0;0.0
2025-04-19 04:15:00+00:00;0.0;0.0;0.0
2025-04-19 04:30:00+00:00;0.0;0.0;0.0
2025-04-19 04:45:00+00:00;0.0;0.0;0.0
2025-04-19 05:00:00+00:00;0.0;0.0;0.0
2025-04-19 05:15:00+00:00;0.0;0.0;0.0
2025-04-19 05:30:00+00:00;0.0;0.0;0.0
2025-04-19 05:45:00+00:00;0.0;0.0;0.0
2025-04-19 06:00:00+00:00;0.0;0.0;0.0
2025-04-19 06:15:00+00:00;0.0;0.0;0.0
2025-04-19 06:30:00+00:00;0.0;0.0;1.612
2025-04-19 06:45:00+00:00;0.0;0.0;0.0
2025-04-19 07:00:00+00:00;0.502;0.02;3.714
2025-04-19 07:15:00+00:00;0.083;0.005;0.22
2025-04-19 07:30:00+00:00;0.742;0.022;1.48
2025-04-19 07:45:00+00:00;1.423;0.031;2.554
2025-04-19 08:00:00+00:00;2.029;0.078;2.053
2025-04-19 08:15:00+00:00;3.068;0.196;0.8
2025-04-19 08:30:00+00:00;3.483;0.11;5.619
2025-04-19 08:45:00+00:00;3.186;0.015;5.271
2025-04-19 09:00:00+00:00;3.01;0.021;3.305
2025-04-19 09:15:00+00:00;4.083;0.013;1.636
2025-04-19 09:30:00+00:00;2.571;0.018;0.963
2025-04-19 09:45:00+00:00;4.348;0.014;1.494
2025-04-19 10:00:00+00:00;3.238;0.021;2.109
2025-04-19 10:15:00+00:00;3.028;0.013;0.931
2025-04-19 10:30:00+00:00;0.0;0.0;0.0
2025-04-19 10:45:00+00:00;4.29;0.013;0.153
2025-04-19 11:00:00+00:00;3.739;0.014;0.883
2025-04-19 11:15:00+00:00;4.087;0.012;1.041
2025-04-19 11:30:00+00:00;6.233;0.022;4.589
2025-04-19 11:45:00+00:00;6.695;0.019;6.314
2025-04-19 12:00:00+00:00;6.092;0.027;5.541
2025-04-19 12:15:00+00:00;5.482;0.023;5.075
2025-04-19 12:30:00+00:00;7.056;0.019;5.877
2025-04-19 12:45:00+00:00;7.223;0.037;1.204
2025-04-19 13:00:00+00:00;6.1;0.028;0.0
2025-04-19 13:15:00+00:00;0.0;0.0;0.0
2025-04-19 13:30:00+00:00;3.075;0.013;0.0
2025-04-19 13:45:00+00:00;5.436;0.02;0.0
2025-04-19 14:00:00+00:00;1.722;0.01;0.0
2025-04-19 14:15:00+00:00;1.926;0.018;0.0
2025-04-19 14:30:00+00:00;2.831;0.02;2.037
2025-04-19 14:45:00+00:00;2.026;0.011;1.279
2025-04-19 15:00:00+00:00;0.985;0.012;0.743
2025-04-19 15:15:00+00:00;1.927;0.012;1.193
2025-04-19 15:30:00+00:00;3.55;0.019;1.355
2025-04-19 15:45:00+00:00;1.17;0.008;0.47
2025-04-19 16:00:00+00:00;0.208;0.008;0.3
2025-04-19 16:15:00+00:00;0.152;0.005;0.115
2025-04-19 16:30:00+00:00;2.717;0.015;0.332
2025-04-19 16:45:00+00:00;1.404;0.012;0.0
2025-04-19 17:00:00+00:00;0.794;0.01;0.0
2025-04-19 17:15:00+00:00;0.0;0.0;0.0
2025-04-19 17:30:00+00:00;0.0;0.0;0.0
2025-04-19 17:45:00+00:00;0.0;0.0;0.0
2025-04-19 18:00:00+00:00;0.0;0.0;0.0
2025-04-19 18:15:00+00:00;0.0;0.0;0.0
2025-04-19 18:30:00+00:00;0.0;0.0;0.0
2025-04-19 18:45:00+00:00;0.0;0.0;0.0
2025-04-19 19:00:00+00:00;0.0;0.0;0.0
2025-04-19 19:15:00+00:00;0.0;0.0;0.0
2025-04-19 19:30:00+00:00;0.0;0.0;0.0
2025-04-19 19:45:00+00:00;0.0;0.0;0.0
2025-04-19 20:00:00+00:00;0.0;0.0;0.0
2025-04-19 20:15:00+00:00;0.0;0.0;0.0
2025-04-19 20:30:00+00:00;0.0;0.0;0.0
2025-04-19 20:45:00+00:00;0.0;0.0;0.0
2025-04-19 21:00:00+00:00;0.0;0.0;0.0
2025-04-19 21:15:00+00:00;0.0;0.0;0.0
2025-04-19 21:30:00+00:00;0.0;0.0;0.0
2025-04-19 21:45:00+00:00;0.0;0.0;0.0
2025-04-19 22:00:00+00:00;0.0;0.0;0.0
2025-04-19 22:15:00+00:00;0.0;0.0;0.0
2025-04-19 22:30:00+00:00;0.0;0.0;0.0
2025-04-19 22:45:00+00:00;0.0;0.0;0.0
2025-04-19 23:00:00+00:00;0.0;0.0;0.0
2025-04-19 23:15:00+00:00;0.0;0.0;0.0
2025-04-19 23:30:00+00:00;0.0;0.0;0.0
2025-04-19 23:45:00+00:00;0.0;0.0;0.0
2025-04-20 00:00:00+00:00;0.0;0.0;0.0
2025-04-20 00:15:00+00:00;0.0;0.0;0.0
2025-04-20 00:30:00+00:00;0.0;0.0;0.0
2025-04-20 00:45:00+00:00;0.0;0.0;0.0
2025-04-20 01:00:00+00:00;0.0;0.0;0.0
2025-04-20 01:15:00+00:00;0.0;0.0;0.0
2025-04-20 01:30:00+00:00;0.0;0.0;0.0
2025-04-20 01:45:00+00:00;0.0;0.0;0.0
2025-04-20 02:00:00+00:00;0.0;0.0;0.0
2025-04-20 02:15:00+00:00;0.0;0.0;0.0
2025-04-20 02:30:00+00:00;0.0;0.0;0.0
2025-04-20 02:45:00+00:00;0.0;0.0;0.0
2025-04-20 03:00:00+00:00;0.0;0.0;0.0
2025-04-20 03:15:00+00:00;0.0;0.0;0.0
2025-04-20 03:30:00+00:00;0.0;0.0;0.0
2025-04-20 03:45:00+00:00;0.0;0.0;0.0
2025-04-20 04:00:00+00:00;0.0;0.0;0.0
2025-04-20 04:15:00+00:00;0.0;0.0;0.0
2025-04-20 04:30:00+00:00;0.0;0.0;0.0
2025-04-20 04:45:00+00:00;0.0;0.0;0.0
2025-04-20 05:00:00+00:00;0.0;0.0;0.0
2025-04-20 05:15:00+00:00;0.0;0.0;0.0
2025-04-20 05:30:00+00:00;0.0;0.0;0.0
2025-04-20 05:45:00+00:00;0.0;0.0;0.0
2025-04-20 06:00:00+00:00;0.0;0.0;0.0
2025-04-20 06:15:00+00:00;0.0;0.0;0.0
2025-04-20 06:30:00+00:00;0.0;0.0;0.0
2025-04-20 06:45:00+00:00;0.0;0.0;0.0
2025-04-20 07:00:00+00:00;0.0;0.0;0.0
2025-04-20 07:15:00+00:00;0.574;0.024;3.85
2025-04-20 07:30:00+00:00;0.567;0.033;3.572
2025-04-20 07:45:00+00:00;1.065;0.0;3.495
2025-04-20 08:00:00+00:00;1.154;0.072;0.894
2025-04-20 08:15:00+00:00;0.473;0.006;0.265
2025-04-20 08:30:00+00:00;2.713;0.185;5.422
2025-04-20 08:45:00+00:00;2.068;0.232;3.324
2025-04-20 09:00:00+00:00;2.75;0.089;4.241
2025-04-20 09:15:00+00:00;3.379;0.018;4.263
2025-04-20 09:30:00+00:00;0.0;0.0;0.0
2025-04-20 09:45:00+00:00;0.0;0.0;0.0
2025-04-20 10:00:00+00:00;0.0;0.0;0.0
2025-04-20 10:15:00+00:00;0.674;0.007;0.443
2025-04-20 10:30:00+00:00;3.738;0.04;2.69
2025-04-20 10:45:00+00:00;5.068;0.032;2.496
2025-04-20 11:00:00+00:00;3.24;0.028;0.0
2025-04-20 11:15:00+00:00;2.676;0.022;2.518
2025-04-20 11:30:00+00:00;3.852;0.03;3.062
2025-04-20 11:45:00+00:00;3.866;0.022;3.384
2025-04-20 12:00:00+00:00;3.757;0.018;3.429
2025-04-20 12:15:00+00:00;1.609;0.015;0.112
2025-04-20 12:30:00+00:00;0.0;0.0;0.0
2025-04-20 12:45:00+00:00;2.486;0.024;1.258
2025-04-20 13:00:00+00:00;2.499;0.012;1.649
2025-04-20 13:15:00+00:00;1.728;0.014;1.222
2025-04-20 13:30:00+00:00;2.571;0.018;2.011
2025-04-20 13:45:00+00:00;1.211;0.021;0.0
2025-04-20 14:00:00+00:00;0.0;0.0;0.0
2025-04-20 14:15:00+00:00;0.0;0.0;0.0
2025-04-20 14:30:00+00:00;0.0;0.0;0.0
2025-04-20 14:45:00+00:00;0.0;0.0;0.0
2025-04-20 15:00:00+00:00;0.16;0.012;0.3
2025-04-20 15:15:00+00:00;0.0;0.0;0.0
2025-04-20 15:30:00+00:00;0.0;0.0;0.0
2025-04-20 15:45:00+00:00;1.934;0.018;0.976
2025-04-20 16:00:00+00:00;1.305;0.017;0.614
2025-04-20 16:15:00+00:00;0.523;0.012;0.305
2025-04-20 16:30:00+00:00;0.0;0.0;0.0
2025-04-20 16:45:00+00:00;0.0;0.0;0.0
2025-04-20 17:00:00+00:00;0.0;0.0;0.0
2025-04-20 17:15:00+00:00;0.0;0.0;0.0
2025-04-20 17:30:00+00:00;0.0;0.0;0.0
2025-04-20 17:45:00+00:00;0.0;0.0;0.0
2025-04-20 18:00:00+00:00;0.0;0.0;0.0
2025-04-20 18:15:00+00:00;0.0;0.0;0.0
2025-04-20 18:30:00+00:00;0.0;0.0;0.0
2025-04-20 18:45:00+00:00;0.0;0.0;0.0
2025-04-20 19:00:00+00:00;0.0;0.0;0.0
2025-04-20 19:15:00+00:00;0.0;0.0;0.0
2025-04-20 19:30:00+00:00;0.0;0.0;0.0
2025-04-20 19:45:00+00:00;0.0;0.0;0.0
2025-04-20 20:00:00+00:00;0.0;0.0;0.0
2025-04-20 20:15:00+00:00;0.0;0.0;0.0
2025-04-20 20:30:00+00:00;0.0;0.0;0.0
2025-04-20 20:45:00+00:00;0.0;0.0;0.0
2025-04-20 21:00:00+00:00;0.0;0.0;0.0
2025-04-20 21:15:00+00:00;0.0;0.0;0.0
2025-04-20 21:30:00+00:00;0.0;0.0;0.0
2025-04-20 21:45:00+00:00;0.0;0.0;0.0
2025-04-20 22:00:00+00:00;0.0;0.0;0.0
2025-04-20 22:15:00+00:00;0.0;0.0;0.0
2025-04-20 22:30:00+00:00;0.0;0.0;0.0
2025-04-20 22:45:00+00:00;0.0;0.0;0.0
2025-04-20 23:00:00+00:00;0.0;0.0;0.0
2025-04-20 23:15:00+00:00;0.0;0.0;0.0
2025-04-20 23:30:00+00:00;0.0;0.0;0.0
2025-04-20 23:45:00+00:00;0.0;0.0;0.0
2025-04-21 00:00:00+00:00;0.0;0.0;0.0
2025-04-21 00:15:00+00:00;0.0;0.0;0.0
2025-04-21 00:30:00+00:00;0.0;0.0;0.0
2025-04-21 00:45:00+00:00;0.0;0.0;0.0
2025-04-21 01:00:00+00:00;0.0;0.0;0.0
2025-04-21 01:15:00+00:00;0.0;0.0;0.0
2025-04-21 01:30:00+00:00;0.0;0.0;0.0
2025-04-21 01:45:00+00:00;0.0;0.0;0.0
2025-04-21 02:00:00+00:00;0.0;0.0;0.0
2025-04-21 02:15:00+00:00;0.0;0.0;0.0
2025-04-21 02:30:00+00:00;0.0;0.0;0.0
2025-04-21 02:45:00+00:00;0.0;0.0;0.0
2025-04-21 03:00:00+00:00;0.0;0.0;0.0
2025-04-21 03:15:00+00:00;0.0;0.0;0.0
2025-04-21 03:30:00+00:00;0.0;0.0;0.0
2025-04-21 03:45:00+00:00;0.0;0.0;0.0
2025-04-21 04:00:00+00:00;0.0;0.0;0.0
2025-04-21 04:15:00+00:00;0.0;0.0;0.0
2025-04-21 04:30:00+00:00;0.0;0.0;0.0
2025-04-21 04:45:00+00:00;0.0;0.0;0.0
2025-04-21 05:00:00+00:00;0.0;0.0;0.0
2025-04-21 05:15:00+00:00;0.0;0.0;0.0
2025-04-21 05:30:00+00:00;0.0;0.0;0.0
2025-04-21 05:45:00+00:00;0.0;0.0;0.0
2025-04-21 06:00:00+00:00;0.0;0.0;0.0
2025-04-21 06:15:00+00:00;0.0;0.0;0.072
2025-04-21 06:30:00+00:00;0.0;0.0;0.0
2025-04-21 06:45:00+00:00;0.0;0.0;0.0
2025-04-21 07:00:00+00:00;0.0;0.0;0.0
2025-04-21 07:15:00+00:00;0.0;0.0;0.0
2025-04-21 07:30:00+00:00;0.0;0.0;0.0
2025-04-21 07:45:00+00:00;0.0;0.0;0.0
2025-04-21 08:00:00+00:00;0.0;0.0;0.0
2025-04-21 08:15:00+00:00;0.403;0.057;1.504
2025-04-21 08:30:00+00:00;0.316;0.012;0.844
2025-04-21 08:45:00+00:00;2.163;0.115;3.97
2025-04-21 09:00:00+00:00;0.0;0.131;0.245
2025-04-21 09:15:00+00:00;2.6;0.049;0.171
2025-04-21 09:30:00+00:00;4.771;0.026;5.479
2025-04-21 09:45:00+00:00;0.83;0.02;1.71
2025-04-21 10:00:00+00:00;3.055;0.022;3.647
2025-04-21 10:15:00+00:00;1.941;0.018;1.721
2025-04-21 10:30:00+00:00;0.0;0.0;0.0
2025-04-21 10:45:00+00:00;2.611;0.018;2.059
2025-04-21 11:00:00+00:00;2.655;0.036;2.593
2025-04-21 11:15:00+00:00;0.379;0.004;0.357
2025-04-21 11:30:00+00:00;0.568;0.005;0.667
2025-04-21 11:45:00+00:00;3.668;0.022;2.078
2025-04-21 12:00:00+00:00;0.0;0.0;0.0
2025-04-21 12:15:00+00:00;0.0;0.0;0.0
2025-04-21 12:30:00+00:00;0.0;0.0;0.0
2025-04-21 12:45:00+00:00;0.0;0.0;0.0
2025-04-21 13:00:00+00:00;0.0;0.0;0.0
2025-04-21 13:15:00+00:00;0.648;0.056;0.0
2025-04-21 13:30:00+00:00;0.0;0.0;0.0
2025-04-21 13:45:00+00:00;0.0;0.0;0.0
2025-04-21 14:00:00+00:00;0.0;0.0;0.0
2025-04-21 14:15:00+00:00;0.0;0.0;0.0
2025-04-21 14:30:00+00:00;0.0;0.0;0.0
2025-04-21 14:45:00+00:00;0.0;0.0;0.0
2025-04-21 15:00:00+00:00;0.0;0.0;0.0
2025-04-21 15:15:00+00:00;0.0;0.0;0.0
2025-04-21 15:30:00+00:00;0.0;0.0;0.0
2025-04-21 15:45:00+00:00;0.0;0.0;0.0
2025-04-21 16:00:00+00:00;0.0;0.0;0.0
2025-04-21 16:15:00+00:00;0.0;0.0;0.0
2025-04-21 16:30:00+00:00;0.0;0.0;0.0
2025-04-21 16:45:00+00:00;0.0;0.0;0.0
2025-04-21 17:00:00+00:00;0.0;0.0;0.0
2025-04-21 17:15:00+00:00;0.0;0.0;0.0
2025-04-21 17:30:00+00:00;0.0;0.0;0.0
2025-04-21 17:45:00+00:00;0.0;0.0;0.0
2025-04-21 18:00:00+00:00;0.0;0.0;0.0
2025-04-21 18:15:00+00:00;0.0;0.0;0.0
2025-04-21 18:30:00+00:00;0.0;0.0;0.0
2025-04-21 18:45:00+00:00;0.0;0.0;0.0
2025-04-21 19:00:00+00:00;0.0;0.0;0.0
2025-04-21 19:15:00+00:00;0.0;0.0;0.0
2025-04-21 19:30:00+00:00;0.0;0.0;0.0
2025-04-21 19:45:00+00:00;0.0;0.0;0.0
2025-04-21 20:00:00+00:00;0.0;0.0;0.0
2025-04-21 20:15:00+00:00;0.0;0.0;0.0
2025-04-21 20:30:00+00:00;0.0;0.0;0.0
2025-04-21 20:45:00+00:00;0.0;0.0;0.0
2025-04-21 21:00:00+00:00;0.0;0.0;0.0
2025-04-21 21:15:00+00:00;0.0;0.0;0.0
2025-04-21 21:30:00+00:00;0.0;0.0;0.0
2025-04-21 21:45:00+00:00;0.0;0.0;0.0
2025-04-21 22:00:00+00:00;0.0;0.0;0.0
2025-04-21 22:15:00+00:00;0.0;0.0;0.0
2025-04-21 22:30:00+00:00;0.0;0.0;0.0
2025-04-21 22:45:00+00:00;0.0;0.0;0.0
2025-04-21 23:00:00+00:00;0.0;0.0;0.0
2025-04-21 23:15:00+00:00;0.0;0.0;0.0
2025-04-21 23:30:00+00:00;0.0;0.0;0.0
2025-04-21 23:45:00+00:00;0.0;0.0;0.0
2025-04-22 00:00:00+00:00;0.0;0.0;0.0
2025-04-22 00:15:00+00:00;0.0;0.0;0.0
2025-04-22 00:30:00+00:00;0.0;0.0;0.0
2025-04-22 00:45:00+00:00;0.0;0.0;0.0
2025-04-22 01:00:00+00:00;0.0;0.0;0.0
2025-04-22 01:15:00+00:00;0.0;0.0;0.0
2025-04-22 01:30:00+00:00;0.0;0.0;0.0
2025-04-22 01:45:00+00:00;0.0;0.0;0.0
2025-04-22 02:00:00+00:00;0.0;0.0;0.0
2025-04-22 02:15:00+00:00;0.0;0.0;0.0
2025-04-22 02:30:00+00:00;0.0;0.0;0.0
2025-04-22 02:45:00+00:00;0.0;0.0;0.0
2025-04-22 03:00:00+00:00;0.0;0.0;0.0
2025-04-22 03:15:00+00:00;0.0;0.0;0.0
2025-04-22 03:30:00+00:00;0.0;0.0;0.0
2025-04-22 03:45:00+00:00;0.0;0.0;0.0
2025-04-22 04:00:00+00:00;0.0;0.0;0.0
2025-04-22 04:15:00+00:00;0.0;0.0;0.0
2025-04-22 04:30:00+00:00;0.0;0.0;0.0
2025-04-22 04:45:00+00:00;0.0;0.0;0.0
2025-04-22 05:00:00+00:00;0.0;0.0;0.0
2025-04-22 05:15:00+00:00;0.0;0.0;0.0
2025-04-22 05:30:00+00:00;0.0;0.0;0.0
2025-04-22 05:45:00+00:00;0.0;0.0;0.0
2025-04-22 06:00:00+00:00;0.0;0.0;0.0
2025-04-22 06:15:00+00:00;0.0;0.0;0.0
2025-04-22 06:30:00+00:00;0.0;0.0;0.0
2025-04-22 06:45:00+00:00;0.0;0.0;0.0
2025-04-22 07:00:00+00:00;0.0;0.0;0.0
2025-04-22 07:15:00+00:00;0.0;0.0;0.0
2025-04-22 07:30:00+00:00;0.0;0.0;0.0
2025-04-22 07:45:00+00:00;0.0;0.0;0.0
2025-04-22 08:00:00+00:00;0.0;0.0;0.0
2025-04-22 08:15:00+00:00;0.0;0.0;0.0
2025-04-22 08:30:00+00:00;1.473;0.242;1.829
2025-04-22 08:45:00+00:00;1.046;0.165;1.457
2025-04-22 09:00:00+00:00;0.595;0.017;2.508
2025-04-22 09:15:00+00:00;0.0;0.0;0.0
2025-04-22 09:30:00+00:00;0.0;0.0;0.0
2025-04-22 09:45:00+00:00;0.298;0.014;0.096
2025-04-22 10:00:00+00:00;0.479;0.024;0.849
2025-04-22 10:15:00+00:00;1.408;0.029;1.967
2025-04-22 10:30:00+00:00;1.704;0.014;1.03
2025-04-22 10:45:00+00:00;0.575;0.012;0.261
2025-04-22 11:00:00+00:00;4.051;0.033;2.928
2025-04-22 11:15:00+00:00;1.908;0.012;0.0
2025-04-22 11:30:00+00:00;0.757;0.012;0.975
2025-04-22 11:45:00+00:00;1.774;0.029;2.105
2025-04-22 12:00:00+00:00;0.928;0.025;1.503
2025-04-22 12:15:00+00:00;4.315;0.039;4.626
2025-04-22 12:30:00+00:00;4.907;0.036;4.481
2025-04-22 12:45:00+00:00;2.9;0.023;0.305
2025-04-22 13:00:00+00:00;1.974;0.031;2.891
2025-04-22 13:15:00+00:00;3.528;0.035;4.389
2025-04-22 13:30:00+00:00;4.215;0.04;4.637
2025-04-22 13:45:00+00:00;3.228;0.025;3.763
2025-04-22 14:00:00+00:00;3.641;0.021;3.982
2025-04-22 14:15:00+00:00;2.139;0.014;0.659
2025-04-22 14:30:00+00:00;2.073;0.015;0.084
2025-04-22 14:45:00+00:00;2.194;0.028;2.118
2025-04-22 15:00:00+00:00;1.653;0.011;1.388
2025-04-22 15:15:00+00:00;0.415;0.005;0.44
2025-04-22 15:30:00+00:00;0.461;0.01;0.585
2025-04-22 15:45:00+00:00;2.531;0.016;1.433
2025-04-22 16:00:00+00:00;0.308;0.004;0.0
2025-04-22 16:15:00+00:00;0.0;0.0;0.0
2025-04-22 16:30:00+00:00;0.0;0.0;0.0
2025-04-22 16:45:00+00:00;1.882;0.016;0.594
2025-04-22 17:00:00+00:00;0.0;0.0;0.0
2025-04-22 17:15:00+00:00;0.0;0.0;0.0
2025-04-22 17:30:00+00:00;0.0;0.0;0.0
2025-04-22 17:45:00+00:00;0.0;0.0;0.0
2025-04-22 18:00:00+00:00;0.0;0.0;0.0
2025-04-22 18:15:00+00:00;0.0;0.0;0.0
2025-04-22 18:30:00+00:00;0.0;0.0;0.0
2025-04-22 18:45:00+00:00;0.0;0.0;0.0
2025-04-22 19:00:00+00:00;0.0;0.0;0.0
2025-04-22 19:15:00+00:00;0.0;0.0;0.0
2025-04-22 19:30:00+00:00;0.0;0.0;0.0
2025-04-22 19:45:00+00:00;0.0;0.0;0.0
2025-04-22 20:00:00+00:00;0.0;0.0;0.0
2025-04-22 20:15:00+00:00;0.0;0.0;0.0
2025-04-22 20:30:00+00:00;0.0;0.0;0.0
2025-04-22 20:45:00+00:00;0.0;0.0;0.0
2025-04-22 21:00:00+00:00;0.0;0.0;0.0
2025-04-22 21:15:00+00:00;0.0;0.0;0.0
2025-04-22 21:30:00+00:00;0.0;0.0;0.0
2025-04-22 21:45:00+00:00;0.0;0.0;0.0
2025-04-22 22:00:00+00:00;0.0;0.0;0.0
2025-04-22 22:15:00+00:00;0.0;0.0;0.0
2025-04-22 22:30:00+00:00;0.0;0.0;0.0
2025-04-22 22:45:00+00:00;0.0;0.0;0.0
2025-04-22 23:00:00+00:00;0.0;0.0;0.0
2025-04-22 23:15:00+00:00;0.0;0.0;0.0
2025-04-22 23:30:00+00:00;0.0;0.0;0.0
2025-04-22 23:45:00+00:00;0.0;0.0;0.0
2025-04-23 00:00:00+00:00;0.0;0.0;0.0
2025-04-23 00:15:00+00:00;0.0;0.0;0.0
2025-04-23 00:30:00+00:00;0.0;0.0;0.0
2025-04-23 00:45:00+00:00;0.0;0.0;0.0
2025-04-23 01:00:00+00:00;0.0;0.0;0.0
2025-04-23 01:15:00+00:00;0.0;0.0;0.0
2025-04-23 01:30:00+00:00;0.0;0.0;0.0
2025-04-23 01:45:00+00:00;0.0;0.0;0.0
2025-04-23 02:00:00+00:00;0.0;0.0;0.0
2025-04-23 02:15:00+00:00;0.0;0.0;0.0
2025-04-23 02:30:00+00:00;0.0;0.0;0.0
2025-04-23 02:45:00+00:00;0.0;0.0;0.0
2025-04-23 03:00:00+00:00;0.0;0.0;0.0
2025-04-23 03:15:00+00:00;0.0;0.0;0.0
2025-04-23 03:30:00+00:00;0.0;0.0;0.0
2025-04-23 03:45:00+00:00;0.0;0.0;0.0
2025-04-23 04:00:00+00:00;0.0;0.0;0.0
2025-04-23 04:15:00+00:00;0.0;0.0;0.0
2025-04-23 04:30:00+00:00;0.0;0.0;0.0
2025-04-23 04:45:00+00:00;0.0;0.0;0.0
2025-04-23 05:00:00+00:00;0.0;0.0;0.0
2025-04-23 05:15:00+00:00;0.0;0.0;0.0
2025-04-23 05:30:00+00:00;0.0;0.0;0.0
2025-04-23 05:45:00+00:00;0.0;0.0;0.0
2025-04-23 06:00:00+00:00;0.0;0.0;0.0
2025-04-23 06:15:00+00:00;0.0;0.0;0.0
2025-04-23 06:30:00+00:00;0.0;0.0;0.0
2025-04-23 06:45:00+00:00;0.0;0.0;0.0
2025-04-23 07:00:00+00:00;0.0;0.0;0.0
2025-04-23 07:15:00+00:00;0.0;0.0;0.0
2025-04-23 07:30:00+00:00;0.0;0.0;0.0
2025-04-23 07:45:00+00:00;0.301;0.116;1.031
2025-04-23 08:00:00+00:00;0.426;0.107;1.311
2025-04-23 08:15:00+00:00;1.101;0.114;2.157
2025-04-23 08:30:00+00:00;1.184;0.151;2.565
2025-04-23 08:45:00+00:00;0.0;0.0;0.0
2025-04-23 09:00:00+00:00;0.0;0.0;0.0
2025-04-23 09:15:00+00:00;0.138;0.009;0.337
2025-04-23 09:30:00+00:00;0.021;0.002;0.057
2025-04-23 09:45:00+00:00;0.0;0.0;0.0
2025-04-23 10:00:00+00:00;0.0;0.0;0.0
2025-04-23 10:15:00+00:00;0.0;0.0;0.0
2025-04-23 10:30:00+00:00;0.204;0.008;0.468
2025-04-23 10:45:00+00:00;0.197;0.009;0.438
2025-04-23 11:00:00+00:00;0.0;0.0;0.0
2025-04-23 11:15:00+00:00;0.0;0.0;0.0
2025-04-23 11:30:00+00:00;0.0;0.0;0.0
2025-04-23 11:45:00+00:00;0.0;0.0;0.0
2025-04-23 12:00:00+00:00;0.0;0.0;0.0
2025-04-23 12:15:00+00:00;0.0;0.0;0.0
2025-04-23 12:30:00+00:00;0.0;0.0;0.0
2025-04-23 12:45:00+00:00;0.0;0.0;0.0
2025-04-23 13:00:00+00:00;0.0;0.0;0.0
2025-04-23 13:15:00+00:00;0.0;0.0;0.0
2025-04-23 13:30:00+00:00;0.0;0.0;0.0
2025-04-23 13:45:00+00:00;0.0;0.0;0.0
2025-04-23 14:00:00+00:00;0.0;0.0;0.0
2025-04-23 14:15:00+00:00;0.0;0.0;0.0
2025-04-23 14:30:00+00:00;0.0;0.0;0.0
2025-04-23 14:45:00+00:00;0.0;0.0;0.0
2025-04-23 15:00:00+00:00;0.0;0.0;0.0
2025-04-23 15:15:00+00:00;0.0;0.0;0.0
2025-04-23 15:30:00+00:00;0.0;0.0;0.0
2025-04-23 15:45:00+00:00;0.0;0.0;0.0
2025-04-23 16:00:00+00:00;0.0;0.0;0.0
2025-04-23 16:15:00+00:00;0.0;0.0;0.0
2025-04-23 16:30:00+00:00;0.0;0.0;0.0
2025-04-23 16:45:00+00:00;0.0;0.0;0.0
2025-04-23 17:00:00+00:00;0.0;0.0;0.0
2025-04-23 17:15:00+00:00;0.0;0.0;0.0
2025-04-23 17:30:00+00:00;0.0;0.0;0.0
2025-04-23 17:45:00+00:00;0.0;0.0;0.0
2025-04-23 18:00:00+00:00;0.0;0.0;0.0
2025-04-23 18:15:00+00:00;0.0;0.0;0.0
2025-04-23 18:30:00+00:00;0.0;0.0;0.0
2025-04-23 18:45:00+00:00;0.0;0.0;0.0
2025-04-23 19:00:00+00:00;0.0;0.0;0.0
2025-04-23 19:15:00+00:00;0.0;0.0;0.0
2025-04-23 19:30:00+00:00;0.0;0.0;0.0
2025-04-23 19:45:00+00:00;0.0;0.0;0.0
2025-04-23 20:00:00+00:00;0.0;0.0;0.0
2025-04-23 20:15:00+00:00;0.0;0.0;0.0
2025-04-23 20:30:00+00:00;0.0;0.0;0.0
2025-04-23 20:45:00+00:00;0.0;0.0;0.0
2025-04-23 21:00:00+00:00;0.0;0.0;0.0
2025-04-23 21:15:00+00:00;0.0;0.0;0.0
2025-04-23 21:30:00+00:00;0.0;0.0;0.0
2025-04-23 21:45:00+00:00;0.0;0.0;0.0
2025-04-23 22:00:00+00:00;0.0;0.0;0.0
2025-04-23 22:15:00+00:00;0.0;0.0;0.0
2025-04-23 22:30:00+00:00;0.0;0.0;0.0
2025-04-23 22:45:00+00:00;0.0;0.0;0.0
2025-04-23 23:00:00+00:00;0.0;0.0;0.0
2025-04-23 23:15:00+00:00;0.0;0.0;0.0
2025-04-23 23:30:00+00:00;0.0;0.0;0.0
2025-04-23 23:45:00+00:00;0.0;0.0;0.0
2025-04-24 00:00:00+00:00;0.0;0.0;0.0
2025-04-24 00:15:00+00:00;0.0;0.0;0.0
2025-04-24 00:30:00+00:00;0.0;0.0;0.0
2025-04-24 00:45:00+00:00;0.0;0.0;0.0
2025-04-24 01:00:00+00:00;0.0;0.0;0.0
2025-04-24 01:15:00+00:00;0.0;0.0;0.0
2025-04-24 01:30:00+00:00;0.0;0.0;0.0
2025-04-24 01:45:00+00:00;0.0;0.0;0.0
2025-04-24 02:00:00+00:00;0.0;0.0;0.0
2025-04-24 02:15:00+00:00;0.0;0.0;0.0
2025-04-24 02:30:00+00:00;0.0;0.0;0.0
2025-04-24 02:45:00+00:00;0.0;0.0;0.0
2025-04-24 03:00:00+00:00;0.0;0.0;0.0
2025-04-24 03:15:00+00:00;0.0;0.0;0.0
2025-04-24 03:30:00+00:00;0.0;0.0;0.0
2025-04-24 03:45:00+00:00;0.0;0.0;0.0
2025-04-24 04:00:00+00:00;0.0;0.0;0.0
2025-04-24 04:15:00+00:00;0.0;0.0;0.0
2025-04-24 04:30:00+00:00;0.0;0.0;0.0
2025-04-24 04:45:00+00:00;0.0;0.0;0.0
2025-04-24 05:00:00+00:00;0.0;0.0;0.0
2025-04-24 05:15:00+00:00;0.0;0.0;0.0
2025-04-24 05:30:00+00:00;0.0;0.0;0.0
2025-04-24 05:45:00+00:00;0.0;0.0;0.0
2025-04-24 06:00:00+00:00;0.0;0.0;0.0
2025-04-24 06:15:00+00:00;0.0;0.0;0.0
2025-04-24 06:30:00+00:00;0.0;0.0;0.0
2025-04-24 06:45:00+00:00;0.0;0.0;0.0
2025-04-24 07:00:00+00:00;0.0;0.0;0.0
2025-04-24 07:15:00+00:00;0.0;0.0;0.0
2025-04-24 07:30:00+00:00;0.0;0.0;0.0
2025-04-24 07:45:00+00:00;0.0;0.0;0.0
2025-04-24 08:00:00+00:00;0.0;0.0;0.0
2025-04-24 08:15:00+00:00;0.0;0.0;0.0
2025-04-24 08:30:00+00:00;0.0;0.0;0.0
2025-04-24 08:45:00+00:00;0.0;0.0;0.0
2025-04-24 09:00:00+00:00;0.0;0.004;0.204
2025-04-24 09:15:00+00:00;0.0;0.0;0.0
2025-04-24 09:30:00+00:00;0.0;0.0;0.0
2025-04-24 09:45:00+00:00;0.0;0.0;0.0
2025-04-24 10:00:00+00:00;0.0;0.0;0.0
2025-04-24 10:15:00+00:00;0.0;0.0;0.0
2025-04-24 10:30:00+00:00;0.0;0.0;0.0
2025-04-24 10:45:00+00:00;0.0;0.0;0.0
2025-04-24 11:00:00+00:00;0.434;0.12;1.046
2025-04-24 11:15:00+00:00;0.196;0.017;0.535
2025-04-24 11:30:00+00:00;0.297;0.0;0.515
2025-04-24 11:45:00+00:00;0.0;0.0;0.0
2025-04-24 12:00:00+00:00;1.264;0.058;0.526
2025-04-24 12:15:00+00:00;1.52;0.018;2.714
2025-04-24 12:30:00+00:00;0.0;0.018;1.59
2025-04-24 12:45:00+00:00;1.09;0.01;1.16
2025-04-24 13:00:00+00:00;0.0;0.0;0.0
2025-04-24 13:15:00+00:00;0.824;0.015;1.353
2025-04-24 13:30:00+00:00;0.0;0.0;0.0
2025-04-24 13:45:00+00:00;0.0;0.0;0.0
2025-04-24 14:00:00+00:00;0.0;0.0;0.0
2025-04-24 14:15:00+00:00;0.0;0.0;0.0
2025-04-24 14:30:00+00:00;0.0;0.0;0.0
2025-04-24 14:45:00+00:00;0.0;0.0;0.0
2025-04-24 15:00:00+00:00;0.0;0.0;0.0
2025-04-24 15:15:00+00:00;0.198;0.049;0.057
2025-04-24 15:30:00+00:00;0.375;0.073;0.8
2025-04-24 15:45:00+00:00;0.0;0.0;0.0
2025-04-24 16:00:00+00:00;0.0;0.0;0.0
2025-04-24 16:15:00+00:00;0.0;0.0;0.0
2025-04-24 16:30:00+00:00;0.0;0.0;0.0
2025-04-24 16:45:00+00:00;0.0;0.0;0.0
2025-04-24 17:00:00+00:00;0.0;0.0;0.0
2025-04-24 17:15:00+00:00;0.0;0.0;0.0
2025-04-24 17:30:00+00:00;0.0;0.0;0.0
2025-04-24 17:45:00+00:00;0.0;0.0;0.0
2025-04-24 18:00:00+00:00;0.0;0.0;0.0
2025-04-24 18:15:00+00:00;0.0;0.0;0.0
2025-04-24 18:30:00+00:00;0.0;0.0;0.0
2025-04-24 18:45:00+00:00;0.0;0.0;0.0
2025-04-24 19:00:00+00:00;0.0;0.0;0.0
2025-04-24 19:15:00+00:00;0.0;0.0;0.0
2025-04-24 19:30:00+00:00;0.0;0.0;0.0
2025-04-24 19:45:00+00:00;0.0;0.0;0.0
2025-04-24 20:00:00+00:00;0.0;0.0;0.0
2025-04-24 20:15:00+00:00;0.0;0.0;0.0
2025-04-24 20:30:00+00:00;0.0;0.0;0.0
2025-04-24 20:45:00+00:00;0.0;0.0;0.0
2025-04-24 21:00:00+00:00;0.0;0.0;0.0
2025-04-24 21:15:00+00:00;0.0;0.0;0.0
2025-04-24 21:30:00+00:00;0.0;0.0;0.0
2025-04-24 21:45:00+00:00;0.0;0.0;0.0
