startedAt;valueprodnet;valueprodnet;valueprodnet;valueprodauto;valueprodauto;valueprodshared;valueprodshared;valueprodsold
;df-prod-Gaby;df-prod-Marc;df-prod-Véronique;df-prod-Gaby;df-prod-Véronique;df-prod-Gaby;df-prod-Véronique;df-prod-Véronique
2025-04-01 00:00:00+00:00;0.0;0.0;0.0;0.0;0.0;0.0;0.0;0.0
2025-04-01 00:15:00+00:00;0.0;0.0;0.0;0.0;0.0;0.0;0.0;0.0
2025-04-01 00:30:00+00:00;0.0;0.0;0.0;0.0;0.0;0.0;0.0;0.0
2025-04-01 00:45:00+00:00;0.0;0.0;0.0;0.0;0.0;0.0;0.0;0.0
2025-04-01 01:00:00+00:00;0.0;0.0;0.0;0.0;0.0;0.0;0.0;0.0
2025-04-01 01:15:00+00:00;0.0;0.0;0.0;0.0;0.0;0.0;0.0;0.0
2025-04-01 01:30:00+00:00;0.0;0.0;0.0;0.0;0.0;0.0;0.0;0.0
2025-04-01 01:45:00+00:00;0.0;0.0;0.0;0.0;0.0;0.0;0.0;0.0
2025-04-01 02:00:00+00:00;0.0;0.0;0.0;0.0;0.0;0.0;0.0;0.0
2025-04-01 02:15:00+00:00;0.0;0.0;0.0;0.0;0.0;0.0;0.0;0.0
2025-04-01 02:30:00+00:00;0.0;0.0;0.0;0.0;0.0;0.0;0.0;0.0
2025-04-01 02:45:00+00:00;0.0;0.0;0.0;0.0;0.0;0.0;0.0;0.0
2025-04-01 03:00:00+00:00;0.0;0.0;0.0;0.0;0.0;0.0;0.0;0.0
2025-04-01 03:15:00+00:00;0.0;0.0;0.0;0.0;0.0;0.0;0.0;0.0
2025-04-01 03:30:00+00:00;0.0;0.0;0.0;0.0;0.0;0.0;0.0;0.0
2025-04-01 03:45:00+00:00;0.0;0.0;0.0;0.0;0.0;0.0;0.0;0.0
2025-04-01 04:00:00+00:00;0.0;0.0;0.0;0.0;0.0;0.0;0.0;0.0
2025-04-01 04:15:00+00:00;0.0;0.0;0.0;0.0;0.0;0.0;0.0;0.0
2025-04-01 04:30:00+00:00;0.0;0.0;0.0;0.0;0.0;0.0;0.0;0.0
2025-04-01 04:45:00+00:00;0.0;0.0;0.0;0.0;0.0;0.0;0.0;0.0
2025-04-01 05:00:00+00:00;0.0;0.0;0.0;0.0;0.0;0.0;0.0;0.0
2025-04-01 05:15:00+00:00;0.0;0.084;0.156;0.0;0.156;0.0;0.0;0.0
2025-04-01 05:30:00+00:00;0.0;0.34;0.664;0.0;0.664;0.0;0.0;0.0
2025-04-01 05:45:00+00:00;0.0;0.636;1.196;0.0;1.196;0.0;0.0;0.0
2025-04-01 06:00:00+00:00;0.024;1.02;1.772;0.024;1.18;0.0;0.592;0.0
2025-04-01 06:15:00+00:00;0.068;1.432;2.356;0.068;1.964;0.0;0.392;0.0
2025-04-01 06:30:00+00:00;0.132;1.84;2.908;0.132;2.112;0.0;0.796;0.0
2025-04-01 06:45:00+00:00;0.184;2.24;3.452;0.184;0.22;0.0;1.868;1.364
2025-04-01 07:00:00+00:00;0.328;2.692;4.016;0.328;2.876;0.0;1.14;0.0
2025-04-01 07:15:00+00:00;0.56;3.148;4.58;0.556;4.58;0.004;0.0;0.0
2025-04-01 07:30:00+00:00;0.84;3.556;5.064;0.804;0.284;0.007;0.961;3.819
2025-04-01 07:45:00+00:00;1.14;3.956;5.496;0.828;0.288;0.149;2.487;2.721
2025-04-01 08:00:00+00:00;1.5;4.312;5.908;1.14;0.26;0.176;2.756;2.892
2025-04-01 08:15:00+00:00;2.852;4.64;6.276;0.56;0.456;0.342;0.869;4.951
2025-04-01 08:30:00+00:00;3.436;4.932;6.62;0.612;6.344;0.988;0.097;0.179
2025-04-01 08:45:00+00:00;4.028;5.252;7.008;0.756;0.904;0.336;0.627;5.477
2025-04-01 09:00:00+00:00;4.548;5.576;7.384;1.8;0.276;0.124;0.32;6.788
2025-04-01 09:15:00+00:00;5.168;5.864;7.744;1.744;1.248;0.158;0.299;6.197
2025-04-01 09:30:00+00:00;5.968;6.372;7.976;0.584;1.184;0.314;0.396;6.396
2025-04-01 09:45:00+00:00;5.744;5.7;6.604;0.652;0.7;0.285;0.33;5.574
2025-04-01 10:00:00+00:00;7.116;6.944;7.876;0.688;2.892;0.739;0.573;4.411
2025-04-01 10:15:00+00:00;6.432;5.836;6.464;2.268;3.964;1.951;1.171;1.329
2025-04-01 10:30:00+00:00;5.168;4.484;5.172;0.78;1.2;2.069;1.873;2.099
2025-04-01 10:45:00+00:00;5.728;5.192;5.632;0.5;1.676;1.849;1.399;2.557
2025-04-01 11:00:00+00:00;5.548;4.724;5.152;0.576;1.584;3.062;2.198;1.37
2025-04-01 11:15:00+00:00;3.676;2.908;3.484;1.152;0.68;2.524;2.804;0.0
2025-04-01 11:30:00+00:00;1.936;1.472;1.716;1.512;0.28;0.424;1.436;0.0
2025-04-01 11:45:00+00:00;3.344;2.696;3.232;0.564;0.28;1.062;1.129;1.823
2025-04-01 12:00:00+00:00;2.276;1.748;2.14;0.648;0.292;0.946;1.074;0.774
2025-04-01 12:15:00+00:00;2.848;2.144;2.528;0.54;0.368;0.619;0.579;1.581
2025-04-01 12:30:00+00:00;1.184;0.944;1.112;0.428;0.28;0.212;0.234;0.598
2025-04-01 12:45:00+00:00;2.08;1.7;2.08;0.36;0.276;0.21;0.22;1.584
2025-04-01 13:00:00+00:00;2.224;1.584;1.912;0.348;0.288;1.315;1.138;0.486
2025-04-01 13:15:00+00:00;1.464;1.176;1.492;0.88;1.492;0.584;0.0;0.0
2025-04-01 13:30:00+00:00;6.236;3.872;4.656;0.824;4.656;1.499;0.0;0.0
2025-04-01 13:45:00+00:00;3.78;2.268;2.908;0.46;0.268;0.248;0.198;2.442
2025-04-01 14:00:00+00:00;6.708;4.164;4.652;0.596;0.292;0.289;0.206;4.154
2025-04-01 14:15:00+00:00;6.56;3.648;4.16;0.464;0.292;1.035;0.657;3.211
2025-04-01 14:30:00+00:00;7.372;3.752;4.2;0.56;0.304;1.437;0.822;3.074
2025-04-01 14:45:00+00:00;4.808;2.624;2.708;0.92;1.0;0.722;0.317;1.391
2025-04-01 15:00:00+00:00;6.68;2.756;2.652;0.604;2.652;5.498;0.0;0.0
2025-04-01 15:15:00+00:00;6.068;2.2;2.052;0.532;0.22;3.226;1.068;0.764
2025-04-01 15:30:00+00:00;4.916;1.916;1.568;0.516;0.224;1.75;0.534;0.81
2025-04-01 15:45:00+00:00;4.848;1.54;1.088;0.548;0.24;0.844;0.167;0.681
2025-04-01 16:00:00+00:00;4.512;1.064;0.584;0.7;0.248;2.363;0.208;0.128
2025-04-01 16:15:00+00:00;4.132;0.68;0.404;0.724;0.404;3.408;0.0;0.0
2025-04-01 16:30:00+00:00;3.46;0.432;0.348;0.988;0.348;2.472;0.0;0.0
2025-04-01 16:45:00+00:00;2.744;0.248;0.296;0.612;0.296;2.132;0.0;0.0
2025-04-01 17:00:00+00:00;2.052;0.16;0.244;0.764;0.244;1.288;0.0;0.0
2025-04-01 17:15:00+00:00;1.324;0.108;0.184;0.768;0.184;0.556;0.0;0.0
2025-04-01 17:30:00+00:00;0.6;0.06;0.112;0.6;0.112;0.0;0.0;0.0
2025-04-01 17:45:00+00:00;0.012;0.016;0.04;0.012;0.04;0.0;0.0;0.0
2025-04-01 18:00:00+00:00;0.0;0.0;0.0;0.0;0.0;0.0;0.0;0.0
2025-04-01 18:15:00+00:00;0.0;0.0;0.0;0.0;0.0;0.0;0.0;0.0
2025-04-01 18:30:00+00:00;0.0;0.0;0.0;0.0;0.0;0.0;0.0;0.0
2025-04-01 18:45:00+00:00;0.0;0.0;0.0;0.0;0.0;0.0;0.0;0.0
2025-04-01 19:00:00+00:00;0.0;0.0;0.0;0.0;0.0;0.0;0.0;0.0
2025-04-01 19:15:00+00:00;0.0;0.0;0.0;0.0;0.0;0.0;0.0;0.0
2025-04-01 19:30:00+00:00;0.0;0.0;0.0;0.0;0.0;0.0;0.0;0.0
2025-04-01 19:45:00+00:00;0.0;0.0;0.0;0.0;0.0;0.0;0.0;0.0
2025-04-01 20:00:00+00:00;0.0;0.0;0.0;0.0;0.0;0.0;0.0;0.0
2025-04-01 20:15:00+00:00;0.0;0.0;0.0;0.0;0.0;0.0;0.0;0.0
2025-04-01 20:30:00+00:00;0.0;0.0;0.0;0.0;0.0;0.0;0.0;0.0
2025-04-01 20:45:00+00:00;0.0;0.0;0.0;0.0;0.0;0.0;0.0;0.0
2025-04-01 21:00:00+00:00;0.0;0.0;0.0;0.0;0.0;0.0;0.0;0.0
2025-04-01 21:15:00+00:00;0.0;0.0;0.0;0.0;0.0;0.0;0.0;0.0
2025-04-01 21:30:00+00:00;0.0;0.0;0.0;0.0;0.0;0.0;0.0;0.0
2025-04-01 21:45:00+00:00;0.0;0.0;0.0;0.0;0.0;0.0;0.0;0.0
2025-04-01 22:00:00+00:00;0.0;0.0;0.0;0.0;0.0;0.0;0.0;0.0
2025-04-01 22:15:00+00:00;0.0;0.0;0.0;0.0;0.0;0.0;0.0;0.0
2025-04-01 22:30:00+00:00;0.0;0.0;0.0;0.0;0.0;0.0;0.0;0.0
2025-04-01 22:45:00+00:00;0.0;0.0;0.0;0.0;0.0;0.0;0.0;0.0
2025-04-01 23:00:00+00:00;0.0;0.0;0.0;0.0;0.0;0.0;0.0;0.0
2025-04-01 23:15:00+00:00;0.0;0.0;0.0;0.0;0.0;0.0;0.0;0.0
2025-04-01 23:30:00+00:00;0.0;0.0;0.0;0.0;0.0;0.0;0.0;0.0
2025-04-01 23:45:00+00:00;0.0;0.0;0.0;0.0;0.0;0.0;0.0;0.0
2025-04-02 00:00:00+00:00;0.0;0.0;0.0;0.0;0.0;0.0;0.0;0.0
2025-04-02 00:15:00+00:00;0.0;0.0;0.0;0.0;0.0;0.0;0.0;0.0
2025-04-02 00:30:00+00:00;0.0;0.0;0.0;0.0;0.0;0.0;0.0;0.0
2025-04-02 00:45:00+00:00;0.0;0.0;0.0;0.0;0.0;0.0;0.0;0.0
2025-04-02 01:00:00+00:00;0.0;0.0;0.0;0.0;0.0;0.0;0.0;0.0
2025-04-02 01:15:00+00:00;0.0;0.0;0.0;0.0;0.0;0.0;0.0;0.0
2025-04-02 01:30:00+00:00;0.0;0.0;0.0;0.0;0.0;0.0;0.0;0.0
2025-04-02 01:45:00+00:00;0.0;0.0;0.0;0.0;0.0;0.0;0.0;0.0
2025-04-02 02:00:00+00:00;0.0;0.0;0.0;0.0;0.0;0.0;0.0;0.0
2025-04-02 02:15:00+00:00;0.0;0.0;0.0;0.0;0.0;0.0;0.0;0.0
2025-04-02 02:30:00+00:00;0.0;0.0;0.0;0.0;0.0;0.0;0.0;0.0
2025-04-02 02:45:00+00:00;0.0;0.0;0.0;0.0;0.0;0.0;0.0;0.0
2025-04-02 03:00:00+00:00;0.0;0.0;0.0;0.0;0.0;0.0;0.0;0.0
2025-04-02 03:15:00+00:00;0.0;0.0;0.0;0.0;0.0;0.0;0.0;0.0
2025-04-02 03:30:00+00:00;0.0;0.0;0.0;0.0;0.0;0.0;0.0;0.0
2025-04-02 03:45:00+00:00;0.0;0.0;0.0;0.0;0.0;0.0;0.0;0.0
2025-04-02 04:00:00+00:00;0.0;0.0;0.0;0.0;0.0;0.0;0.0;0.0
2025-04-02 04:15:00+00:00;0.0;0.0;0.0;0.0;0.0;0.0;0.0;0.0
2025-04-02 04:30:00+00:00;0.0;0.0;0.0;0.0;0.0;0.0;0.0;0.0
2025-04-02 04:45:00+00:00;0.0;0.0;0.0;0.0;0.0;0.0;0.0;0.0
2025-04-02 05:00:00+00:00;0.0;0.0;0.0;0.0;0.0;0.0;0.0;0.0
2025-04-02 05:15:00+00:00;0.0;0.08;0.192;0.0;0.192;0.0;0.0;0.0
2025-04-02 05:30:00+00:00;0.0;0.304;0.672;0.0;0.672;0.0;0.0;0.0
2025-04-02 05:45:00+00:00;0.008;0.62;1.232;0.008;0.224;0.0;1.008;0.0
2025-04-02 06:00:00+00:00;0.068;0.992;1.792;0.068;0.244;0.0;1.548;0.0
2025-04-02 06:15:00+00:00;0.112;1.404;2.352;0.112;0.24;0.0;1.82;0.292
2025-04-02 06:30:00+00:00;0.192;1.816;2.904;0.192;0.22;0.0;2.0;0.684
2025-04-02 06:45:00+00:00;0.264;2.252;3.44;0.264;3.44;0.0;0.0;0.0
2025-04-02 07:00:00+00:00;0.476;2.692;4.0;0.464;2.696;0.012;1.304;0.0
2025-04-02 07:15:00+00:00;0.804;3.12;4.512;0.56;0.26;0.08;1.4;2.852
2025-04-02 07:30:00+00:00;1.24;3.5;4.952;0.836;0.26;0.059;0.685;4.007
2025-04-02 07:45:00+00:00;1.744;3.844;5.336;1.076;0.256;0.123;0.937;4.143
2025-04-02 08:00:00+00:00;2.272;4.184;5.696;2.024;4.612;0.248;1.084;0.0
2025-04-02 08:15:00+00:00;2.82;4.52;6.112;2.692;3.156;0.104;2.385;0.571
2025-04-02 08:30:00+00:00;3.364;4.836;6.464;2.428;0.268;0.057;0.377;5.819
2025-04-02 08:45:00+00:00;3.892;5.108;6.8;0.72;0.26;0.477;0.985;5.555
2025-04-02 09:00:00+00:00;4.404;5.348;7.076;0.848;0.26;0.197;0.379;6.437
2025-04-02 09:15:00+00:00;4.88;5.572;7.352;0.876;1.116;1.166;1.816;4.42
2025-04-02 09:30:00+00:00;5.348;5.784;7.556;0.968;7.016;1.733;0.214;0.326
2025-04-02 09:45:00+00:00;5.768;5.948;7.704;0.996;1.512;0.205;0.266;5.926
2025-04-02 10:00:00+00:00;6.156;6.084;7.78;1.228;1.328;0.213;0.278;6.174
2025-04-02 10:15:00+00:00;6.524;6.192;7.864;1.156;0.336;0.186;0.261;7.267
2025-04-02 10:30:00+00:00;6.792;6.148;7.748;1.528;0.336;0.955;1.344;6.068
2025-04-02 10:45:00+00:00;7.088;6.268;7.816;1.404;0.284;1.813;2.403;5.129
2025-04-02 11:00:00+00:00;7.344;6.28;7.736;0.44;1.156;2.739;2.611;3.969
2025-04-02 11:15:00+00:00;6.992;5.72;7.072;0.292;1.828;1.317;1.031;4.213
2025-04-02 11:30:00+00:00;6.444;5.312;6.36;0.348;0.292;2.55;2.538;3.53
2025-04-02 11:45:00+00:00;5.796;5.104;5.712;0.552;0.272;2.67;2.77;2.67
2025-04-02 12:00:00+00:00;7.008;5.0;6.124;0.704;0.248;3.548;3.308;2.568
2025-04-02 12:15:00+00:00;5.68;4.18;5.06;0.256;0.24;2.443;2.171;2.649
2025-04-02 12:30:00+00:00;8.432;6.072;7.216;0.308;0.284;1.718;1.467;5.465
2025-04-02 12:45:00+00:00;8.064;5.68;6.692;0.512;0.276;3.389;2.879;3.537
2025-04-02 13:00:00+00:00;6.808;4.448;5.34;0.856;0.26;4.16;3.55;1.53
2025-04-02 13:15:00+00:00;7.832;4.944;5.864;0.628;0.252;2.264;1.764;3.848
2025-04-02 13:30:00+00:00;7.78;4.768;5.628;0.656;0.312;0.333;0.249;5.067
2025-04-02 13:45:00+00:00;7.676;4.536;5.276;0.6;0.272;0.33;0.233;4.771
2025-04-02 14:00:00+00:00;7.328;4.08;4.664;0.472;0.26;0.226;0.145;4.259
2025-04-02 14:15:00+00:00;7.104;3.724;4.208;0.628;0.264;0.34;0.207;3.737
2025-04-02 14:30:00+00:00;6.628;3.284;3.632;0.472;0.736;0.589;0.277;2.619
2025-04-02 14:45:00+00:00;6.592;3.028;3.296;0.788;0.804;0.889;0.381;2.111
2025-04-02 15:00:00+00:00;6.26;2.648;2.54;0.756;0.296;0.913;0.372;1.872
2025-04-02 15:15:00+00:00;5.82;2.224;1.964;0.356;0.296;0.712;0.217;1.451
2025-04-02 15:30:00+00:00;5.412;1.816;1.248;0.428;0.28;0.497;0.097;0.871
2025-04-02 15:45:00+00:00;4.9;1.372;0.844;0.792;0.328;0.491;0.062;0.454
2025-04-02 16:00:00+00:00;4.424;0.948;0.532;0.876;0.304;0.572;0.037;0.191
2025-04-02 16:15:00+00:00;3.816;0.596;0.4;1.044;0.304;0.664;0.023;0.073
2025-04-02 16:30:00+00:00;3.264;0.42;0.352;0.756;0.348;2.14;0.004;0.0
2025-04-02 16:45:00+00:00;2.56;0.26;0.304;0.432;0.288;2.128;0.016;0.0
2025-04-02 17:00:00+00:00;1.928;0.164;0.248;0.504;0.248;1.424;0.0;0.0
2025-04-02 17:15:00+00:00;1.308;0.116;0.192;0.592;0.192;0.716;0.0;0.0
2025-04-02 17:30:00+00:00;0.668;0.08;0.128;0.532;0.128;0.136;0.0;0.0
2025-04-02 17:45:00+00:00;0.028;0.028;0.056;0.028;0.056;0.0;0.0;0.0
2025-04-02 18:00:00+00:00;0.0;0.0;0.004;0.0;0.004;0.0;0.0;0.0
2025-04-02 18:15:00+00:00;0.0;0.0;0.0;0.0;0.0;0.0;0.0;0.0
2025-04-02 18:30:00+00:00;0.0;0.0;0.0;0.0;0.0;0.0;0.0;0.0
2025-04-02 18:45:00+00:00;0.0;0.0;0.0;0.0;0.0;0.0;0.0;0.0
2025-04-02 19:00:00+00:00;0.0;0.0;0.0;0.0;0.0;0.0;0.0;0.0
2025-04-02 19:15:00+00:00;0.0;0.0;0.0;0.0;0.0;0.0;0.0;0.0
2025-04-02 19:30:00+00:00;0.0;0.0;0.0;0.0;0.0;0.0;0.0;0.0
2025-04-02 19:45:00+00:00;0.0;0.0;0.0;0.0;0.0;0.0;0.0;0.0
2025-04-02 20:00:00+00:00;0.0;0.0;0.0;0.0;0.0;0.0;0.0;0.0
2025-04-02 20:15:00+00:00;0.0;0.0;0.0;0.0;0.0;0.0;0.0;0.0
2025-04-02 20:30:00+00:00;0.0;0.0;0.0;0.0;0.0;0.0;0.0;0.0
2025-04-02 20:45:00+00:00;0.0;0.0;0.0;0.0;0.0;0.0;0.0;0.0
2025-04-02 21:00:00+00:00;0.0;0.0;0.0;0.0;0.0;0.0;0.0;0.0
2025-04-02 21:15:00+00:00;0.0;0.0;0.0;0.0;0.0;0.0;0.0;0.0
2025-04-02 21:30:00+00:00;0.0;0.0;0.0;0.0;0.0;0.0;0.0;0.0
2025-04-02 21:45:00+00:00;0.0;0.0;0.0;0.0;0.0;0.0;0.0;0.0
2025-04-02 22:00:00+00:00;0.0;0.0;0.0;0.0;0.0;0.0;0.0;0.0
2025-04-02 22:15:00+00:00;0.0;0.0;0.0;0.0;0.0;0.0;0.0;0.0
2025-04-02 22:30:00+00:00;0.0;0.0;0.0;0.0;0.0;0.0;0.0;0.0
2025-04-02 22:45:00+00:00;0.0;0.0;0.0;0.0;0.0;0.0;0.0;0.0
2025-04-02 23:00:00+00:00;0.0;0.0;0.0;0.0;0.0;0.0;0.0;0.0
2025-04-02 23:15:00+00:00;0.0;0.0;0.0;0.0;0.0;0.0;0.0;0.0
2025-04-02 23:30:00+00:00;0.0;0.0;0.0;0.0;0.0;0.0;0.0;0.0
2025-04-02 23:45:00+00:00;0.0;0.0;0.0;0.0;0.0;0.0;0.0;0.0
2025-04-03 00:00:00+00:00;0.0;0.0;0.0;0.0;0.0;0.0;0.0;0.0
2025-04-03 00:15:00+00:00;0.0;0.0;0.0;0.0;0.0;0.0;0.0;0.0
2025-04-03 00:30:00+00:00;0.0;0.0;0.0;0.0;0.0;0.0;0.0;0.0
2025-04-03 00:45:00+00:00;0.0;0.0;0.0;0.0;0.0;0.0;0.0;0.0
2025-04-03 01:00:00+00:00;0.0;0.0;0.0;0.0;0.0;0.0;0.0;0.0
2025-04-03 01:15:00+00:00;0.0;0.0;0.0;0.0;0.0;0.0;0.0;0.0
2025-04-03 01:30:00+00:00;0.0;0.0;0.0;0.0;0.0;0.0;0.0;0.0
2025-04-03 01:45:00+00:00;0.0;0.0;0.0;0.0;0.0;0.0;0.0;0.0
2025-04-03 02:00:00+00:00;0.0;0.0;0.0;0.0;0.0;0.0;0.0;0.0
2025-04-03 02:15:00+00:00;0.0;0.0;0.0;0.0;0.0;0.0;0.0;0.0
2025-04-03 02:30:00+00:00;0.0;0.0;0.0;0.0;0.0;0.0;0.0;0.0
2025-04-03 02:45:00+00:00;0.0;0.0;0.0;0.0;0.0;0.0;0.0;0.0
2025-04-03 03:00:00+00:00;0.0;0.0;0.0;0.0;0.0;0.0;0.0;0.0
2025-04-03 03:15:00+00:00;0.0;0.0;0.0;0.0;0.0;0.0;0.0;0.0
2025-04-03 03:30:00+00:00;0.0;0.0;0.0;0.0;0.0;0.0;0.0;0.0
2025-04-03 03:45:00+00:00;0.0;0.0;0.0;0.0;0.0;0.0;0.0;0.0
2025-04-03 04:00:00+00:00;0.0;0.0;0.0;0.0;0.0;0.0;0.0;0.0
2025-04-03 04:15:00+00:00;0.0;0.0;0.0;0.0;0.0;0.0;0.0;0.0
2025-04-03 04:30:00+00:00;0.0;0.0;0.0;0.0;0.0;0.0;0.0;0.0
2025-04-03 04:45:00+00:00;0.0;0.0;0.0;0.0;0.0;0.0;0.0;0.0
2025-04-03 05:00:00+00:00;0.0;0.0;0.012;0.0;0.012;0.0;0.0;0.0
2025-04-03 05:15:00+00:00;0.0;0.072;0.152;0.0;0.152;0.0;0.0;0.0
2025-04-03 05:30:00+00:00;0.0;0.348;0.724;0.0;0.24;0.0;0.484;0.0
2025-04-03 05:45:00+00:00;0.028;0.364;0.656;0.028;0.268;0.0;0.388;0.0
2025-04-03 06:00:00+00:00;0.02;0.42;0.74;0.02;0.268;0.0;0.472;0.0
2025-04-03 06:15:00+00:00;0.1;0.736;1.22;0.1;1.22;0.0;0.0;0.0
2025-04-03 06:30:00+00:00;0.228;1.708;2.7;0.228;2.7;0.0;0.0;0.0
2025-04-03 06:45:00+00:00;0.332;2.204;3.32;0.332;0.224;0.0;3.096;0.0
2025-04-03 07:00:00+00:00;0.52;2.6;3.828;0.52;0.272;0.0;3.556;0.0
2025-04-03 07:15:00+00:00;0.848;3.016;4.344;0.848;0.348;0.0;3.276;0.72
2025-04-03 07:30:00+00:00;1.272;3.42;4.792;0.764;4.792;0.508;0.0;0.0
2025-04-03 07:45:00+00:00;1.756;3.78;5.188;0.716;1.912;0.272;0.856;2.42
2025-04-03 08:00:00+00:00;2.276;4.116;5.564;0.744;0.26;0.679;2.349;2.955
2025-04-03 08:15:00+00:00;2.808;4.444;5.964;0.768;0.308;0.19;0.527;5.129
2025-04-03 08:30:00+00:00;3.34;4.74;6.316;0.708;0.34;0.149;0.337;5.639
2025-04-03 08:45:00+00:00;3.84;4.98;6.596;0.96;6.112;0.438;0.074;0.41
2025-04-03 09:00:00+00:00;4.316;5.236;6.872;1.4;1.712;0.197;0.349;4.811
2025-04-03 09:15:00+00:00;4.784;5.432;7.116;2.504;0.78;0.1;0.279;6.057
2025-04-03 09:30:00+00:00;5.232;5.624;7.316;1.504;1.032;0.213;0.358;5.926
2025-04-03 09:45:00+00:00;5.596;5.732;7.352;1.4;0.988;0.639;0.97;5.394
2025-04-03 10:00:00+00:00;5.916;5.848;7.424;1.636;1.232;1.794;2.595;3.597
2025-04-03 10:15:00+00:00;6.288;5.96;7.508;1.3;2.68;2.675;2.589;2.239
2025-04-03 10:30:00+00:00;6.524;5.976;7.468;0.54;5.14;3.939;1.533;0.795
2025-04-03 10:45:00+00:00;6.812;6.052;7.496;0.76;0.488;2.53;2.93;4.078
2025-04-03 11:00:00+00:00;7.06;6.016;7.452;1.56;0.3;2.302;2.994;4.158
2025-04-03 11:15:00+00:00;7.064;5.944;7.252;0.872;3.872;3.902;2.13;1.25
2025-04-03 11:30:00+00:00;7.192;5.796;7.104;0.768;5.248;4.326;1.25;0.606
2025-04-03 11:45:00+00:00;7.392;5.8;7.036;1.208;5.376;3.901;1.047;0.613
2025-04-03 12:00:00+00:00;7.548;5.724;6.952;1.012;5.412;4.144;0.976;0.564
2025-04-03 12:15:00+00:00;7.66;5.652;6.816;1.324;5.34;4.172;0.972;0.504
2025-04-03 12:30:00+00:00;7.712;5.468;6.572;0.976;5.3;4.311;0.814;0.458
2025-04-03 12:45:00+00:00;7.664;5.24;6.26;2.508;5.3;0.351;0.065;0.895
2025-04-03 13:00:00+00:00;7.596;5.064;6.004;1.28;5.308;1.617;0.178;0.518
2025-04-03 13:15:00+00:00;7.504;4.808;5.656;0.736;5.564;0.495;0.007;0.085
2025-04-03 13:30:00+00:00;7.348;4.512;5.284;0.716;5.284;2.345;0.0;0.0
2025-04-03 13:45:00+00:00;7.236;4.228;4.904;0.512;4.904;3.464;0.0;0.0
2025-04-03 14:00:00+00:00;7.116;3.96;4.532;0.656;4.532;1.994;0.0;0.0
2025-04-03 14:15:00+00:00;6.864;3.652;4.104;0.744;4.104;1.793;0.0;0.0
2025-04-03 14:30:00+00:00;6.644;3.316;3.664;0.788;3.664;2.424;0.0;0.0
2025-04-03 14:45:00+00:00;6.292;2.932;3.132;0.556;3.132;3.011;0.0;0.0
2025-04-03 15:00:00+00:00;5.484;2.404;2.268;0.484;2.268;4.049;0.0;0.0
2025-04-03 15:15:00+00:00;4.224;1.636;1.5;0.568;1.5;3.656;0.0;0.0
2025-04-03 15:30:00+00:00;4.856;1.656;1.172;0.52;1.172;4.336;0.0;0.0
2025-04-03 15:45:00+00:00;4.352;1.272;0.804;0.548;0.804;3.804;0.0;0.0
2025-04-03 16:00:00+00:00;4.256;0.924;0.552;0.692;0.276;1.832;0.142;0.134
2025-04-03 16:15:00+00:00;3.72;0.616;0.428;0.66;0.256;1.044;0.059;0.113
2025-04-03 16:30:00+00:00;3.08;0.432;0.364;0.552;0.264;0.793;0.031;0.069
2025-04-03 16:45:00+00:00;2.52;0.268;0.304;0.476;0.264;1.474;0.029;0.011
2025-04-03 17:00:00+00:00;1.828;0.164;0.244;0.572;0.244;0.847;0.0;0.0
2025-04-03 17:15:00+00:00;1.224;0.108;0.176;0.756;0.176;0.468;0.0;0.0
2025-04-03 17:30:00+00:00;0.456;0.06;0.108;0.456;0.108;0.0;0.0;0.0
2025-04-03 17:45:00+00:00;0.028;0.012;0.04;0.028;0.04;0.0;0.0;0.0
2025-04-03 18:00:00+00:00;0.0;0.0;0.0;0.0;0.0;0.0;0.0;0.0
2025-04-03 18:15:00+00:00;0.0;0.0;0.0;0.0;0.0;0.0;0.0;0.0
2025-04-03 18:30:00+00:00;0.0;0.0;0.0;0.0;0.0;0.0;0.0;0.0
2025-04-03 18:45:00+00:00;0.0;0.0;0.0;0.0;0.0;0.0;0.0;0.0
2025-04-03 19:00:00+00:00;0.0;0.0;0.0;0.0;0.0;0.0;0.0;0.0
2025-04-03 19:15:00+00:00;0.0;0.0;0.0;0.0;0.0;0.0;0.0;0.0
2025-04-03 19:30:00+00:00;0.0;0.0;0.0;0.0;0.0;0.0;0.0;0.0
2025-04-03 19:45:00+00:00;0.0;0.0;0.0;0.0;0.0;0.0;0.0;0.0
2025-04-03 20:00:00+00:00;0.0;0.0;0.0;0.0;0.0;0.0;0.0;0.0
2025-04-03 20:15:00+00:00;0.0;0.0;0.0;0.0;0.0;0.0;0.0;0.0
2025-04-03 20:30:00+00:00;0.0;0.0;0.0;0.0;0.0;0.0;0.0;0.0
2025-04-03 20:45:00+00:00;0.0;0.0;0.0;0.0;0.0;0.0;0.0;0.0
2025-04-03 21:00:00+00:00;0.0;0.0;0.0;0.0;0.0;0.0;0.0;0.0
2025-04-03 21:15:00+00:00;0.0;0.0;0.0;0.0;0.0;0.0;0.0;0.0
2025-04-03 21:30:00+00:00;0.0;0.0;0.0;0.0;0.0;0.0;0.0;0.0
2025-04-03 21:45:00+00:00;0.0;0.0;0.0;0.0;0.0;0.0;0.0;0.0
2025-04-03 22:00:00+00:00;0.0;0.0;0.0;0.0;0.0;0.0;0.0;0.0
2025-04-03 22:15:00+00:00;0.0;0.0;0.0;0.0;0.0;0.0;0.0;0.0
2025-04-03 22:30:00+00:00;0.0;0.0;0.0;0.0;0.0;0.0;0.0;0.0
2025-04-03 22:45:00+00:00;0.0;0.0;0.0;0.0;0.0;0.0;0.0;0.0
2025-04-03 23:00:00+00:00;0.0;0.0;0.0;0.0;0.0;0.0;0.0;0.0
2025-04-03 23:15:00+00:00;0.0;0.0;0.0;0.0;0.0;0.0;0.0;0.0
2025-04-03 23:30:00+00:00;0.0;0.0;0.0;0.0;0.0;0.0;0.0;0.0
2025-04-03 23:45:00+00:00;0.0;0.0;0.0;0.0;0.0;0.0;0.0;0.0
2025-04-04 00:00:00+00:00;0.0;0.0;0.0;0.0;0.0;0.0;0.0;0.0
2025-04-04 00:15:00+00:00;0.0;0.0;0.0;0.0;0.0;0.0;0.0;0.0
2025-04-04 00:30:00+00:00;0.0;0.0;0.0;0.0;0.0;0.0;0.0;0.0
2025-04-04 00:45:00+00:00;0.0;0.0;0.0;0.0;0.0;0.0;0.0;0.0
2025-04-04 01:00:00+00:00;0.0;0.0;0.0;0.0;0.0;0.0;0.0;0.0
2025-04-04 01:15:00+00:00;0.0;0.0;0.0;0.0;0.0;0.0;0.0;0.0
2025-04-04 01:30:00+00:00;0.0;0.0;0.0;0.0;0.0;0.0;0.0;0.0
2025-04-04 01:45:00+00:00;0.0;0.0;0.0;0.0;0.0;0.0;0.0;0.0
2025-04-04 02:00:00+00:00;0.0;0.0;0.0;0.0;0.0;0.0;0.0;0.0
2025-04-04 02:15:00+00:00;0.0;0.0;0.0;0.0;0.0;0.0;0.0;0.0
2025-04-04 02:30:00+00:00;0.0;0.0;0.0;0.0;0.0;0.0;0.0;0.0
2025-04-04 02:45:00+00:00;0.0;0.0;0.0;0.0;0.0;0.0;0.0;0.0
2025-04-04 03:00:00+00:00;0.0;0.0;0.0;0.0;0.0;0.0;0.0;0.0
2025-04-04 03:15:00+00:00;0.0;0.0;0.0;0.0;0.0;0.0;0.0;0.0
2025-04-04 03:30:00+00:00;0.0;0.0;0.0;0.0;0.0;0.0;0.0;0.0
2025-04-04 03:45:00+00:00;0.0;0.0;0.0;0.0;0.0;0.0;0.0;0.0
2025-04-04 04:00:00+00:00;0.0;0.0;0.0;0.0;0.0;0.0;0.0;0.0
2025-04-04 04:15:00+00:00;0.0;0.0;0.0;0.0;0.0;0.0;0.0;0.0
2025-04-04 04:30:00+00:00;0.0;0.0;0.0;0.0;0.0;0.0;0.0;0.0
2025-04-04 04:45:00+00:00;0.0;0.0;0.0;0.0;0.0;0.0;0.0;0.0
2025-04-04 05:00:00+00:00;0.0;0.008;0.032;0.0;0.032;0.0;0.0;0.0
2025-04-04 05:15:00+00:00;0.0;0.148;0.38;0.0;0.38;0.0;0.0;0.0
2025-04-04 05:30:00+00:00;0.0;0.412;0.928;0.0;0.928;0.0;0.0;0.0
2025-04-04 05:45:00+00:00;0.02;0.764;1.496;0.02;1.496;0.0;0.0;0.0
2025-04-04 06:00:00+00:00;0.052;1.168;2.08;0.052;1.32;0.0;0.76;0.0
2025-04-04 06:15:00+00:00;0.104;1.596;2.652;0.104;0.212;0.0;2.44;0.0
2025-04-04 06:30:00+00:00;0.12;2.028;3.2;0.12;0.248;0.0;2.952;0.0
2025-04-04 06:45:00+00:00;0.208;2.452;3.724;0.208;2.68;0.0;1.044;0.0
2025-04-04 07:00:00+00:00;0.472;2.864;4.208;0.472;4.208;0.0;0.0;0.0
2025-04-04 07:15:00+00:00;0.884;3.248;4.636;0.884;3.608;0.0;1.028;0.0
2025-04-04 07:30:00+00:00;1.32;3.62;5.04;0.812;0.264;0.203;1.913;2.863
2025-04-04 07:45:00+00:00;1.836;3.972;5.384;1.524;0.288;0.04;0.656;4.44
2025-04-04 08:00:00+00:00;2.38;4.32;5.768;2.292;0.252;0.028;1.74;3.776
2025-04-04 08:15:00+00:00;2.928;4.636;6.16;0.704;0.244;0.358;0.952;4.964
2025-04-04 08:30:00+00:00;3.46;4.892;6.468;0.964;5.02;0.257;0.149;1.299
2025-04-04 08:45:00+00:00;3.964;5.124;6.732;1.044;2.164;0.129;0.201;4.367
2025-04-04 09:00:00+00:00;4.428;5.34;7.004;2.372;0.264;0.098;0.321;6.419
2025-04-04 09:15:00+00:00;4.888;5.548;7.208;2.484;0.244;0.15;0.433;6.531
2025-04-04 09:30:00+00:00;5.312;5.696;7.34;3.784;0.256;0.078;0.361;6.723
2025-04-04 09:45:00+00:00;5.72;5.876;7.492;4.752;0.268;0.048;0.355;6.869
2025-04-04 10:00:00+00:00;6.008;5.936;7.524;2.968;0.28;0.638;1.519;5.725
2025-04-04 10:15:00+00:00;6.34;6.04;7.588;2.716;0.252;0.889;1.8;5.536
2025-04-04 10:30:00+00:00;6.62;6.092;7.568;2.94;0.244;0.452;0.901;6.423
2025-04-04 10:45:00+00:00;6.832;6.104;7.532;2.756;0.26;0.207;0.368;6.904
2025-04-04 11:00:00+00:00;6.976;6.072;7.432;2.528;0.328;0.23;0.369;6.735
2025-04-04 11:15:00+00:00;7.176;6.06;7.36;3.008;0.284;0.195;0.332;6.744
2025-04-04 11:30:00+00:00;7.36;6.004;7.248;2.364;0.24;0.749;1.049;5.959
2025-04-04 11:45:00+00:00;7.488;5.908;7.136;3.82;0.248;1.38;2.592;4.296
2025-04-04 12:00:00+00:00;7.544;5.804;6.984;2.796;0.264;1.795;2.541;4.179
2025-04-04 12:15:00+00:00;7.616;5.668;6.792;2.5;0.304;2.204;2.794;3.694
2025-04-04 12:30:00+00:00;7.692;5.508;6.588;1.872;0.26;0.881;0.958;5.37
2025-04-04 12:45:00+00:00;7.656;5.316;6.328;0.736;0.244;0.802;0.705;5.379
2025-04-04 13:00:00+00:00;7.588;5.072;5.996;0.504;0.26;1.753;1.419;4.317
2025-04-04 13:15:00+00:00;7.504;4.816;5.672;0.732;0.276;2.231;1.777;3.619
2025-04-04 13:30:00+00:00;7.416;4.576;5.34;1.184;0.288;1.423;1.153;3.899
2025-04-04 13:45:00+00:00;7.24;4.284;4.944;0.86;0.26;0.59;0.434;4.25
2025-04-04 14:00:00+00:00;7.128;3.996;4.568;0.556;0.232;1.231;0.813;3.523
2025-04-04 14:15:00+00:00;6.908;3.664;4.14;0.648;0.276;1.812;1.119;2.745
2025-04-04 14:30:00+00:00;6.7;3.34;3.692;0.52;0.316;0.519;0.283;3.093
2025-04-04 14:45:00+00:00;6.416;2.976;3.184;0.912;0.304;0.437;0.229;2.651
2025-04-04 15:00:00+00:00;6.108;2.608;2.432;0.856;0.272;0.334;0.137;2.023
2025-04-04 15:15:00+00:00;5.752;2.224;1.92;0.66;0.312;0.251;0.079;1.529
2025-04-04 15:30:00+00:00;5.352;1.808;1.144;0.64;0.34;0.367;0.063;0.741
2025-04-04 15:45:00+00:00;4.944;1.352;0.74;0.456;0.312;0.516;0.049;0.379
2025-04-04 16:00:00+00:00;4.516;0.876;0.456;0.58;0.308;0.548;0.021;0.127
2025-04-04 16:15:00+00:00;4.024;0.552;0.336;0.624;0.272;0.604;0.012;0.052
2025-04-04 16:30:00+00:00;3.48;0.396;0.296;0.652;0.26;0.851;0.011;0.025
2025-04-04 16:45:00+00:00;2.904;0.228;0.264;0.7;0.264;0.646;0.0;0.0
2025-04-04 17:00:00+00:00;2.272;0.136;0.224;0.508;0.224;0.625;0.0;0.0
2025-04-04 17:15:00+00:00;1.608;0.1;0.176;0.396;0.176;0.653;0.0;0.0
2025-04-04 17:30:00+00:00;0.94;0.064;0.124;0.56;0.124;0.38;0.0;0.0
2025-04-04 17:45:00+00:00;0.072;0.024;0.056;0.072;0.056;0.0;0.0;0.0
2025-04-04 18:00:00+00:00;0.0;0.0;0.004;0.0;0.004;0.0;0.0;0.0
2025-04-04 18:15:00+00:00;0.0;0.0;0.0;0.0;0.0;0.0;0.0;0.0
2025-04-04 18:30:00+00:00;0.0;0.0;0.0;0.0;0.0;0.0;0.0;0.0
2025-04-04 18:45:00+00:00;0.0;0.0;0.0;0.0;0.0;0.0;0.0;0.0
2025-04-04 19:00:00+00:00;0.0;0.0;0.0;0.0;0.0;0.0;0.0;0.0
2025-04-04 19:15:00+00:00;0.0;0.0;0.0;0.0;0.0;0.0;0.0;0.0
2025-04-04 19:30:00+00:00;0.0;0.0;0.0;0.0;0.0;0.0;0.0;0.0
2025-04-04 19:45:00+00:00;0.0;0.0;0.0;0.0;0.0;0.0;0.0;0.0
2025-04-04 20:00:00+00:00;0.0;0.0;0.0;0.0;0.0;0.0;0.0;0.0
2025-04-04 20:15:00+00:00;0.0;0.0;0.0;0.0;0.0;0.0;0.0;0.0
2025-04-04 20:30:00+00:00;0.0;0.0;0.0;0.0;0.0;0.0;0.0;0.0
2025-04-04 20:45:00+00:00;0.0;0.0;0.0;0.0;0.0;0.0;0.0;0.0
2025-04-04 21:00:00+00:00;0.0;0.0;0.0;0.0;0.0;0.0;0.0;0.0
2025-04-04 21:15:00+00:00;0.0;0.0;0.0;0.0;0.0;0.0;0.0;0.0
2025-04-04 21:30:00+00:00;0.0;0.0;0.0;0.0;0.0;0.0;0.0;0.0
2025-04-04 21:45:00+00:00;0.0;0.0;0.0;0.0;0.0;0.0;0.0;0.0
2025-04-04 22:00:00+00:00;0.0;0.0;0.0;0.0;0.0;0.0;0.0;0.0
2025-04-04 22:15:00+00:00;0.0;0.0;0.0;0.0;0.0;0.0;0.0;0.0
2025-04-04 22:30:00+00:00;0.0;0.0;0.0;0.0;0.0;0.0;0.0;0.0
2025-04-04 22:45:00+00:00;0.0;0.0;0.0;0.0;0.0;0.0;0.0;0.0
2025-04-04 23:00:00+00:00;0.0;0.0;0.0;0.0;0.0;0.0;0.0;0.0
2025-04-04 23:15:00+00:00;0.0;0.0;0.0;0.0;0.0;0.0;0.0;0.0
2025-04-04 23:30:00+00:00;0.0;0.0;0.0;0.0;0.0;0.0;0.0;0.0
2025-04-04 23:45:00+00:00;0.0;0.0;0.0;0.0;0.0;0.0;0.0;0.0
2025-04-05 00:00:00+00:00;0.0;0.0;0.0;0.0;0.0;0.0;0.0;0.0
2025-04-05 00:15:00+00:00;0.0;0.0;0.0;0.0;0.0;0.0;0.0;0.0
2025-04-05 00:30:00+00:00;0.0;0.0;0.0;0.0;0.0;0.0;0.0;0.0
2025-04-05 00:45:00+00:00;0.0;0.0;0.0;0.0;0.0;0.0;0.0;0.0
2025-04-05 01:00:00+00:00;0.0;0.0;0.0;0.0;0.0;0.0;0.0;0.0
2025-04-05 01:15:00+00:00;0.0;0.0;0.0;0.0;0.0;0.0;0.0;0.0
2025-04-05 01:30:00+00:00;0.0;0.0;0.0;0.0;0.0;0.0;0.0;0.0
2025-04-05 01:45:00+00:00;0.0;0.0;0.0;0.0;0.0;0.0;0.0;0.0
2025-04-05 02:00:00+00:00;0.0;0.0;0.0;0.0;0.0;0.0;0.0;0.0
2025-04-05 02:15:00+00:00;0.0;0.0;0.0;0.0;0.0;0.0;0.0;0.0
2025-04-05 02:30:00+00:00;0.0;0.0;0.0;0.0;0.0;0.0;0.0;0.0
2025-04-05 02:45:00+00:00;0.0;0.0;0.0;0.0;0.0;0.0;0.0;0.0
2025-04-05 03:00:00+00:00;0.0;0.0;0.0;0.0;0.0;0.0;0.0;0.0
2025-04-05 03:15:00+00:00;0.0;0.0;0.0;0.0;0.0;0.0;0.0;0.0
2025-04-05 03:30:00+00:00;0.0;0.0;0.0;0.0;0.0;0.0;0.0;0.0
2025-04-05 03:45:00+00:00;0.0;0.0;0.0;0.0;0.0;0.0;0.0;0.0
2025-04-05 04:00:00+00:00;0.0;0.0;0.0;0.0;0.0;0.0;0.0;0.0
2025-04-05 04:15:00+00:00;0.0;0.0;0.0;0.0;0.0;0.0;0.0;0.0
2025-04-05 04:30:00+00:00;0.0;0.0;0.0;0.0;0.0;0.0;0.0;0.0
2025-04-05 04:45:00+00:00;0.0;0.0;0.0;0.0;0.0;0.0;0.0;0.0
2025-04-05 05:00:00+00:00;0.0;0.008;0.036;0.0;0.036;0.0;0.0;0.0
2025-04-05 05:15:00+00:00;0.0;0.14;0.356;0.0;0.356;0.0;0.0;0.0
2025-04-05 05:30:00+00:00;0.0;0.396;0.86;0.0;0.86;0.0;0.0;0.0
2025-04-05 05:45:00+00:00;0.024;0.744;1.416;0.024;1.416;0.0;0.0;0.0
2025-04-05 06:00:00+00:00;0.112;1.128;1.964;0.112;1.964;0.0;0.0;0.0
2025-04-05 06:15:00+00:00;0.176;1.524;2.496;0.176;0.468;0.0;1.94;0.088
2025-04-05 06:30:00+00:00;0.212;1.92;3.012;0.212;0.468;0.0;1.828;0.716
2025-04-05 06:45:00+00:00;0.356;2.332;3.508;0.356;3.508;0.0;0.0;0.0
2025-04-05 07:00:00+00:00;0.604;2.744;3.988;0.604;3.988;0.0;0.0;0.0
2025-04-05 07:15:00+00:00;0.936;3.112;4.416;0.936;0.328;0.0;4.088;0.0
2025-04-05 07:30:00+00:00;1.348;3.472;4.84;1.348;0.296;0.0;4.544;0.0
2025-04-05 07:45:00+00:00;1.844;3.832;5.212;1.844;0.336;0.0;4.876;0.0
2025-04-05 08:00:00+00:00;2.364;4.172;5.588;2.364;4.62;0.0;0.968;0.0
2025-04-05 08:15:00+00:00;2.896;4.488;5.988;2.896;3.096;0.0;2.892;0.0
2025-04-05 08:30:00+00:00;3.408;4.74;6.28;3.408;0.324;0.0;2.456;3.5
2025-04-05 08:45:00+00:00;3.92;5.028;6.62;3.92;0.272;0.0;2.988;3.36
2025-04-05 09:00:00+00:00;4.388;5.252;6.888;4.244;0.3;0.02;0.872;5.716
2025-04-05 09:15:00+00:00;4.804;5.428;7.044;1.64;1.148;0.213;0.397;5.499
2025-04-05 09:30:00+00:00;5.268;5.652;7.28;1.976;6.64;0.862;0.168;0.472
2025-04-05 09:45:00+00:00;5.612;5.76;7.348;3.512;3.084;0.509;1.034;3.23
2025-04-05 10:00:00+00:00;5.992;5.916;7.464;5.192;2.052;0.15;1.018;4.394
2025-04-05 10:15:00+00:00;6.328;6.024;7.524;3.552;2.132;0.465;0.904;4.488
2025-04-05 10:30:00+00:00;6.608;6.096;7.564;3.04;0.436;0.283;0.567;6.561
2025-04-05 10:45:00+00:00;6.788;6.06;7.44;2.032;0.252;0.561;0.848;6.34
2025-04-05 11:00:00+00:00;6.876;5.94;7.288;1.32;1.016;0.778;0.879;5.393
2025-04-05 11:15:00+00:00;7.124;6.004;7.304;2.804;0.516;0.658;1.034;5.754
2025-04-05 11:30:00+00:00;7.24;5.908;7.132;2.54;0.448;1.205;1.713;4.971
2025-04-05 11:45:00+00:00;7.304;5.764;6.964;2.988;1.588;0.318;0.396;4.98
2025-04-05 12:00:00+00:00;7.396;5.592;6.768;4.732;1.196;0.201;0.421;5.151
2025-04-05 12:15:00+00:00;7.512;5.48;6.632;4.612;0.504;0.212;0.45;5.678
2025-04-05 12:30:00+00:00;7.492;5.364;6.492;1.972;0.692;0.786;0.826;4.974
2025-04-05 12:45:00+00:00;7.664;5.232;6.288;4.904;0.304;0.956;2.072;3.912
2025-04-05 13:00:00+00:00;7.644;5.064;6.056;2.74;0.736;0.456;0.494;4.826
2025-04-05 13:15:00+00:00;7.504;4.86;5.808;2.764;2.324;0.251;0.184;3.3
2025-04-05 13:30:00+00:00;7.344;4.572;5.404;0.784;0.672;0.267;0.192;4.54
2025-04-05 13:45:00+00:00;6.952;4.116;4.808;0.776;0.272;0.235;0.172;4.364
2025-04-05 14:00:00+00:00;5.856;3.34;3.86;0.912;0.268;0.287;0.208;3.384
2025-04-05 14:15:00+00:00;6.964;3.728;4.228;0.928;0.66;0.303;0.18;3.388
2025-04-05 14:30:00+00:00;6.388;3.236;3.628;0.892;0.936;0.415;0.203;2.489
2025-04-05 14:45:00+00:00;6.404;3.16;3.456;0.908;0.32;0.617;0.352;2.784
2025-04-05 15:00:00+00:00;6.048;2.844;2.852;0.512;0.312;0.593;0.272;2.268
2025-04-05 15:15:00+00:00;5.448;2.416;2.304;0.572;0.32;0.643;0.262;1.722
2025-04-05 15:30:00+00:00;3.44;1.668;1.612;0.492;0.36;0.489;0.207;1.045
2025-04-05 15:45:00+00:00;3.06;1.392;1.356;0.42;0.32;0.502;0.197;0.839
2025-04-05 16:00:00+00:00;1.58;0.828;0.928;0.624;0.648;0.554;0.162;0.118
2025-04-05 16:15:00+00:00;1.264;0.652;0.744;0.868;0.744;0.396;0.0;0.0
2025-04-05 16:30:00+00:00;4.02;0.796;0.696;4.02;0.428;0.0;0.268;0.0
2025-04-05 16:45:00+00:00;1.8;0.42;0.452;1.088;0.376;0.712;0.076;0.0
2025-04-05 17:00:00+00:00;1.792;0.336;0.376;0.784;0.376;1.008;0.0;0.0
2025-04-05 17:15:00+00:00;0.588;0.196;0.26;0.588;0.26;0.0;0.0;0.0
2025-04-05 17:30:00+00:00;0.572;0.14;0.196;0.572;0.196;0.0;0.0;0.0
2025-04-05 17:45:00+00:00;0.056;0.056;0.088;0.056;0.088;0.0;0.0;0.0
2025-04-05 18:00:00+00:00;0.0;0.008;0.02;0.0;0.02;0.0;0.0;0.0
2025-04-05 18:15:00+00:00;0.0;0.0;0.0;0.0;0.0;0.0;0.0;0.0
2025-04-05 18:30:00+00:00;0.0;0.0;0.0;0.0;0.0;0.0;0.0;0.0
2025-04-05 18:45:00+00:00;0.0;0.0;0.0;0.0;0.0;0.0;0.0;0.0
2025-04-05 19:00:00+00:00;0.0;0.0;0.0;0.0;0.0;0.0;0.0;0.0
2025-04-05 19:15:00+00:00;0.0;0.0;0.0;0.0;0.0;0.0;0.0;0.0
2025-04-05 19:30:00+00:00;0.0;0.0;0.0;0.0;0.0;0.0;0.0;0.0
2025-04-05 19:45:00+00:00;0.0;0.0;0.0;0.0;0.0;0.0;0.0;0.0
2025-04-05 20:00:00+00:00;0.0;0.0;0.0;0.0;0.0;0.0;0.0;0.0
2025-04-05 20:15:00+00:00;0.0;0.0;0.0;0.0;0.0;0.0;0.0;0.0
2025-04-05 20:30:00+00:00;0.0;0.0;0.0;0.0;0.0;0.0;0.0;0.0
2025-04-05 20:45:00+00:00;0.0;0.0;0.0;0.0;0.0;0.0;0.0;0.0
2025-04-05 21:00:00+00:00;0.0;0.0;0.0;0.0;0.0;0.0;0.0;0.0
2025-04-05 21:15:00+00:00;0.0;0.0;0.0;0.0;0.0;0.0;0.0;0.0
2025-04-05 21:30:00+00:00;0.0;0.0;0.0;0.0;0.0;0.0;0.0;0.0
2025-04-05 21:45:00+00:00;0.0;0.0;0.0;0.0;0.0;0.0;0.0;0.0
2025-04-05 22:00:00+00:00;0.0;0.0;0.0;0.0;0.0;0.0;0.0;0.0
2025-04-05 22:15:00+00:00;0.0;0.0;0.0;0.0;0.0;0.0;0.0;0.0
2025-04-05 22:30:00+00:00;0.0;0.0;0.0;0.0;0.0;0.0;0.0;0.0
2025-04-05 22:45:00+00:00;0.0;0.0;0.0;0.0;0.0;0.0;0.0;0.0
2025-04-05 23:00:00+00:00;0.0;0.0;0.0;0.0;0.0;0.0;0.0;0.0
2025-04-05 23:15:00+00:00;0.0;0.0;0.0;0.0;0.0;0.0;0.0;0.0
2025-04-05 23:30:00+00:00;0.0;0.0;0.0;0.0;0.0;0.0;0.0;0.0
2025-04-05 23:45:00+00:00;0.0;0.0;0.0;0.0;0.0;0.0;0.0;0.0
2025-04-06 00:00:00+00:00;0.0;0.0;0.0;0.0;0.0;0.0;0.0;0.0
2025-04-06 00:15:00+00:00;0.0;0.0;0.0;0.0;0.0;0.0;0.0;0.0
2025-04-06 00:30:00+00:00;0.0;0.0;0.0;0.0;0.0;0.0;0.0;0.0
2025-04-06 00:45:00+00:00;0.0;0.0;0.0;0.0;0.0;0.0;0.0;0.0
2025-04-06 01:00:00+00:00;0.0;0.0;0.0;0.0;0.0;0.0;0.0;0.0
2025-04-06 01:15:00+00:00;0.0;0.0;0.0;0.0;0.0;0.0;0.0;0.0
2025-04-06 01:30:00+00:00;0.0;0.0;0.0;0.0;0.0;0.0;0.0;0.0
2025-04-06 01:45:00+00:00;0.0;0.0;0.0;0.0;0.0;0.0;0.0;0.0
2025-04-06 02:00:00+00:00;0.0;0.0;0.0;0.0;0.0;0.0;0.0;0.0
2025-04-06 02:15:00+00:00;0.0;0.0;0.0;0.0;0.0;0.0;0.0;0.0
2025-04-06 02:30:00+00:00;0.0;0.0;0.0;0.0;0.0;0.0;0.0;0.0
2025-04-06 02:45:00+00:00;0.0;0.0;0.0;0.0;0.0;0.0;0.0;0.0
2025-04-06 03:00:00+00:00;0.0;0.0;0.0;0.0;0.0;0.0;0.0;0.0
2025-04-06 03:15:00+00:00;0.0;0.0;0.0;0.0;0.0;0.0;0.0;0.0
2025-04-06 03:30:00+00:00;0.0;0.0;0.0;0.0;0.0;0.0;0.0;0.0
2025-04-06 03:45:00+00:00;0.0;0.0;0.0;0.0;0.0;0.0;0.0;0.0
2025-04-06 04:00:00+00:00;0.0;0.0;0.0;0.0;0.0;0.0;0.0;0.0
2025-04-06 04:15:00+00:00;0.0;0.0;0.0;0.0;0.0;0.0;0.0;0.0
2025-04-06 04:30:00+00:00;0.0;0.0;0.0;0.0;0.0;0.0;0.0;0.0
2025-04-06 04:45:00+00:00;0.0;0.0;0.0;0.0;0.0;0.0;0.0;0.0
2025-04-06 05:00:00+00:00;0.0;0.028;0.1;0.0;0.1;0.0;0.0;0.0
2025-04-06 05:15:00+00:00;0.0;0.216;0.576;0.0;0.576;0.0;0.0;0.0
2025-04-06 05:30:00+00:00;0.0;0.52;1.156;0.0;1.156;0.0;0.0;0.0
2025-04-06 05:45:00+00:00;0.024;0.892;1.728;0.024;0.188;0.0;1.54;0.0
2025-04-06 06:00:00+00:00;0.08;1.316;2.32;0.08;2.32;0.0;0.0;0.0
2025-04-06 06:15:00+00:00;0.136;1.76;2.892;0.136;1.672;0.0;1.22;0.0
2025-04-06 06:30:00+00:00;0.16;2.208;3.46;0.16;2.568;0.0;0.892;0.0
2025-04-06 06:45:00+00:00;0.284;2.652;4.012;0.284;2.536;0.0;1.476;0.0
2025-04-06 07:00:00+00:00;0.556;3.08;4.528;0.472;2.696;0.084;1.832;0.0
2025-04-06 07:15:00+00:00;0.944;3.504;5.024;0.816;2.46;0.128;2.564;0.0
2025-04-06 07:30:00+00:00;1.436;3.896;5.472;1.436;5.472;0.0;0.0;0.0
2025-04-06 07:45:00+00:00;1.988;4.284;5.876;1.484;0.292;0.086;0.955;4.629
2025-04-06 08:00:00+00:00;2.568;4.636;6.268;0.74;0.248;0.472;1.556;4.464
2025-04-06 08:15:00+00:00;3.14;4.96;6.628;0.692;0.26;0.204;0.531;5.837
2025-04-06 08:30:00+00:00;3.712;5.248;6.968;0.788;0.3;0.543;1.239;5.429
2025-04-06 08:45:00+00:00;4.244;5.492;7.28;1.868;0.288;0.467;1.375;5.617
2025-04-06 09:00:00+00:00;4.756;5.724;7.56;0.596;0.264;0.503;0.882;6.414
2025-04-06 09:15:00+00:00;5.264;5.976;7.8;0.652;6.132;0.848;0.307;1.361
2025-04-06 09:30:00+00:00;5.672;6.112;7.884;0.672;1.488;0.327;0.418;5.978
2025-04-06 09:45:00+00:00;6.072;6.248;7.96;0.48;0.324;0.72;0.984;6.652
2025-04-06 10:00:00+00:00;6.468;6.404;8.016;0.672;0.436;0.961;1.256;6.324
2025-04-06 10:15:00+00:00;6.836;6.496;8.016;0.584;0.252;0.184;0.228;7.536
2025-04-06 10:30:00+00:00;7.1;6.536;8.016;0.532;0.256;0.469;0.554;7.206
2025-04-06 10:45:00+00:00;7.444;6.608;8.012;0.96;2.156;1.177;1.064;4.792
2025-04-06 11:00:00+00:00;7.672;6.588;8.016;0.804;5.948;2.403;0.723;1.345
2025-04-06 11:15:00+00:00;7.86;6.548;7.956;0.58;5.296;1.774;0.648;2.012
2025-04-06 11:30:00+00:00;7.936;6.46;7.816;0.564;5.332;0.487;0.164;2.32
2025-04-06 11:45:00+00:00;8.084;6.36;7.676;0.38;5.356;0.592;0.178;2.142
2025-04-06 12:00:00+00:00;8.236;6.284;7.536;0.412;5.404;0.523;0.143;1.989
2025-04-06 12:15:00+00:00;8.232;6.076;7.248;0.628;5.412;0.823;0.199;1.637
2025-04-06 12:30:00+00:00;8.228;5.912;7.016;0.64;5.34;0.686;0.152;1.524
2025-04-06 12:45:00+00:00;8.256;5.704;6.728;0.688;5.344;1.123;0.205;1.179
2025-04-06 13:00:00+00:00;8.236;5.464;6.408;0.368;5.384;0.72;0.094;0.93
2025-04-06 13:15:00+00:00;8.108;5.196;6.044;0.368;5.36;0.649;0.057;0.627
2025-04-06 13:30:00+00:00;7.94;4.912;5.74;0.544;5.312;0.667;0.039;0.389
2025-04-06 13:45:00+00:00;7.816;4.636;5.348;0.436;5.316;0.68;0.003;0.029
2025-04-06 14:00:00+00:00;7.632;4.312;4.912;0.58;4.912;2.282;0.0;0.0
2025-04-06 14:15:00+00:00;7.376;3.944;4.448;0.644;4.448;1.77;0.0;0.0
2025-04-06 14:30:00+00:00;7.144;3.6;4.008;0.776;4.008;4.334;0.0;0.0
2025-04-06 14:45:00+00:00;6.916;3.228;3.472;0.6;3.472;4.361;0.0;0.0
2025-04-06 15:00:00+00:00;6.656;2.856;2.64;0.756;2.64;3.311;0.0;0.0
2025-04-06 15:15:00+00:00;6.308;2.424;2.056;0.648;2.056;4.289;0.0;0.0
2025-04-06 15:30:00+00:00;5.904;1.992;1.236;0.692;1.236;4.965;0.0;0.0
2025-04-06 15:45:00+00:00;5.428;1.484;0.792;0.848;0.792;4.58;0.0;0.0
2025-04-06 16:00:00+00:00;4.936;0.948;0.48;0.828;0.48;4.108;0.0;0.0
2025-04-06 16:15:00+00:00;4.4;0.712;0.364;0.548;0.364;3.852;0.0;0.0
2025-04-06 16:30:00+00:00;3.84;0.464;0.32;0.624;0.32;3.216;0.0;0.0
2025-04-06 16:45:00+00:00;3.228;0.26;0.284;0.728;0.284;2.5;0.0;0.0
2025-04-06 17:00:00+00:00;2.584;0.152;0.244;0.848;0.244;1.736;0.0;0.0
2025-04-06 17:15:00+00:00;1.884;0.108;0.2;0.836;0.2;1.048;0.0;0.0
2025-04-06 17:30:00+00:00;1.208;0.072;0.144;0.588;0.144;0.62;0.0;0.0
2025-04-06 17:45:00+00:00;0.212;0.036;0.076;0.212;0.076;0.0;0.0;0.0
2025-04-06 18:00:00+00:00;0.0;0.0;0.012;0.0;0.012;0.0;0.0;0.0
2025-04-06 18:15:00+00:00;0.0;0.0;0.0;0.0;0.0;0.0;0.0;0.0
2025-04-06 18:30:00+00:00;0.0;0.0;0.0;0.0;0.0;0.0;0.0;0.0
2025-04-06 18:45:00+00:00;0.0;0.0;0.0;0.0;0.0;0.0;0.0;0.0
2025-04-06 19:00:00+00:00;0.0;0.0;0.0;0.0;0.0;0.0;0.0;0.0
2025-04-06 19:15:00+00:00;0.0;0.0;0.0;0.0;0.0;0.0;0.0;0.0
2025-04-06 19:30:00+00:00;0.0;0.0;0.0;0.0;0.0;0.0;0.0;0.0
2025-04-06 19:45:00+00:00;0.0;0.0;0.0;0.0;0.0;0.0;0.0;0.0
2025-04-06 20:00:00+00:00;0.0;0.0;0.0;0.0;0.0;0.0;0.0;0.0
2025-04-06 20:15:00+00:00;0.0;0.0;0.0;0.0;0.0;0.0;0.0;0.0
2025-04-06 20:30:00+00:00;0.0;0.0;0.0;0.0;0.0;0.0;0.0;0.0
2025-04-06 20:45:00+00:00;0.0;0.0;0.0;0.0;0.0;0.0;0.0;0.0
2025-04-06 21:00:00+00:00;0.0;0.0;0.0;0.0;0.0;0.0;0.0;0.0
2025-04-06 21:15:00+00:00;0.0;0.0;0.0;0.0;0.0;0.0;0.0;0.0
2025-04-06 21:30:00+00:00;0.0;0.0;0.0;0.0;0.0;0.0;0.0;0.0
2025-04-06 21:45:00+00:00;0.0;0.0;0.0;0.0;0.0;0.0;0.0;0.0
2025-04-06 22:00:00+00:00;0.0;0.0;0.0;0.0;0.0;0.0;0.0;0.0
2025-04-06 22:15:00+00:00;0.0;0.0;0.0;0.0;0.0;0.0;0.0;0.0
2025-04-06 22:30:00+00:00;0.0;0.0;0.0;0.0;0.0;0.0;0.0;0.0
2025-04-06 22:45:00+00:00;0.0;0.0;0.0;0.0;0.0;0.0;0.0;0.0
2025-04-06 23:00:00+00:00;0.0;0.0;0.0;0.0;0.0;0.0;0.0;0.0
2025-04-06 23:15:00+00:00;0.0;0.0;0.0;0.0;0.0;0.0;0.0;0.0
2025-04-06 23:30:00+00:00;0.0;0.0;0.0;0.0;0.0;0.0;0.0;0.0
2025-04-06 23:45:00+00:00;0.0;0.0;0.0;0.0;0.0;0.0;0.0;0.0
2025-04-07 00:00:00+00:00;0.0;0.0;0.0;0.0;0.0;0.0;0.0;0.0
2025-04-07 00:15:00+00:00;0.0;0.0;0.0;0.0;0.0;0.0;0.0;0.0
2025-04-07 00:30:00+00:00;0.0;0.0;0.0;0.0;0.0;0.0;0.0;0.0
2025-04-07 00:45:00+00:00;0.0;0.0;0.0;0.0;0.0;0.0;0.0;0.0
2025-04-07 01:00:00+00:00;0.0;0.0;0.0;0.0;0.0;0.0;0.0;0.0
2025-04-07 01:15:00+00:00;0.0;0.0;0.0;0.0;0.0;0.0;0.0;0.0
2025-04-07 01:30:00+00:00;0.0;0.0;0.0;0.0;0.0;0.0;0.0;0.0
2025-04-07 01:45:00+00:00;0.0;0.0;0.0;0.0;0.0;0.0;0.0;0.0
2025-04-07 02:00:00+00:00;0.0;0.0;0.0;0.0;0.0;0.0;0.0;0.0
2025-04-07 02:15:00+00:00;0.0;0.0;0.0;0.0;0.0;0.0;0.0;0.0
2025-04-07 02:30:00+00:00;0.0;0.0;0.0;0.0;0.0;0.0;0.0;0.0
2025-04-07 02:45:00+00:00;0.0;0.0;0.0;0.0;0.0;0.0;0.0;0.0
2025-04-07 03:00:00+00:00;0.0;0.0;0.0;0.0;0.0;0.0;0.0;0.0
2025-04-07 03:15:00+00:00;0.0;0.0;0.0;0.0;0.0;0.0;0.0;0.0
2025-04-07 03:30:00+00:00;0.0;0.0;0.0;0.0;0.0;0.0;0.0;0.0
2025-04-07 03:45:00+00:00;0.0;0.0;0.0;0.0;0.0;0.0;0.0;0.0
2025-04-07 04:00:00+00:00;0.0;0.0;0.0;0.0;0.0;0.0;0.0;0.0
2025-04-07 04:15:00+00:00;0.0;0.0;0.0;0.0;0.0;0.0;0.0;0.0
2025-04-07 04:30:00+00:00;0.0;0.0;0.0;0.0;0.0;0.0;0.0;0.0
2025-04-07 04:45:00+00:00;0.0;0.0;0.0;0.0;0.0;0.0;0.0;0.0
2025-04-07 05:00:00+00:00;0.0;0.048;0.144;0.0;0.144;0.0;0.0;0.0
2025-04-07 05:15:00+00:00;0.0;0.244;0.624;0.0;0.212;0.0;0.412;0.0
2025-04-07 05:30:00+00:00;0.0;0.532;1.144;0.0;0.184;0.0;0.96;0.0
2025-04-07 05:45:00+00:00;0.028;0.904;1.704;0.028;1.704;0.0;0.0;0.0
2025-04-07 06:00:00+00:00;0.08;1.32;2.288;0.08;2.288;0.0;0.0;0.0
2025-04-07 06:15:00+00:00;0.152;1.72;2.804;0.152;0.708;0.0;2.096;0.0
2025-04-07 06:30:00+00:00;0.184;2.212;3.428;0.184;3.428;0.0;0.0;0.0
2025-04-07 06:45:00+00:00;0.316;2.632;3.932;0.316;1.172;0.0;1.348;1.412
2025-04-07 07:00:00+00:00;0.564;2.86;4.196;0.476;3.348;0.088;0.848;0.0
2025-04-07 07:15:00+00:00;0.968;3.456;4.928;0.464;4.904;0.504;0.024;0.0
2025-04-07 07:30:00+00:00;1.46;3.872;5.4;0.556;0.272;0.221;1.255;3.873
2025-04-07 07:45:00+00:00;1.988;4.2;5.752;0.608;0.256;0.289;1.15;4.346
2025-04-07 08:00:00+00:00;2.56;4.56;6.144;0.768;0.256;0.906;2.978;2.91
2025-04-07 08:15:00+00:00;3.12;4.86;6.5;0.7;0.276;0.313;0.805;5.419
2025-04-07 08:30:00+00:00;3.676;5.164;6.892;0.54;3.748;0.475;0.476;2.668
2025-04-07 08:45:00+00:00;4.204;5.42;7.204;0.46;3.748;0.361;0.334;3.122
2025-04-07 09:00:00+00:00;4.7;5.616;7.408;0.552;0.26;0.366;0.63;6.518
2025-04-07 09:15:00+00:00;5.208;5.896;7.668;0.728;0.252;0.295;0.489;6.927
2025-04-07 09:30:00+00:00;5.66;6.08;7.844;0.444;0.26;0.382;0.556;7.028
2025-04-07 09:45:00+00:00;6.02;6.168;7.852;0.536;0.28;1.029;1.42;6.152
2025-04-07 10:00:00+00:00;6.392;6.304;7.948;0.536;0.256;0.533;0.701;6.991
2025-04-07 10:15:00+00:00;6.7;6.372;7.944;0.636;0.252;0.319;0.404;7.288
2025-04-07 10:30:00+00:00;7.028;6.46;7.992;0.744;0.248;0.362;0.445;7.299
2025-04-07 10:45:00+00:00;7.248;6.476;7.94;2.024;0.276;0.607;0.891;6.773
2025-04-07 11:00:00+00:00;7.436;6.416;7.844;0.696;0.268;1.578;1.775;5.801
2025-04-07 11:15:00+00:00;7.652;6.424;7.816;0.56;0.26;0.694;0.74;6.816
2025-04-07 11:30:00+00:00;7.784;6.324;7.66;0.552;0.236;0.377;0.386;7.038
2025-04-07 11:45:00+00:00;7.832;6.192;7.488;0.556;0.268;0.451;0.447;6.773
2025-04-07 12:00:00+00:00;7.944;6.12;7.3;0.728;0.28;0.421;0.41;6.61
2025-04-07 12:15:00+00:00;8.04;5.96;7.108;0.716;0.256;0.45;0.421;6.431
2025-04-07 12:30:00+00:00;8.024;5.776;6.868;0.344;0.236;0.375;0.324;6.308
2025-04-07 12:45:00+00:00;7.932;5.552;6.58;0.38;0.26;0.328;0.275;6.045
2025-04-07 13:00:00+00:00;7.876;5.304;6.244;1.016;0.288;0.357;0.31;5.646
2025-04-07 13:15:00+00:00;7.8;5.044;5.92;0.668;0.26;0.385;0.306;5.354
2025-04-07 13:30:00+00:00;7.724;4.8;5.58;0.784;0.24;0.471;0.363;4.977
2025-04-07 13:45:00+00:00;7.64;4.528;5.204;1.16;0.244;0.368;0.282;4.678
2025-04-07 14:00:00+00:00;7.436;4.2;4.776;1.472;0.288;0.36;0.271;4.217
2025-04-07 14:15:00+00:00;7.256;3.876;4.316;1.08;0.28;0.405;0.265;3.771
2025-04-07 14:30:00+00:00;7.08;3.564;3.848;0.86;0.26;0.425;0.245;3.343
2025-04-07 14:45:00+00:00;6.788;3.196;3.312;0.844;0.244;0.973;0.503;2.565
2025-04-07 15:00:00+00:00;6.364;2.764;2.568;0.632;0.26;2.506;1.009;1.299
2025-04-07 15:15:00+00:00;6.064;2.376;2.008;0.452;0.28;2.018;0.621;1.107
2025-04-07 15:30:00+00:00;5.696;1.96;1.232;0.456;0.26;0.824;0.153;0.819
2025-04-07 15:45:00+00:00;5.28;1.48;0.804;0.66;0.256;0.839;0.1;0.448
2025-04-07 16:00:00+00:00;4.836;0.964;0.516;0.604;0.26;2.058;0.124;0.132
2025-04-07 16:15:00+00:00;4.348;0.712;0.404;0.748;0.264;0.916;0.036;0.104
2025-04-07 16:30:00+00:00;3.68;0.504;0.36;0.74;0.28;0.507;0.014;0.066
2025-04-07 16:45:00+00:00;3.252;0.296;0.316;0.488;0.288;0.491;0.005;0.023
2025-04-07 17:00:00+00:00;2.52;0.164;0.244;0.44;0.244;0.824;0.0;0.0
2025-04-07 17:15:00+00:00;1.848;0.124;0.22;0.58;0.22;0.794;0.0;0.0
2025-04-07 17:30:00+00:00;1.232;0.084;0.152;0.704;0.152;0.528;0.0;0.0
2025-04-07 17:45:00+00:00;0.312;0.044;0.092;0.312;0.092;0.0;0.0;0.0
2025-04-07 18:00:00+00:00;0.004;0.004;0.024;0.004;0.024;0.0;0.0;0.0
2025-04-07 18:15:00+00:00;0.0;0.0;0.0;0.0;0.0;0.0;0.0;0.0
2025-04-07 18:30:00+00:00;0.0;0.0;0.0;0.0;0.0;0.0;0.0;0.0
2025-04-07 18:45:00+00:00;0.0;0.0;0.0;0.0;0.0;0.0;0.0;0.0
2025-04-07 19:00:00+00:00;0.0;0.0;0.0;0.0;0.0;0.0;0.0;0.0
2025-04-07 19:15:00+00:00;0.0;0.0;0.0;0.0;0.0;0.0;0.0;0.0
2025-04-07 19:30:00+00:00;0.0;0.0;0.0;0.0;0.0;0.0;0.0;0.0
2025-04-07 19:45:00+00:00;0.0;0.0;0.0;0.0;0.0;0.0;0.0;0.0
2025-04-07 20:00:00+00:00;0.0;0.0;0.0;0.0;0.0;0.0;0.0;0.0
2025-04-07 20:15:00+00:00;0.0;0.0;0.0;0.0;0.0;0.0;0.0;0.0
2025-04-07 20:30:00+00:00;0.0;0.0;0.0;0.0;0.0;0.0;0.0;0.0
2025-04-07 20:45:00+00:00;0.0;0.0;0.0;0.0;0.0;0.0;0.0;0.0
2025-04-07 21:00:00+00:00;0.0;0.0;0.0;0.0;0.0;0.0;0.0;0.0
2025-04-07 21:15:00+00:00;0.0;0.0;0.0;0.0;0.0;0.0;0.0;0.0
2025-04-07 21:30:00+00:00;0.0;0.0;0.0;0.0;0.0;0.0;0.0;0.0
2025-04-07 21:45:00+00:00;0.0;0.0;0.0;0.0;0.0;0.0;0.0;0.0
2025-04-07 22:00:00+00:00;0.0;0.0;0.0;0.0;0.0;0.0;0.0;0.0
2025-04-07 22:15:00+00:00;0.0;0.0;0.0;0.0;0.0;0.0;0.0;0.0
2025-04-07 22:30:00+00:00;0.0;0.0;0.0;0.0;0.0;0.0;0.0;0.0
2025-04-07 22:45:00+00:00;0.0;0.0;0.0;0.0;0.0;0.0;0.0;0.0
2025-04-07 23:00:00+00:00;0.0;0.0;0.0;0.0;0.0;0.0;0.0;0.0
2025-04-07 23:15:00+00:00;0.0;0.0;0.0;0.0;0.0;0.0;0.0;0.0
2025-04-07 23:30:00+00:00;0.0;0.0;0.0;0.0;0.0;0.0;0.0;0.0
2025-04-07 23:45:00+00:00;0.0;0.0;0.0;0.0;0.0;0.0;0.0;0.0
2025-04-08 00:00:00+00:00;0.0;0.0;0.0;0.0;0.0;0.0;0.0;0.0
2025-04-08 00:15:00+00:00;0.0;0.0;0.0;0.0;0.0;0.0;0.0;0.0
2025-04-08 00:30:00+00:00;0.0;0.0;0.0;0.0;0.0;0.0;0.0;0.0
2025-04-08 00:45:00+00:00;0.0;0.0;0.0;0.0;0.0;0.0;0.0;0.0
2025-04-08 01:00:00+00:00;0.0;0.0;0.0;0.0;0.0;0.0;0.0;0.0
2025-04-08 01:15:00+00:00;0.0;0.0;0.0;0.0;0.0;0.0;0.0;0.0
2025-04-08 01:30:00+00:00;0.0;0.0;0.0;0.0;0.0;0.0;0.0;0.0
2025-04-08 01:45:00+00:00;0.0;0.0;0.0;0.0;0.0;0.0;0.0;0.0
2025-04-08 02:00:00+00:00;0.0;0.0;0.0;0.0;0.0;0.0;0.0;0.0
2025-04-08 02:15:00+00:00;0.0;0.0;0.0;0.0;0.0;0.0;0.0;0.0
2025-04-08 02:30:00+00:00;0.0;0.0;0.0;0.0;0.0;0.0;0.0;0.0
2025-04-08 02:45:00+00:00;0.0;0.0;0.0;0.0;0.0;0.0;0.0;0.0
2025-04-08 03:00:00+00:00;0.0;0.0;0.0;0.0;0.0;0.0;0.0;0.0
2025-04-08 03:15:00+00:00;0.0;0.0;0.0;0.0;0.0;0.0;0.0;0.0
2025-04-08 03:30:00+00:00;0.0;0.0;0.0;0.0;0.0;0.0;0.0;0.0
2025-04-08 03:45:00+00:00;0.0;0.0;0.0;0.0;0.0;0.0;0.0;0.0
2025-04-08 04:00:00+00:00;0.0;0.0;0.0;0.0;0.0;0.0;0.0;0.0
2025-04-08 04:15:00+00:00;0.0;0.0;0.0;0.0;0.0;0.0;0.0;0.0
2025-04-08 04:30:00+00:00;0.0;0.0;0.0;0.0;0.0;0.0;0.0;0.0
2025-04-08 04:45:00+00:00;0.0;0.0;0.0;0.0;0.0;0.0;0.0;0.0
2025-04-08 05:00:00+00:00;0.0;0.048;0.136;0.0;0.136;0.0;0.0;0.0
2025-04-08 05:15:00+00:00;0.0;0.26;0.66;0.0;0.208;0.0;0.452;0.0
2025-04-08 05:30:00+00:00;0.004;0.572;1.212;0.004;1.212;0.0;0.0;0.0
2025-04-08 05:45:00+00:00;0.028;0.932;1.732;0.028;1.732;0.0;0.0;0.0
2025-04-08 06:00:00+00:00;0.048;1.368;2.38;0.048;2.38;0.0;0.0;0.0
2025-04-08 06:15:00+00:00;0.16;1.812;2.956;0.16;2.384;0.0;0.572;0.0
2025-04-08 06:30:00+00:00;0.216;2.256;3.504;0.216;3.504;0.0;0.0;0.0
2025-04-08 06:45:00+00:00;0.38;2.596;3.852;0.38;2.688;0.0;1.164;0.0
2025-04-08 07:00:00+00:00;0.676;3.072;4.448;0.676;0.64;0.0;1.224;2.584
2025-04-08 07:15:00+00:00;1.04;3.484;4.932;0.668;1.604;0.083;0.741;2.587
2025-04-08 07:30:00+00:00;1.48;3.78;5.236;0.608;0.304;0.123;0.697;4.235
2025-04-08 07:45:00+00:00;2.004;4.148;5.64;0.628;4.552;0.574;0.453;0.635
2025-04-08 08:00:00+00:00;2.544;4.46;5.996;0.8;3.008;0.942;1.614;1.374
2025-04-08 08:15:00+00:00;3.096;4.796;6.368;1.412;0.264;1.073;3.891;2.213
2025-04-08 08:30:00+00:00;3.64;5.092;6.732;3.64;0.268;0.0;4.452;2.012
2025-04-08 08:45:00+00:00;4.16;5.348;7.06;4.16;0.256;0.0;4.816;1.988
2025-04-08 09:00:00+00:00;4.64;5.584;7.312;3.948;0.244;0.207;2.117;4.951
2025-04-08 09:15:00+00:00;5.132;5.792;7.492;1.236;0.644;0.821;1.443;5.405
2025-04-08 09:30:00+00:00;5.528;5.96;7.616;1.184;6.248;2.117;0.667;0.701
2025-04-08 09:45:00+00:00;5.924;6.104;7.724;1.18;0.272;0.904;1.42;6.032
2025-04-08 10:00:00+00:00;6.244;6.144;7.744;2.936;0.256;0.37;0.838;6.65
2025-04-08 10:15:00+00:00;6.464;6.168;7.716;0.876;0.252;0.505;0.675;6.789
2025-04-08 10:30:00+00:00;6.792;6.204;7.692;0.776;0.26;0.437;0.539;6.893
2025-04-08 10:45:00+00:00;7.028;6.256;7.688;0.772;0.264;0.319;0.38;7.044
2025-04-08 11:00:00+00:00;7.276;6.32;7.712;0.924;0.256;0.22;0.258;7.198
2025-04-08 11:15:00+00:00;7.248;6.096;7.412;0.68;0.256;0.289;0.314;6.842
2025-04-08 11:30:00+00:00;7.292;5.932;7.236;0.512;0.36;0.299;0.303;6.573
2025-04-08 11:45:00+00:00;7.704;6.068;7.328;0.396;0.26;0.297;0.287;6.781
2025-04-08 12:00:00+00:00;7.104;5.376;6.496;0.604;0.256;1.876;1.801;4.439
2025-04-08 12:15:00+00:00;7.616;5.696;6.824;0.644;0.26;3.24;3.05;3.514
2025-04-08 12:30:00+00:00;6.892;4.996;5.992;0.888;0.26;1.905;1.819;3.913
2025-04-08 12:45:00+00:00;7.784;5.456;6.44;0.916;0.256;2.027;1.825;4.359
2025-04-08 13:00:00+00:00;7.708;5.252;6.184;1.456;0.26;2.007;1.901;4.023
2025-04-08 13:15:00+00:00;7.988;5.248;6.112;1.392;0.256;2.076;1.844;4.012
2025-04-08 13:30:00+00:00;7.724;4.876;5.64;0.92;0.256;0.365;0.289;5.095
2025-04-08 13:45:00+00:00;7.556;4.528;5.176;1.036;0.26;0.261;0.197;4.719
2025-04-08 14:00:00+00:00;7.404;4.22;4.772;1.608;0.26;0.725;0.564;3.948
2025-04-08 14:15:00+00:00;6.952;3.756;4.168;1.124;0.252;0.84;0.564;3.352
2025-04-08 14:30:00+00:00;6.836;3.472;3.78;0.96;0.26;1.198;0.718;2.802
2025-04-08 14:45:00+00:00;6.704;3.184;3.308;0.98;0.268;0.948;0.504;2.536
2025-04-08 15:00:00+00:00;6.332;2.74;2.608;1.18;0.256;0.986;0.45;1.902
2025-04-08 15:15:00+00:00;5.592;2.092;1.852;0.824;0.244;1.271;0.429;1.179
2025-04-08 15:30:00+00:00;5.468;1.924;1.272;0.572;0.256;1.481;0.307;0.709
2025-04-08 15:45:00+00:00;5.68;1.536;0.892;0.736;0.26;3.096;0.396;0.236
2025-04-08 16:00:00+00:00;6.352;1.008;0.584;0.616;0.272;4.45;0.242;0.07
2025-04-08 16:15:00+00:00;5.644;0.728;0.432;0.596;0.256;2.872;0.1;0.076
2025-04-08 16:30:00+00:00;4.932;0.508;0.372;0.812;0.24;3.221;0.103;0.029
2025-04-08 16:45:00+00:00;4.204;0.336;0.348;0.624;0.256;3.549;0.091;0.001
2025-04-08 17:00:00+00:00;3.468;0.236;0.324;0.516;0.272;2.952;0.052;0.0
2025-04-08 17:15:00+00:00;2.244;0.156;0.252;0.56;0.252;1.684;0.0;0.0
2025-04-08 17:30:00+00:00;1.564;0.108;0.184;0.388;0.184;1.176;0.0;0.0
2025-04-08 17:45:00+00:00;0.424;0.052;0.1;0.424;0.1;0.0;0.0;0.0
2025-04-08 18:00:00+00:00;0.008;0.008;0.024;0.008;0.024;0.0;0.0;0.0
2025-04-08 18:15:00+00:00;0.0;0.0;0.0;0.0;0.0;0.0;0.0;0.0
2025-04-08 18:30:00+00:00;0.0;0.0;0.0;0.0;0.0;0.0;0.0;0.0
2025-04-08 18:45:00+00:00;0.0;0.0;0.0;0.0;0.0;0.0;0.0;0.0
2025-04-08 19:00:00+00:00;0.0;0.0;0.0;0.0;0.0;0.0;0.0;0.0
2025-04-08 19:15:00+00:00;0.0;0.0;0.0;0.0;0.0;0.0;0.0;0.0
2025-04-08 19:30:00+00:00;0.0;0.0;0.0;0.0;0.0;0.0;0.0;0.0
2025-04-08 19:45:00+00:00;0.0;0.0;0.0;0.0;0.0;0.0;0.0;0.0
2025-04-08 20:00:00+00:00;0.0;0.0;0.0;0.0;0.0;0.0;0.0;0.0
2025-04-08 20:15:00+00:00;0.0;0.0;0.0;0.0;0.0;0.0;0.0;0.0
2025-04-08 20:30:00+00:00;0.0;0.0;0.0;0.0;0.0;0.0;0.0;0.0
2025-04-08 20:45:00+00:00;0.0;0.0;0.0;0.0;0.0;0.0;0.0;0.0
2025-04-08 21:00:00+00:00;0.0;0.0;0.0;0.0;0.0;0.0;0.0;0.0
2025-04-08 21:15:00+00:00;0.0;0.0;0.0;0.0;0.0;0.0;0.0;0.0
2025-04-08 21:30:00+00:00;0.0;0.0;0.0;0.0;0.0;0.0;0.0;0.0
2025-04-08 21:45:00+00:00;0.0;0.0;0.0;0.0;0.0;0.0;0.0;0.0
