startedAt;percentage_cons;percentage_cons;valuecons;valuecons;total_sum_cons
;df-cons-Jessica;df-cons-Sebastien;df-cons-Jessica;df-cons-Sebastien;
2025-06-18 22:00:00+00:00;;;0.0;0.0;0.0
2025-06-18 22:15:00+00:00;;;0.0;0.0;0.0
2025-06-18 22:30:00+00:00;;;0.0;0.0;0.0
2025-06-18 22:45:00+00:00;;;0.0;0.0;0.0
2025-06-18 23:00:00+00:00;;;0.0;0.0;0.0
2025-06-18 23:15:00+00:00;;;0.0;0.0;0.0
2025-06-18 23:30:00+00:00;;;0.0;0.0;0.0
2025-06-18 23:45:00+00:00;;;0.0;0.0;0.0
2025-06-19 00:00:00+00:00;;;0.0;0.0;0.0
2025-06-19 00:15:00+00:00;;;0.0;0.0;0.0
2025-06-19 00:30:00+00:00;;;0.0;0.0;0.0
2025-06-19 00:45:00+00:00;;;0.0;0.0;0.0
2025-06-19 01:00:00+00:00;;;0.0;0.0;0.0
2025-06-19 01:15:00+00:00;;;0.0;0.0;0.0
2025-06-19 01:30:00+00:00;;;0.0;0.0;0.0
2025-06-19 01:45:00+00:00;;;0.0;0.0;0.0
2025-06-19 02:00:00+00:00;;;0.0;0.0;0.0
2025-06-19 02:15:00+00:00;;;0.0;0.0;0.0
2025-06-19 02:30:00+00:00;;;0.0;0.0;0.0
2025-06-19 02:45:00+00:00;;;0.0;0.0;0.0
2025-06-19 03:00:00+00:00;;;0.0;0.0;0.0
2025-06-19 03:15:00+00:00;;;0.0;0.0;0.0
2025-06-19 03:30:00+00:00;;;0.0;0.0;0.0
2025-06-19 03:45:00+00:00;;;0.0;0.0;0.0
2025-06-19 04:00:00+00:00;;;0.0;0.0;0.0
2025-06-19 04:15:00+00:00;;;0.0;0.0;0.0
2025-06-19 04:30:00+00:00;;;0.0;0.0;0.0
2025-06-19 04:45:00+00:00;;;0.0;0.0;0.0
2025-06-19 05:00:00+00:00;;;0.0;0.0;0.0
2025-06-19 05:15:00+00:00;51.852;48.148;0.112;0.104;0.216
2025-06-19 05:30:00+00:00;58.571;41.429;0.164;0.116;0.28
2025-06-19 05:45:00+00:00;57.576;42.424;0.152;0.112;0.264
2025-06-19 06:00:00+00:00;60.938;39.062;0.156;0.1;0.256
2025-06-19 06:15:00+00:00;63.415;36.585;0.104;0.06;0.16399999999999998
2025-06-19 06:30:00+00:00;43.478;56.522;0.08;0.104;0.184
2025-06-19 06:45:00+00:00;39.13;60.87;0.072;0.112;0.184
2025-06-19 07:00:00+00:00;50.0;50.0;0.116;0.116;0.232
2025-06-19 07:15:00+00:00;61.194;38.806;0.164;0.104;0.268
2025-06-19 07:30:00+00:00;90.909;9.091;0.56;0.056;0.6160000000000001
2025-06-19 07:45:00+00:00;69.318;30.682;0.244;0.108;0.352
2025-06-19 08:00:00+00:00;71.134;28.866;0.276;0.112;0.388
2025-06-19 08:15:00+00:00;45.614;54.386;0.104;0.124;0.22799999999999998
2025-06-19 08:30:00+00:00;53.061;46.939;0.104;0.092;0.196
2025-06-19 08:45:00+00:00;65.789;34.211;0.1;0.052;0.152
2025-06-19 09:00:00+00:00;40.816;59.184;0.08;0.116;0.196
2025-06-19 09:15:00+00:00;57.746;42.254;0.164;0.12;0.28400000000000003
2025-06-19 09:30:00+00:00;57.143;42.857;0.16;0.12;0.28
2025-06-19 09:45:00+00:00;68.421;31.579;0.156;0.072;0.22799999999999998
2025-06-19 10:00:00+00:00;67.347;32.653;0.132;0.064;0.196
2025-06-19 10:15:00+00:00;39.216;60.784;0.08;0.124;0.20400000000000001
2025-06-19 10:30:00+00:00;43.137;56.863;0.088;0.116;0.20400000000000001
2025-06-19 10:45:00+00:00;42.857;57.143;0.084;0.112;0.196
2025-06-19 11:00:00+00:00;94.366;5.634;1.072;0.064;1.1360000000000001
2025-06-19 11:15:00+00:00;88.947;11.053;0.676;0.084;0.76
2025-06-19 11:30:00+00:00;60.0;40.0;0.18;0.12;0.3
2025-06-19 11:45:00+00:00;61.111;38.889;0.176;0.112;0.288
2025-06-19 12:00:00+00:00;60.563;39.437;0.172;0.112;0.284
2025-06-19 12:15:00+00:00;68.75;31.25;0.132;0.06;0.192
2025-06-19 12:30:00+00:00;55.556;44.444;0.12;0.096;0.216
2025-06-19 12:45:00+00:00;55.556;44.444;0.14;0.112;0.252
2025-06-19 13:00:00+00:00;52.459;47.541;0.128;0.116;0.244
2025-06-19 13:15:00+00:00;68.605;31.395;0.236;0.108;0.344
2025-06-19 13:30:00+00:00;81.818;18.182;0.252;0.056;0.308
2025-06-19 13:45:00+00:00;67.901;32.099;0.22;0.104;0.324
2025-06-19 14:00:00+00:00;72.277;27.723;0.292;0.112;0.40399999999999997
2025-06-19 14:15:00+00:00;56.338;43.662;0.16;0.124;0.28400000000000003
2025-06-19 14:30:00+00:00;45.0;55.0;0.072;0.088;0.15999999999999998
2025-06-19 14:45:00+00:00;54.545;45.455;0.072;0.06;0.132
2025-06-19 15:00:00+00:00;39.13;60.87;0.072;0.112;0.184
2025-06-19 15:15:00+00:00;64.368;35.632;0.224;0.124;0.348
2025-06-19 15:30:00+00:00;86.574;13.426;0.748;0.116;0.864
2025-06-19 15:45:00+00:00;91.176;8.824;0.744;0.072;0.816
2025-06-19 16:00:00+00:00;92.105;7.895;0.84;0.072;0.9119999999999999
2025-06-19 16:15:00+00:00;85.366;14.634;0.7;0.12;0.82
2025-06-19 16:30:00+00:00;86.872;13.128;0.622;0.094;0.716
2025-06-19 16:45:00+00:00;83.133;16.867;0.552;0.112;0.664
2025-06-19 17:00:00+00:00;82.143;17.857;0.276;0.06;0.336
2025-06-19 17:15:00+00:00;47.727;52.273;0.084;0.092;0.176
2025-06-19 17:30:00+00:00;85.119;14.881;0.143;0.025;0.16799999999999998
2025-06-19 17:45:00+00:00;;;0.0;0.0;0.0
2025-06-19 18:00:00+00:00;;;0.0;0.0;0.0
2025-06-19 18:15:00+00:00;;;0.0;0.0;0.0
2025-06-19 18:30:00+00:00;;;0.0;0.0;0.0
2025-06-19 18:45:00+00:00;;;0.0;0.0;0.0
2025-06-19 19:00:00+00:00;;;0.0;0.0;0.0
2025-06-19 19:15:00+00:00;;;0.0;0.0;0.0
2025-06-19 19:30:00+00:00;;;0.0;0.0;0.0
2025-06-19 19:45:00+00:00;;;0.0;0.0;0.0
2025-06-19 20:00:00+00:00;;;0.0;0.0;0.0
2025-06-19 20:15:00+00:00;;;0.0;0.0;0.0
2025-06-19 20:30:00+00:00;;;0.0;0.0;0.0
2025-06-19 20:45:00+00:00;;;0.0;0.0;0.0
2025-06-19 21:00:00+00:00;;;0.0;0.0;0.0
2025-06-19 21:15:00+00:00;;;0.0;0.0;0.0
2025-06-19 21:30:00+00:00;;;0.0;0.0;0.0
2025-06-19 21:45:00+00:00;;;0.0;0.0;0.0
2025-06-19 22:00:00+00:00;;;0.0;0.0;0.0
2025-06-19 22:15:00+00:00;;;0.0;0.0;0.0
2025-06-19 22:30:00+00:00;;;0.0;0.0;0.0
2025-06-19 22:45:00+00:00;;;0.0;0.0;0.0
2025-06-19 23:00:00+00:00;;;0.0;0.0;0.0
2025-06-19 23:15:00+00:00;;;0.0;0.0;0.0
2025-06-19 23:30:00+00:00;;;0.0;0.0;0.0
2025-06-19 23:45:00+00:00;;;0.0;0.0;0.0
2025-06-20 00:00:00+00:00;;;0.0;0.0;0.0
2025-06-20 00:15:00+00:00;;;0.0;0.0;0.0
2025-06-20 00:30:00+00:00;;;0.0;0.0;0.0
2025-06-20 00:45:00+00:00;;;0.0;0.0;0.0
2025-06-20 01:00:00+00:00;;;0.0;0.0;0.0
2025-06-20 01:15:00+00:00;;;0.0;0.0;0.0
2025-06-20 01:30:00+00:00;;;0.0;0.0;0.0
2025-06-20 01:45:00+00:00;;;0.0;0.0;0.0
2025-06-20 02:00:00+00:00;;;0.0;0.0;0.0
2025-06-20 02:15:00+00:00;;;0.0;0.0;0.0
2025-06-20 02:30:00+00:00;;;0.0;0.0;0.0
2025-06-20 02:45:00+00:00;;;0.0;0.0;0.0
2025-06-20 03:00:00+00:00;;;0.0;0.0;0.0
2025-06-20 03:15:00+00:00;;;0.0;0.0;0.0
2025-06-20 03:30:00+00:00;;;0.0;0.0;0.0
2025-06-20 03:45:00+00:00;;;0.0;0.0;0.0
2025-06-20 04:00:00+00:00;;;0.0;0.0;0.0
2025-06-20 04:15:00+00:00;;;0.0;0.0;0.0
2025-06-20 04:30:00+00:00;;;0.0;0.0;0.0
2025-06-20 04:45:00+00:00;;;0.0;0.0;0.0
2025-06-20 05:00:00+00:00;;;0.0;0.0;0.0
2025-06-20 05:15:00+00:00;50.0;50.0;0.12;0.12;0.24
2025-06-20 05:30:00+00:00;60.294;39.706;0.164;0.108;0.272
2025-06-20 05:45:00+00:00;70.175;29.825;0.16;0.068;0.228
2025-06-20 06:00:00+00:00;50.0;50.0;0.124;0.124;0.248
2025-06-20 06:15:00+00:00;39.583;60.417;0.076;0.116;0.192
2025-06-20 06:30:00+00:00;43.137;56.863;0.088;0.116;0.20400000000000001
2025-06-20 06:45:00+00:00;50.0;50.0;0.088;0.088;0.176
2025-06-20 07:00:00+00:00;75.281;24.719;0.268;0.088;0.356
2025-06-20 07:15:00+00:00;95.691;4.309;2.576;0.116;2.692
2025-06-20 07:30:00+00:00;63.636;36.364;0.196;0.112;0.308
2025-06-20 07:45:00+00:00;65.169;34.831;0.232;0.124;0.356
2025-06-20 08:00:00+00:00;67.308;32.692;0.14;0.068;0.20800000000000002
2025-06-20 08:15:00+00:00;50.0;50.0;0.088;0.088;0.176
2025-06-20 08:30:00+00:00;43.75;56.25;0.084;0.108;0.192
2025-06-20 08:45:00+00:00;37.5;62.5;0.072;0.12;0.192
2025-06-20 09:00:00+00:00;54.412;45.588;0.148;0.124;0.272
2025-06-20 09:15:00+00:00;77.358;22.642;0.164;0.048;0.21200000000000002
2025-06-20 09:30:00+00:00;64.615;35.385;0.168;0.092;0.26
2025-06-20 09:45:00+00:00;54.545;45.455;0.144;0.12;0.264
2025-06-20 10:00:00+00:00;38.0;62.0;0.076;0.124;0.2
2025-06-20 10:15:00+00:00;97.036;2.964;3.012;0.092;3.104
2025-06-20 10:30:00+00:00;97.222;2.778;1.68;0.048;1.728
2025-06-20 10:45:00+00:00;95.71;4.29;2.588;0.116;2.704
2025-06-20 11:00:00+00:00;91.667;8.333;1.32;0.12;1.44
2025-06-20 11:15:00+00:00;90.881;9.119;1.156;0.116;1.272
2025-06-20 11:30:00+00:00;94.19;5.81;1.232;0.076;1.308
2025-06-20 11:45:00+00:00;92.593;7.407;0.8;0.064;0.8640000000000001
2025-06-20 12:00:00+00:00;36.735;63.265;0.072;0.124;0.196
2025-06-20 12:15:00+00:00;38.298;61.702;0.072;0.116;0.188
2025-06-20 12:30:00+00:00;42.857;57.143;0.084;0.112;0.196
2025-06-20 12:45:00+00:00;69.841;30.159;0.176;0.076;0.252
2025-06-20 13:00:00+00:00;69.118;30.882;0.188;0.084;0.272
2025-06-20 13:15:00+00:00;61.842;38.158;0.188;0.116;0.304
2025-06-20 13:30:00+00:00;60.0;40.0;0.168;0.112;0.28
2025-06-20 13:45:00+00:00;60.526;39.474;0.184;0.12;0.304
2025-06-20 14:00:00+00:00;71.667;28.333;0.172;0.068;0.24
2025-06-20 14:15:00+00:00;64.516;35.484;0.16;0.088;0.248
2025-06-20 14:30:00+00:00;58.824;41.176;0.16;0.112;0.272
2025-06-20 14:45:00+00:00;55.714;44.286;0.156;0.124;0.28
2025-06-20 15:00:00+00:00;58.824;41.176;0.16;0.112;0.272
2025-06-20 15:15:00+00:00;77.966;22.034;0.184;0.052;0.236
2025-06-20 15:30:00+00:00;67.901;32.099;0.22;0.104;0.324
2025-06-20 15:45:00+00:00;57.143;42.857;0.16;0.12;0.28
2025-06-20 16:00:00+00:00;37.255;62.745;0.076;0.128;0.20400000000000001
2025-06-20 16:15:00+00:00;48.837;51.163;0.084;0.088;0.172
2025-06-20 16:30:00+00:00;75.806;24.194;0.188;0.06;0.248
2025-06-20 16:45:00+00:00;93.59;6.41;1.752;0.12;1.8719999999999999
2025-06-20 17:00:00+00:00;86.752;13.248;0.812;0.124;0.936
2025-06-20 17:15:00+00:00;89.17;10.83;0.988;0.12;1.108
2025-06-20 17:30:00+00:00;83.186;16.814;0.376;0.076;0.452
2025-06-20 17:45:00+00:00;;;0.0;0.0;0.0
2025-06-20 18:00:00+00:00;40.441;59.559;0.055;0.081;0.136
2025-06-20 18:15:00+00:00;;;0.0;0.0;0.0
2025-06-20 18:30:00+00:00;;;0.0;0.0;0.0
2025-06-20 18:45:00+00:00;;;0.0;0.0;0.0
2025-06-20 19:00:00+00:00;;;0.0;0.0;0.0
2025-06-20 19:15:00+00:00;;;0.0;0.0;0.0
2025-06-20 19:30:00+00:00;;;0.0;0.0;0.0
2025-06-20 19:45:00+00:00;;;0.0;0.0;0.0
2025-06-20 20:00:00+00:00;;;0.0;0.0;0.0
2025-06-20 20:15:00+00:00;;;0.0;0.0;0.0
2025-06-20 20:30:00+00:00;;;0.0;0.0;0.0
2025-06-20 20:45:00+00:00;;;0.0;0.0;0.0
2025-06-20 21:00:00+00:00;;;0.0;0.0;0.0
2025-06-20 21:15:00+00:00;;;0.0;0.0;0.0
2025-06-20 21:30:00+00:00;;;0.0;0.0;0.0
2025-06-20 21:45:00+00:00;;;0.0;0.0;0.0
2025-06-20 22:00:00+00:00;;;0.0;0.0;0.0
2025-06-20 22:15:00+00:00;;;0.0;0.0;0.0
2025-06-20 22:30:00+00:00;;;0.0;0.0;0.0
2025-06-20 22:45:00+00:00;;;0.0;0.0;0.0
2025-06-20 23:00:00+00:00;;;0.0;0.0;0.0
2025-06-20 23:15:00+00:00;;;0.0;0.0;0.0
2025-06-20 23:30:00+00:00;;;0.0;0.0;0.0
2025-06-20 23:45:00+00:00;;;0.0;0.0;0.0
2025-06-21 00:00:00+00:00;;;0.0;0.0;0.0
2025-06-21 00:15:00+00:00;;;0.0;0.0;0.0
2025-06-21 00:30:00+00:00;;;0.0;0.0;0.0
2025-06-21 00:45:00+00:00;;;0.0;0.0;0.0
2025-06-21 01:00:00+00:00;;;0.0;0.0;0.0
2025-06-21 01:15:00+00:00;;;0.0;0.0;0.0
2025-06-21 01:30:00+00:00;;;0.0;0.0;0.0
2025-06-21 01:45:00+00:00;;;0.0;0.0;0.0
2025-06-21 02:00:00+00:00;;;0.0;0.0;0.0
2025-06-21 02:15:00+00:00;;;0.0;0.0;0.0
2025-06-21 02:30:00+00:00;;;0.0;0.0;0.0
2025-06-21 02:45:00+00:00;;;0.0;0.0;0.0
2025-06-21 03:00:00+00:00;;;0.0;0.0;0.0
2025-06-21 03:15:00+00:00;;;0.0;0.0;0.0
2025-06-21 03:30:00+00:00;;;0.0;0.0;0.0
2025-06-21 03:45:00+00:00;;;0.0;0.0;0.0
2025-06-21 04:00:00+00:00;;;0.0;0.0;0.0
2025-06-21 04:15:00+00:00;;;0.0;0.0;0.0
2025-06-21 04:30:00+00:00;;;0.0;0.0;0.0
2025-06-21 04:45:00+00:00;;;0.0;0.0;0.0
2025-06-21 05:00:00+00:00;;;0.0;0.0;0.0
2025-06-21 05:15:00+00:00;;;0.0;0.0;0.0
2025-06-21 05:30:00+00:00;70.455;29.545;0.124;0.052;0.176
2025-06-21 05:45:00+00:00;32.52;67.48;0.16;0.332;0.492
2025-06-21 06:00:00+00:00;52.632;47.368;0.16;0.144;0.304
2025-06-21 06:15:00+00:00;50.0;50.0;0.12;0.12;0.24
2025-06-21 06:30:00+00:00;;;0.0;0.0;0.0
2025-06-21 06:45:00+00:00;;;0.0;0.0;0.0
2025-06-21 07:00:00+00:00;38.0;62.0;0.076;0.124;0.2
2025-06-21 07:15:00+00:00;55.882;44.118;0.152;0.12;0.272
2025-06-21 07:30:00+00:00;60.563;39.437;0.172;0.112;0.284
2025-06-21 07:45:00+00:00;70.69;29.31;0.164;0.068;0.232
2025-06-21 08:00:00+00:00;50.0;50.0;0.088;0.088;0.176
2025-06-21 08:15:00+00:00;38.776;61.224;0.076;0.12;0.196
2025-06-21 08:30:00+00:00;39.13;60.87;0.072;0.112;0.184
2025-06-21 08:45:00+00:00;45.098;54.902;0.092;0.112;0.20400000000000001
2025-06-21 09:00:00+00:00;72.414;27.586;0.168;0.064;0.232
2025-06-21 09:15:00+00:00;66.216;33.784;0.196;0.1;0.29600000000000004
2025-06-21 09:30:00+00:00;69.892;30.108;0.26;0.112;0.372
2025-06-21 09:45:00+00:00;94.369;5.631;1.944;0.116;2.06
2025-06-21 10:00:00+00:00;90.941;9.059;1.044;0.104;1.1480000000000001
2025-06-21 10:15:00+00:00;75.0;25.0;0.168;0.056;0.224
2025-06-21 10:30:00+00:00;63.75;36.25;0.204;0.116;0.32
2025-06-21 10:45:00+00:00;62.667;37.333;0.188;0.112;0.3
2025-06-21 11:00:00+00:00;55.714;44.286;0.156;0.124;0.28
2025-06-21 11:15:00+00:00;63.793;36.207;0.148;0.084;0.23199999999999998
2025-06-21 11:30:00+00:00;50.0;50.0;0.068;0.068;0.136
2025-06-21 11:45:00+00:00;38.298;61.702;0.072;0.116;0.188
2025-06-21 12:00:00+00:00;35.417;64.583;0.068;0.124;0.192
2025-06-21 12:15:00+00:00;47.368;52.632;0.108;0.12;0.22799999999999998
2025-06-21 12:30:00+00:00;72.727;27.273;0.16;0.06;0.22
2025-06-21 12:45:00+00:00;63.934;36.066;0.156;0.088;0.244
2025-06-21 13:00:00+00:00;59.459;40.541;0.176;0.12;0.296
2025-06-21 13:15:00+00:00;58.108;41.892;0.172;0.124;0.296
2025-06-21 13:30:00+00:00;68.605;31.395;0.236;0.108;0.344
2025-06-21 13:45:00+00:00;85.714;14.286;0.312;0.052;0.364
2025-06-21 14:00:00+00:00;68.605;31.395;0.236;0.108;0.344
2025-06-21 14:15:00+00:00;66.292;33.708;0.236;0.12;0.356
2025-06-21 14:30:00+00:00;91.831;8.169;1.304;0.116;1.4200000000000002
2025-06-21 14:45:00+00:00;95.534;4.466;1.968;0.092;2.06
2025-06-21 15:00:00+00:00;84.314;15.686;0.344;0.064;0.408
2025-06-21 15:15:00+00:00;73.684;26.316;0.336;0.12;0.456
2025-06-21 15:30:00+00:00;74.107;25.893;0.332;0.116;0.448
2025-06-21 15:45:00+00:00;74.336;25.664;0.336;0.116;0.452
2025-06-21 16:00:00+00:00;79.412;20.588;0.324;0.084;0.40800000000000003
2025-06-21 16:15:00+00:00;76.471;23.529;0.26;0.08;0.34
2025-06-21 16:30:00+00:00;67.045;32.955;0.236;0.116;0.352
2025-06-21 16:45:00+00:00;67.169;32.831;0.223;0.109;0.332
2025-06-21 17:00:00+00:00;68.75;31.25;0.011;0.005;0.016
2025-06-21 17:15:00+00:00;;;0.0;0.0;0.0
2025-06-21 17:30:00+00:00;;;0.0;0.0;0.0
2025-06-21 17:45:00+00:00;;;0.0;0.0;0.0
2025-06-21 18:00:00+00:00;;;0.0;0.0;0.0
2025-06-21 18:15:00+00:00;;;0.0;0.0;0.0
2025-06-21 18:30:00+00:00;;;0.0;0.0;0.0
2025-06-21 18:45:00+00:00;;;0.0;0.0;0.0
2025-06-21 19:00:00+00:00;;;0.0;0.0;0.0
2025-06-21 19:15:00+00:00;;;0.0;0.0;0.0
2025-06-21 19:30:00+00:00;;;0.0;0.0;0.0
2025-06-21 19:45:00+00:00;;;0.0;0.0;0.0
2025-06-21 20:00:00+00:00;;;0.0;0.0;0.0
2025-06-21 20:15:00+00:00;;;0.0;0.0;0.0
2025-06-21 20:30:00+00:00;;;0.0;0.0;0.0
2025-06-21 20:45:00+00:00;;;0.0;0.0;0.0
2025-06-21 21:00:00+00:00;;;0.0;0.0;0.0
2025-06-21 21:15:00+00:00;;;0.0;0.0;0.0
2025-06-21 21:30:00+00:00;;;0.0;0.0;0.0
2025-06-21 21:45:00+00:00;;;0.0;0.0;0.0
2025-06-21 22:00:00+00:00;;;0.0;0.0;0.0
2025-06-21 22:15:00+00:00;;;0.0;0.0;0.0
2025-06-21 22:30:00+00:00;;;0.0;0.0;0.0
2025-06-21 22:45:00+00:00;;;0.0;0.0;0.0
2025-06-21 23:00:00+00:00;;;0.0;0.0;0.0
2025-06-21 23:15:00+00:00;;;0.0;0.0;0.0
2025-06-21 23:30:00+00:00;;;0.0;0.0;0.0
2025-06-21 23:45:00+00:00;;;0.0;0.0;0.0
2025-06-22 00:00:00+00:00;;;0.0;0.0;0.0
2025-06-22 00:15:00+00:00;;;0.0;0.0;0.0
2025-06-22 00:30:00+00:00;;;0.0;0.0;0.0
2025-06-22 00:45:00+00:00;;;0.0;0.0;0.0
2025-06-22 01:00:00+00:00;;;0.0;0.0;0.0
2025-06-22 01:15:00+00:00;;;0.0;0.0;0.0
2025-06-22 01:30:00+00:00;;;0.0;0.0;0.0
2025-06-22 01:45:00+00:00;;;0.0;0.0;0.0
2025-06-22 02:00:00+00:00;;;0.0;0.0;0.0
2025-06-22 02:15:00+00:00;;;0.0;0.0;0.0
2025-06-22 02:30:00+00:00;;;0.0;0.0;0.0
2025-06-22 02:45:00+00:00;;;0.0;0.0;0.0
2025-06-22 03:00:00+00:00;;;0.0;0.0;0.0
2025-06-22 03:15:00+00:00;;;0.0;0.0;0.0
2025-06-22 03:30:00+00:00;;;0.0;0.0;0.0
2025-06-22 03:45:00+00:00;;;0.0;0.0;0.0
2025-06-22 04:00:00+00:00;;;0.0;0.0;0.0
2025-06-22 04:15:00+00:00;;;0.0;0.0;0.0
2025-06-22 04:30:00+00:00;;;0.0;0.0;0.0
2025-06-22 04:45:00+00:00;;;0.0;0.0;0.0
2025-06-22 05:00:00+00:00;75.0;25.0;0.006;0.002;0.008
2025-06-22 05:15:00+00:00;;;0.0;0.0;0.0
2025-06-22 05:30:00+00:00;59.155;40.845;0.168;0.116;0.28400000000000003
2025-06-22 05:45:00+00:00;49.123;50.877;0.112;0.116;0.228
2025-06-22 06:00:00+00:00;46.154;53.846;0.096;0.112;0.20800000000000002
2025-06-22 06:15:00+00:00;26.882;73.118;0.1;0.272;0.372
2025-06-22 06:30:00+00:00;32.468;67.532;0.1;0.208;0.308
2025-06-22 06:45:00+00:00;34.127;65.873;0.172;0.332;0.504
2025-06-22 07:00:00+00:00;55.814;44.186;0.192;0.152;0.344
2025-06-22 07:15:00+00:00;60.256;39.744;0.188;0.124;0.312
2025-06-22 07:30:00+00:00;58.228;41.772;0.184;0.132;0.316
2025-06-22 07:45:00+00:00;62.069;37.931;0.216;0.132;0.348
2025-06-22 08:00:00+00:00;66.667;33.333;0.256;0.128;0.384
2025-06-22 08:15:00+00:00;66.667;33.333;0.24;0.12;0.36
2025-06-22 08:30:00+00:00;80.769;19.231;0.336;0.08;0.41600000000000004
2025-06-22 08:45:00+00:00;87.192;12.808;0.708;0.104;0.8119999999999999
2025-06-22 09:00:00+00:00;72.477;27.523;0.316;0.12;0.436
2025-06-22 09:15:00+00:00;61.842;38.158;0.188;0.116;0.304
2025-06-22 09:30:00+00:00;62.963;37.037;0.204;0.12;0.32399999999999995
2025-06-22 09:45:00+00:00;70.0;30.0;0.14;0.06;0.2
2025-06-22 10:00:00+00:00;36.17;63.83;0.068;0.12;0.188
2025-06-22 10:15:00+00:00;44.444;55.556;0.096;0.12;0.216
2025-06-22 10:30:00+00:00;40.0;60.0;0.08;0.12;0.2
2025-06-22 10:45:00+00:00;92.105;7.895;0.98;0.084;1.064
2025-06-22 11:00:00+00:00;94.912;5.088;1.716;0.092;1.808
2025-06-22 11:15:00+00:00;94.068;5.932;1.776;0.112;1.8880000000000001
2025-06-22 11:30:00+00:00;93.737;6.263;1.796;0.12;1.916
2025-06-22 11:45:00+00:00;94.036;5.964;1.892;0.12;2.012
2025-06-22 12:00:00+00:00;95.963;4.037;1.236;0.052;1.288
2025-06-22 12:15:00+00:00;61.111;38.889;0.176;0.112;0.288
2025-06-22 12:30:00+00:00;62.821;37.179;0.196;0.116;0.312
2025-06-22 12:45:00+00:00;76.866;23.134;0.412;0.124;0.536
2025-06-22 13:00:00+00:00;65.152;34.848;0.172;0.092;0.264
2025-06-22 13:15:00+00:00;71.429;28.571;0.16;0.064;0.224
2025-06-22 13:30:00+00:00;56.522;43.478;0.156;0.12;0.276
2025-06-22 13:45:00+00:00;56.338;43.662;0.16;0.124;0.28400000000000003
2025-06-22 14:00:00+00:00;93.213;6.787;1.648;0.12;1.7679999999999998
2025-06-22 14:15:00+00:00;95.298;4.702;1.216;0.06;1.276
2025-06-22 14:30:00+00:00;84.967;15.033;0.52;0.092;0.612
2025-06-22 14:45:00+00:00;54.93;45.07;0.156;0.128;0.28400000000000003
2025-06-22 15:00:00+00:00;50.82;49.18;0.124;0.12;0.244
2025-06-22 15:15:00+00:00;62.121;37.879;0.164;0.1;0.264
2025-06-22 15:30:00+00:00;72.549;27.451;0.148;0.056;0.204
2025-06-22 15:45:00+00:00;61.25;38.75;0.196;0.124;0.32
2025-06-22 16:00:00+00:00;61.728;38.272;0.2;0.124;0.324
2025-06-22 16:15:00+00:00;64.557;35.443;0.204;0.112;0.316
2025-06-22 16:30:00+00:00;69.014;30.986;0.196;0.088;0.28400000000000003
2025-06-22 16:45:00+00:00;70.588;29.412;0.192;0.08;0.272
2025-06-22 17:00:00+00:00;60.526;39.474;0.184;0.12;0.304
2025-06-22 17:15:00+00:00;;;0.0;0.0;0.0
2025-06-22 17:30:00+00:00;;;0.0;0.0;0.0
2025-06-22 17:45:00+00:00;;;0.0;0.0;0.0
2025-06-22 18:00:00+00:00;;;0.0;0.0;0.0
2025-06-22 18:15:00+00:00;;;0.0;0.0;0.0
2025-06-22 18:30:00+00:00;;;0.0;0.0;0.0
2025-06-22 18:45:00+00:00;;;0.0;0.0;0.0
2025-06-22 19:00:00+00:00;;;0.0;0.0;0.0
2025-06-22 19:15:00+00:00;;;0.0;0.0;0.0
2025-06-22 19:30:00+00:00;;;0.0;0.0;0.0
2025-06-22 19:45:00+00:00;;;0.0;0.0;0.0
2025-06-22 20:00:00+00:00;;;0.0;0.0;0.0
2025-06-22 20:15:00+00:00;;;0.0;0.0;0.0
2025-06-22 20:30:00+00:00;;;0.0;0.0;0.0
2025-06-22 20:45:00+00:00;;;0.0;0.0;0.0
2025-06-22 21:00:00+00:00;;;0.0;0.0;0.0
2025-06-22 21:15:00+00:00;;;0.0;0.0;0.0
2025-06-22 21:30:00+00:00;;;0.0;0.0;0.0
2025-06-22 21:45:00+00:00;;;0.0;0.0;0.0
2025-06-22 22:00:00+00:00;;;0.0;0.0;0.0
2025-06-22 22:15:00+00:00;;;0.0;0.0;0.0
2025-06-22 22:30:00+00:00;;;0.0;0.0;0.0
2025-06-22 22:45:00+00:00;;;0.0;0.0;0.0
2025-06-22 23:00:00+00:00;;;0.0;0.0;0.0
2025-06-22 23:15:00+00:00;;;0.0;0.0;0.0
2025-06-22 23:30:00+00:00;;;0.0;0.0;0.0
2025-06-22 23:45:00+00:00;;;0.0;0.0;0.0
2025-06-23 00:00:00+00:00;;;0.0;0.0;0.0
2025-06-23 00:15:00+00:00;;;0.0;0.0;0.0
2025-06-23 00:30:00+00:00;;;0.0;0.0;0.0
2025-06-23 00:45:00+00:00;;;0.0;0.0;0.0
2025-06-23 01:00:00+00:00;;;0.0;0.0;0.0
2025-06-23 01:15:00+00:00;;;0.0;0.0;0.0
2025-06-23 01:30:00+00:00;;;0.0;0.0;0.0
2025-06-23 01:45:00+00:00;;;0.0;0.0;0.0
2025-06-23 02:00:00+00:00;;;0.0;0.0;0.0
2025-06-23 02:15:00+00:00;;;0.0;0.0;0.0
2025-06-23 02:30:00+00:00;;;0.0;0.0;0.0
2025-06-23 02:45:00+00:00;;;0.0;0.0;0.0
2025-06-23 03:00:00+00:00;;;0.0;0.0;0.0
2025-06-23 03:15:00+00:00;;;0.0;0.0;0.0
2025-06-23 03:30:00+00:00;;;0.0;0.0;0.0
2025-06-23 03:45:00+00:00;;;0.0;0.0;0.0
2025-06-23 04:00:00+00:00;;;0.0;0.0;0.0
2025-06-23 04:15:00+00:00;;;0.0;0.0;0.0
2025-06-23 04:30:00+00:00;;;0.0;0.0;0.0
2025-06-23 04:45:00+00:00;;;0.0;0.0;0.0
2025-06-23 05:00:00+00:00;;;0.0;0.0;0.0
2025-06-23 05:15:00+00:00;62.5;37.5;0.1;0.06;0.16
2025-06-23 05:30:00+00:00;;;0.0;0.0;0.0
2025-06-23 05:45:00+00:00;53.03;46.97;0.14;0.124;0.264
2025-06-23 06:00:00+00:00;61.25;38.75;0.196;0.124;0.32
2025-06-23 06:15:00+00:00;65.753;34.247;0.192;0.1;0.29200000000000004
2025-06-23 06:30:00+00:00;73.469;26.531;0.144;0.052;0.19599999999999998
2025-06-23 06:45:00+00:00;44.828;55.172;0.104;0.128;0.23199999999999998
2025-06-23 07:00:00+00:00;47.458;52.542;0.112;0.124;0.236
2025-06-23 07:15:00+00:00;50.0;50.0;0.112;0.112;0.224
2025-06-23 07:30:00+00:00;;;0.0;0.0;0.0
2025-06-23 07:45:00+00:00;;;0.0;0.0;0.0
2025-06-23 08:00:00+00:00;77.387;22.613;0.616;0.18;0.796
2025-06-23 08:15:00+00:00;78.723;21.277;0.444;0.12;0.5640000000000001
2025-06-23 08:30:00+00:00;80.142;19.858;0.452;0.112;0.5640000000000001
2025-06-23 08:45:00+00:00;85.047;14.953;0.364;0.064;0.428
2025-06-23 09:00:00+00:00;86.082;13.918;0.668;0.108;0.776
2025-06-23 09:15:00+00:00;93.946;6.054;1.8;0.116;1.9160000000000001
2025-06-23 09:30:00+00:00;81.863;18.137;0.668;0.148;0.8160000000000001
2025-06-23 09:45:00+00:00;33.268;66.732;0.684;1.372;2.056
2025-06-23 10:00:00+00:00;83.333;16.667;1.18;0.236;1.416
2025-06-23 10:15:00+00:00;91.967;8.033;2.244;0.196;2.4400000000000004
2025-06-23 10:30:00+00:00;92.33;7.67;1.3;0.108;1.4080000000000001
2025-06-23 10:45:00+00:00;84.733;15.267;0.888;0.16;1.048
2025-06-23 11:00:00+00:00;60.188;39.812;1.796;1.188;2.984
2025-06-23 11:15:00+00:00;48.606;51.394;1.464;1.548;3.012
2025-06-23 11:30:00+00:00;57.19;42.81;1.4;1.048;2.448
2025-06-23 11:45:00+00:00;44.444;55.556;0.64;0.8;1.44
2025-06-23 12:00:00+00:00;75.515;24.485;1.32;0.428;1.748
2025-06-23 12:15:00+00:00;84.988;15.012;1.404;0.248;1.652
2025-06-23 12:30:00+00:00;52.645;47.355;1.672;1.504;3.176
2025-06-23 12:45:00+00:00;77.358;22.642;0.82;0.24;1.06
2025-06-23 13:00:00+00:00;45.455;54.545;0.2;0.24;0.44
2025-06-23 13:15:00+00:00;53.846;46.154;0.196;0.168;0.364
2025-06-23 13:30:00+00:00;;;0.0;0.0;0.0
2025-06-23 13:45:00+00:00;50.0;50.0;0.196;0.196;0.392
2025-06-23 14:00:00+00:00;50.0;50.0;0.188;0.188;0.376
2025-06-23 14:15:00+00:00;15.47;84.53;0.112;0.612;0.724
2025-06-23 14:30:00+00:00;2.906;97.094;0.096;3.208;3.3040000000000003
2025-06-23 14:45:00+00:00;8.98;91.02;0.088;0.892;0.98
2025-06-23 15:00:00+00:00;35.938;64.062;0.092;0.164;0.256
2025-06-23 15:15:00+00:00;52.381;47.619;0.176;0.16;0.33599999999999997
2025-06-23 15:30:00+00:00;58.947;41.053;0.224;0.156;0.38
2025-06-23 15:45:00+00:00;87.766;12.234;0.66;0.092;0.752
2025-06-23 16:00:00+00:00;83.613;16.387;0.796;0.156;0.9520000000000001
2025-06-23 16:15:00+00:00;65.863;34.137;0.656;0.34;0.996
2025-06-23 16:30:00+00:00;77.348;22.652;0.56;0.164;0.7240000000000001
2025-06-23 16:45:00+00:00;77.232;22.768;0.346;0.102;0.44799999999999995
2025-06-23 17:00:00+00:00;88.435;11.565;0.52;0.068;0.5880000000000001
2025-06-23 17:15:00+00:00;87.611;12.389;0.792;0.112;0.904
2025-06-23 17:30:00+00:00;93.421;6.579;0.071;0.005;0.076
2025-06-23 17:45:00+00:00;83.133;16.867;0.276;0.056;0.332
2025-06-23 18:00:00+00:00;88.966;11.034;0.516;0.064;0.5800000000000001
2025-06-23 18:15:00+00:00;;;0.0;0.0;0.0
2025-06-23 18:30:00+00:00;;;0.0;0.0;0.0
2025-06-23 18:45:00+00:00;;;0.0;0.0;0.0
2025-06-23 19:00:00+00:00;;;0.0;0.0;0.0
2025-06-23 19:15:00+00:00;;;0.0;0.0;0.0
2025-06-23 19:30:00+00:00;;;0.0;0.0;0.0
2025-06-23 19:45:00+00:00;;;0.0;0.0;0.0
2025-06-23 20:00:00+00:00;;;0.0;0.0;0.0
2025-06-23 20:15:00+00:00;;;0.0;0.0;0.0
2025-06-23 20:30:00+00:00;;;0.0;0.0;0.0
2025-06-23 20:45:00+00:00;;;0.0;0.0;0.0
2025-06-23 21:00:00+00:00;;;0.0;0.0;0.0
2025-06-23 21:15:00+00:00;;;0.0;0.0;0.0
2025-06-23 21:30:00+00:00;;;0.0;0.0;0.0
2025-06-23 21:45:00+00:00;;;0.0;0.0;0.0
2025-06-23 22:00:00+00:00;;;0.0;0.0;0.0
2025-06-23 22:15:00+00:00;;;0.0;0.0;0.0
2025-06-23 22:30:00+00:00;;;0.0;0.0;0.0
2025-06-23 22:45:00+00:00;;;0.0;0.0;0.0
2025-06-23 23:00:00+00:00;;;0.0;0.0;0.0
2025-06-23 23:15:00+00:00;;;0.0;0.0;0.0
2025-06-23 23:30:00+00:00;;;0.0;0.0;0.0
2025-06-23 23:45:00+00:00;;;0.0;0.0;0.0
2025-06-24 00:00:00+00:00;;;0.0;0.0;0.0
2025-06-24 00:15:00+00:00;;;0.0;0.0;0.0
2025-06-24 00:30:00+00:00;;;0.0;0.0;0.0
2025-06-24 00:45:00+00:00;;;0.0;0.0;0.0
2025-06-24 01:00:00+00:00;;;0.0;0.0;0.0
2025-06-24 01:15:00+00:00;;;0.0;0.0;0.0
2025-06-24 01:30:00+00:00;;;0.0;0.0;0.0
2025-06-24 01:45:00+00:00;;;0.0;0.0;0.0
2025-06-24 02:00:00+00:00;;;0.0;0.0;0.0
2025-06-24 02:15:00+00:00;;;0.0;0.0;0.0
2025-06-24 02:30:00+00:00;;;0.0;0.0;0.0
2025-06-24 02:45:00+00:00;;;0.0;0.0;0.0
2025-06-24 03:00:00+00:00;;;0.0;0.0;0.0
2025-06-24 03:15:00+00:00;;;0.0;0.0;0.0
2025-06-24 03:30:00+00:00;;;0.0;0.0;0.0
2025-06-24 03:45:00+00:00;;;0.0;0.0;0.0
2025-06-24 04:00:00+00:00;;;0.0;0.0;0.0
2025-06-24 04:15:00+00:00;;;0.0;0.0;0.0
2025-06-24 04:30:00+00:00;;;0.0;0.0;0.0
2025-06-24 04:45:00+00:00;;;0.0;0.0;0.0
2025-06-24 05:00:00+00:00;;;0.0;0.0;0.0
2025-06-24 05:15:00+00:00;;;0.0;0.0;0.0
2025-06-24 05:30:00+00:00;;;0.0;0.0;0.0
2025-06-24 05:45:00+00:00;20.37;79.63;0.088;0.344;0.43199999999999994
2025-06-24 06:00:00+00:00;46.154;53.846;0.096;0.112;0.20800000000000002
2025-06-24 06:15:00+00:00;61.538;38.462;0.16;0.1;0.26
2025-06-24 06:30:00+00:00;49.367;50.633;0.156;0.16;0.316
2025-06-24 06:45:00+00:00;51.22;48.78;0.168;0.16;0.328
2025-06-24 07:00:00+00:00;79.63;20.37;0.516;0.132;0.648
2025-06-24 07:15:00+00:00;51.064;48.936;0.096;0.092;0.188
2025-06-24 07:30:00+00:00;48.571;51.429;0.136;0.144;0.28
2025-06-24 07:45:00+00:00;34.483;65.517;0.08;0.152;0.23199999999999998
2025-06-24 08:00:00+00:00;68.8;31.2;0.344;0.156;0.5
2025-06-24 08:15:00+00:00;93.167;6.833;2.236;0.164;2.4000000000000004
2025-06-24 08:30:00+00:00;66.92;33.08;0.704;0.348;1.052
2025-06-24 08:45:00+00:00;88.58;11.42;1.148;0.148;1.2959999999999998
2025-06-24 09:00:00+00:00;90.755;9.245;2.356;0.24;2.596
2025-06-24 09:15:00+00:00;80.198;19.802;0.648;0.16;0.808
2025-06-24 09:30:00+00:00;79.381;20.619;0.616;0.16;0.776
2025-06-24 09:45:00+00:00;93.614;6.386;2.404;0.164;2.568
2025-06-24 10:00:00+00:00;55.128;44.872;0.172;0.14;0.312
2025-06-24 10:15:00+00:00;56.944;43.056;0.164;0.124;0.28800000000000003
2025-06-24 10:30:00+00:00;63.75;36.25;0.204;0.116;0.32
2025-06-24 10:45:00+00:00;59.494;40.506;0.188;0.128;0.316
2025-06-24 11:00:00+00:00;60.811;39.189;0.18;0.116;0.296
2025-06-24 11:15:00+00:00;73.196;26.804;0.852;0.312;1.164
2025-06-24 11:30:00+00:00;69.811;30.189;0.444;0.192;0.636
2025-06-24 11:45:00+00:00;49.383;50.617;0.16;0.164;0.324
2025-06-24 12:00:00+00:00;51.807;48.193;0.172;0.16;0.33199999999999996
2025-06-24 12:15:00+00:00;55.556;44.444;0.2;0.16;0.36
2025-06-24 12:30:00+00:00;31.034;68.966;0.072;0.16;0.23199999999999998
2025-06-24 12:45:00+00:00;30.508;69.492;0.072;0.164;0.236
2025-06-24 13:00:00+00:00;31.034;68.966;0.072;0.16;0.23199999999999998
2025-06-24 13:15:00+00:00;45.833;54.167;0.132;0.156;0.28800000000000003
2025-06-24 13:30:00+00:00;57.143;42.857;0.208;0.156;0.364
2025-06-24 13:45:00+00:00;54.945;45.055;0.2;0.164;0.364
2025-06-24 14:00:00+00:00;50.0;50.0;0.156;0.156;0.312
2025-06-24 14:15:00+00:00;47.222;52.778;0.136;0.152;0.28800000000000003
2025-06-24 14:30:00+00:00;47.297;52.703;0.14;0.156;0.29600000000000004
2025-06-24 14:45:00+00:00;44.444;55.556;0.128;0.16;0.28800000000000003
2025-06-24 15:00:00+00:00;60.465;39.535;0.208;0.136;0.344
2025-06-24 15:15:00+00:00;38.333;61.667;0.184;0.296;0.48
2025-06-24 15:30:00+00:00;50.0;50.0;0.128;0.128;0.256
2025-06-24 15:45:00+00:00;48.387;51.613;0.12;0.128;0.248
2025-06-24 16:00:00+00:00;57.534;42.466;0.168;0.124;0.29200000000000004
2025-06-24 16:15:00+00:00;57.778;42.222;0.208;0.152;0.36
2025-06-24 16:30:00+00:00;9.548;90.452;0.152;1.44;1.5919999999999999
2025-06-24 16:45:00+00:00;33.068;66.932;0.332;0.672;1.004
2025-06-24 17:00:00+00:00;81.237;18.763;1.576;0.364;1.94
2025-06-24 17:15:00+00:00;93.08;6.92;1.668;0.124;1.7919999999999998
2025-06-24 17:30:00+00:00;93.462;6.538;0.243;0.017;0.26
2025-06-24 17:45:00+00:00;92.857;7.143;0.156;0.012;0.168
2025-06-24 18:00:00+00:00;;;0.0;0.0;0.0
2025-06-24 18:15:00+00:00;;;0.0;0.0;0.0
2025-06-24 18:30:00+00:00;;;0.0;0.0;0.0
2025-06-24 18:45:00+00:00;;;0.0;0.0;0.0
2025-06-24 19:00:00+00:00;;;0.0;0.0;0.0
2025-06-24 19:15:00+00:00;;;0.0;0.0;0.0
2025-06-24 19:30:00+00:00;;;0.0;0.0;0.0
2025-06-24 19:45:00+00:00;;;0.0;0.0;0.0
2025-06-24 20:00:00+00:00;;;0.0;0.0;0.0
2025-06-24 20:15:00+00:00;;;0.0;0.0;0.0
2025-06-24 20:30:00+00:00;;;0.0;0.0;0.0
2025-06-24 20:45:00+00:00;;;0.0;0.0;0.0
2025-06-24 21:00:00+00:00;;;0.0;0.0;0.0
2025-06-24 21:15:00+00:00;;;0.0;0.0;0.0
2025-06-24 21:30:00+00:00;;;0.0;0.0;0.0
2025-06-24 21:45:00+00:00;;;0.0;0.0;0.0
2025-06-24 22:00:00+00:00;;;0.0;0.0;0.0
2025-06-24 22:15:00+00:00;;;0.0;0.0;0.0
2025-06-24 22:30:00+00:00;;;0.0;0.0;0.0
2025-06-24 22:45:00+00:00;;;0.0;0.0;0.0
2025-06-24 23:00:00+00:00;;;0.0;0.0;0.0
2025-06-24 23:15:00+00:00;;;0.0;0.0;0.0
2025-06-24 23:30:00+00:00;;;0.0;0.0;0.0
2025-06-24 23:45:00+00:00;;;0.0;0.0;0.0
2025-06-25 00:00:00+00:00;;;0.0;0.0;0.0
2025-06-25 00:15:00+00:00;;;0.0;0.0;0.0
2025-06-25 00:30:00+00:00;;;0.0;0.0;0.0
2025-06-25 00:45:00+00:00;;;0.0;0.0;0.0
2025-06-25 01:00:00+00:00;;;0.0;0.0;0.0
2025-06-25 01:15:00+00:00;;;0.0;0.0;0.0
2025-06-25 01:30:00+00:00;;;0.0;0.0;0.0
2025-06-25 01:45:00+00:00;;;0.0;0.0;0.0
2025-06-25 02:00:00+00:00;;;0.0;0.0;0.0
2025-06-25 02:15:00+00:00;;;0.0;0.0;0.0
2025-06-25 02:30:00+00:00;;;0.0;0.0;0.0
2025-06-25 02:45:00+00:00;;;0.0;0.0;0.0
2025-06-25 03:00:00+00:00;;;0.0;0.0;0.0
2025-06-25 03:15:00+00:00;;;0.0;0.0;0.0
2025-06-25 03:30:00+00:00;;;0.0;0.0;0.0
2025-06-25 03:45:00+00:00;;;0.0;0.0;0.0
2025-06-25 04:00:00+00:00;;;0.0;0.0;0.0
2025-06-25 04:15:00+00:00;;;0.0;0.0;0.0
2025-06-25 04:30:00+00:00;;;0.0;0.0;0.0
2025-06-25 04:45:00+00:00;;;0.0;0.0;0.0
2025-06-25 05:00:00+00:00;;;0.0;0.0;0.0
2025-06-25 05:15:00+00:00;36.765;63.235;0.1;0.172;0.272
2025-06-25 05:30:00+00:00;29.268;70.732;0.096;0.232;0.328
2025-06-25 05:45:00+00:00;61.538;38.462;0.096;0.06;0.156
2025-06-25 06:00:00+00:00;57.447;42.553;0.108;0.08;0.188
2025-06-25 06:15:00+00:00;61.039;38.961;0.188;0.12;0.308
2025-06-25 06:30:00+00:00;61.039;38.961;0.188;0.12;0.308
2025-06-25 06:45:00+00:00;37.6;62.4;0.188;0.312;0.5
2025-06-25 07:00:00+00:00;52.941;47.059;0.18;0.16;0.33999999999999997
2025-06-25 07:15:00+00:00;65.06;34.94;0.216;0.116;0.332
2025-06-25 07:30:00+00:00;68.132;31.868;0.248;0.116;0.364
2025-06-25 07:45:00+00:00;79.032;20.968;0.196;0.052;0.248
2025-06-25 08:00:00+00:00;72.308;27.692;0.188;0.072;0.26
2025-06-25 08:15:00+00:00;62.025;37.975;0.196;0.12;0.316
2025-06-25 08:30:00+00:00;62.667;37.333;0.188;0.112;0.3
2025-06-25 08:45:00+00:00;96.234;3.766;2.964;0.116;3.08
2025-06-25 09:00:00+00:00;91.292;8.708;1.3;0.124;1.424
2025-06-25 09:15:00+00:00;69.149;30.851;0.26;0.116;0.376
2025-06-25 09:30:00+00:00;71.111;28.889;0.256;0.104;0.36
2025-06-25 09:45:00+00:00;83.117;16.883;0.256;0.052;0.308
2025-06-25 10:00:00+00:00;75.904;24.096;0.252;0.08;0.332
2025-06-25 10:15:00+00:00;67.778;32.222;0.244;0.116;0.36
2025-06-25 10:30:00+00:00;67.778;32.222;0.244;0.116;0.36
2025-06-25 10:45:00+00:00;81.29;18.71;0.504;0.116;0.62
2025-06-25 11:00:00+00:00;67.708;32.292;0.26;0.124;0.384
2025-06-25 11:15:00+00:00;66.102;33.898;0.156;0.08;0.236
2025-06-25 11:30:00+00:00;64.865;35.135;0.096;0.052;0.148
2025-06-25 11:45:00+00:00;62.319;37.681;0.172;0.104;0.27599999999999997
2025-06-25 12:00:00+00:00;88.213;11.787;0.928;0.124;1.052
2025-06-25 12:15:00+00:00;74.4;25.6;0.372;0.128;0.5
2025-06-25 12:30:00+00:00;78.358;21.642;0.42;0.116;0.536
2025-06-25 12:45:00+00:00;83.333;16.667;0.58;0.116;0.696
2025-06-25 13:00:00+00:00;77.206;22.794;0.42;0.124;0.544
2025-06-25 13:15:00+00:00;86.179;13.821;0.424;0.068;0.492
2025-06-25 13:30:00+00:00;88.189;11.811;0.448;0.06;0.508
2025-06-25 13:45:00+00:00;86.047;13.953;0.74;0.12;0.86
2025-06-25 14:00:00+00:00;85.279;14.721;0.672;0.116;0.788
2025-06-25 14:15:00+00:00;69.0;31.0;0.276;0.124;0.4
2025-06-25 14:30:00+00:00;69.903;30.097;0.288;0.124;0.412
2025-06-25 14:45:00+00:00;57.353;42.647;0.156;0.116;0.272
2025-06-25 15:00:00+00:00;44.898;55.102;0.088;0.108;0.196
2025-06-25 15:15:00+00:00;55.882;44.118;0.076;0.06;0.136
2025-06-25 15:30:00+00:00;52.5;47.5;0.084;0.076;0.16
2025-06-25 15:45:00+00:00;46.429;53.571;0.104;0.12;0.22399999999999998
2025-06-25 16:00:00+00:00;82.353;17.647;0.56;0.12;0.68
2025-06-25 16:15:00+00:00;88.39;11.61;0.944;0.124;1.068
2025-06-25 16:30:00+00:00;80.838;19.162;0.54;0.128;0.668
2025-06-25 16:45:00+00:00;40.58;59.42;0.224;0.328;0.552
2025-06-25 17:00:00+00:00;;;0.0;0.0;0.0
2025-06-25 17:15:00+00:00;;;0.0;0.0;0.0
2025-06-25 17:30:00+00:00;;;0.0;0.0;0.0
2025-06-25 17:45:00+00:00;;;0.0;0.0;0.0
2025-06-25 18:00:00+00:00;;;0.0;0.0;0.0
2025-06-25 18:15:00+00:00;;;0.0;0.0;0.0
2025-06-25 18:30:00+00:00;;;0.0;0.0;0.0
2025-06-25 18:45:00+00:00;;;0.0;0.0;0.0
2025-06-25 19:00:00+00:00;;;0.0;0.0;0.0
2025-06-25 19:15:00+00:00;;;0.0;0.0;0.0
2025-06-25 19:30:00+00:00;;;0.0;0.0;0.0
2025-06-25 19:45:00+00:00;;;0.0;0.0;0.0
2025-06-25 20:00:00+00:00;;;0.0;0.0;0.0
2025-06-25 20:15:00+00:00;;;0.0;0.0;0.0
2025-06-25 20:30:00+00:00;;;0.0;0.0;0.0
2025-06-25 20:45:00+00:00;;;0.0;0.0;0.0
2025-06-25 21:00:00+00:00;;;0.0;0.0;0.0
2025-06-25 21:15:00+00:00;;;0.0;0.0;0.0
2025-06-25 21:30:00+00:00;;;0.0;0.0;0.0
2025-06-25 21:45:00+00:00;;;0.0;0.0;0.0
2025-06-25 22:00:00+00:00;;;0.0;0.0;0.0
2025-06-25 22:15:00+00:00;;;0.0;0.0;0.0
2025-06-25 22:30:00+00:00;;;0.0;0.0;0.0
2025-06-25 22:45:00+00:00;;;0.0;0.0;0.0
2025-06-25 23:00:00+00:00;;;0.0;0.0;0.0
2025-06-25 23:15:00+00:00;;;0.0;0.0;0.0
2025-06-25 23:30:00+00:00;;;0.0;0.0;0.0
2025-06-25 23:45:00+00:00;;;0.0;0.0;0.0
2025-06-26 00:00:00+00:00;;;0.0;0.0;0.0
2025-06-26 00:15:00+00:00;;;0.0;0.0;0.0
2025-06-26 00:30:00+00:00;;;0.0;0.0;0.0
2025-06-26 00:45:00+00:00;;;0.0;0.0;0.0
2025-06-26 01:00:00+00:00;;;0.0;0.0;0.0
2025-06-26 01:15:00+00:00;;;0.0;0.0;0.0
2025-06-26 01:30:00+00:00;;;0.0;0.0;0.0
2025-06-26 01:45:00+00:00;;;0.0;0.0;0.0
2025-06-26 02:00:00+00:00;;;0.0;0.0;0.0
2025-06-26 02:15:00+00:00;;;0.0;0.0;0.0
2025-06-26 02:30:00+00:00;;;0.0;0.0;0.0
2025-06-26 02:45:00+00:00;;;0.0;0.0;0.0
2025-06-26 03:00:00+00:00;;;0.0;0.0;0.0
2025-06-26 03:15:00+00:00;;;0.0;0.0;0.0
2025-06-26 03:30:00+00:00;;;0.0;0.0;0.0
2025-06-26 03:45:00+00:00;;;0.0;0.0;0.0
2025-06-26 04:00:00+00:00;;;0.0;0.0;0.0
2025-06-26 04:15:00+00:00;;;0.0;0.0;0.0
2025-06-26 04:30:00+00:00;;;0.0;0.0;0.0
2025-06-26 04:45:00+00:00;;;0.0;0.0;0.0
2025-06-26 05:00:00+00:00;;;0.0;0.0;0.0
2025-06-26 05:15:00+00:00;;;0.0;0.0;0.0
2025-06-26 05:30:00+00:00;59.494;40.506;0.188;0.128;0.316
2025-06-26 05:45:00+00:00;57.831;42.169;0.192;0.14;0.332
2025-06-26 06:00:00+00:00;59.341;40.659;0.216;0.148;0.364
2025-06-26 06:15:00+00:00;52.459;47.541;0.128;0.116;0.244
2025-06-26 06:30:00+00:00;36.62;63.38;0.104;0.18;0.284
2025-06-26 06:45:00+00:00;;;0.0;0.0;0.0
2025-06-26 07:00:00+00:00;;;0.0;0.0;0.0
2025-06-26 07:15:00+00:00;;;0.0;0.0;0.0
2025-06-26 07:30:00+00:00;;;0.0;0.0;0.0
2025-06-26 07:45:00+00:00;;;0.0;0.0;0.0
2025-06-26 08:00:00+00:00;;;0.0;0.0;0.0
2025-06-26 08:15:00+00:00;;;0.0;0.0;0.0
2025-06-26 08:30:00+00:00;95.602;4.398;4.0;0.184;4.184
2025-06-26 08:45:00+00:00;89.196;10.804;1.42;0.172;1.5919999999999999
2025-06-26 09:00:00+00:00;81.043;18.957;0.684;0.16;0.8440000000000001
2025-06-26 09:15:00+00:00;86.758;13.242;0.76;0.116;0.876
2025-06-26 09:30:00+00:00;74.219;25.781;0.76;0.264;1.024
2025-06-26 09:45:00+00:00;53.591;46.409;0.776;0.672;1.448
2025-06-26 10:00:00+00:00;65.836;34.164;0.74;0.384;1.124
2025-06-26 10:15:00+00:00;76.305;23.695;0.76;0.236;0.996
2025-06-26 10:30:00+00:00;82.866;17.134;1.064;0.22;1.284
2025-06-26 10:45:00+00:00;;;0.0;0.0;0.0
2025-06-26 11:00:00+00:00;70.157;29.843;0.536;0.228;0.764
2025-06-26 11:15:00+00:00;77.72;22.28;0.6;0.172;0.772
2025-06-26 11:30:00+00:00;86.73;13.27;0.732;0.112;0.844
2025-06-26 11:45:00+00:00;80.519;19.481;0.744;0.18;0.9239999999999999
2025-06-26 12:00:00+00:00;80.169;19.831;0.76;0.188;0.948
2025-06-26 12:15:00+00:00;76.65;23.35;0.604;0.184;0.788
2025-06-26 12:30:00+00:00;79.535;20.465;0.684;0.176;0.8600000000000001
2025-06-26 12:45:00+00:00;78.537;21.463;0.644;0.176;0.8200000000000001
2025-06-26 13:00:00+00:00;72.832;27.168;0.504;0.188;0.692
2025-06-26 13:15:00+00:00;73.373;26.627;0.496;0.18;0.6759999999999999
2025-06-26 13:30:00+00:00;84.982;15.018;0.928;0.164;1.092
2025-06-26 13:45:00+00:00;96.209;3.791;2.944;0.116;3.06
2025-06-26 14:00:00+00:00;89.906;10.094;1.532;0.172;1.704
2025-06-26 14:15:00+00:00;80.088;19.912;0.724;0.18;0.9039999999999999
2025-06-26 14:30:00+00:00;75.556;24.444;0.408;0.132;0.54
2025-06-26 14:45:00+00:00;87.868;12.132;0.956;0.132;1.088
2025-06-26 15:00:00+00:00;91.989;8.011;1.332;0.116;1.4480000000000002
2025-06-26 15:15:00+00:00;80.769;19.231;0.336;0.08;0.41600000000000004
2025-06-26 15:30:00+00:00;92.469;7.531;1.768;0.144;1.912
2025-06-26 15:45:00+00:00;87.988;12.012;1.172;0.16;1.3319999999999999
2025-06-26 16:00:00+00:00;62.4;37.6;0.312;0.188;0.5
2025-06-26 16:15:00+00:00;80.983;19.017;0.758;0.178;0.9359999999999999
2025-06-26 16:30:00+00:00;81.855;18.145;0.406;0.09;0.496
2025-06-26 16:45:00+00:00;45.833;54.167;0.22;0.26;0.48
2025-06-26 17:00:00+00:00;8.494;91.506;0.053;0.571;0.624
2025-06-26 17:15:00+00:00;;;0.0;0.0;0.0
2025-06-26 17:30:00+00:00;;;0.0;0.0;0.0
2025-06-26 17:45:00+00:00;;;0.0;0.0;0.0
2025-06-26 18:00:00+00:00;;;0.0;0.0;0.0
2025-06-26 18:15:00+00:00;;;0.0;0.0;0.0
2025-06-26 18:30:00+00:00;;;0.0;0.0;0.0
2025-06-26 18:45:00+00:00;;;0.0;0.0;0.0
2025-06-26 19:00:00+00:00;;;0.0;0.0;0.0
2025-06-26 19:15:00+00:00;;;0.0;0.0;0.0
2025-06-26 19:30:00+00:00;;;0.0;0.0;0.0
2025-06-26 19:45:00+00:00;;;0.0;0.0;0.0
2025-06-26 20:00:00+00:00;;;0.0;0.0;0.0
2025-06-26 20:15:00+00:00;;;0.0;0.0;0.0
2025-06-26 20:30:00+00:00;;;0.0;0.0;0.0
2025-06-26 20:45:00+00:00;;;0.0;0.0;0.0
2025-06-26 21:00:00+00:00;;;0.0;0.0;0.0
2025-06-26 21:15:00+00:00;;;0.0;0.0;0.0
2025-06-26 21:30:00+00:00;;;0.0;0.0;0.0
2025-06-26 21:45:00+00:00;;;0.0;0.0;0.0
2025-06-26 22:00:00+00:00;;;0.0;0.0;0.0
2025-06-26 22:15:00+00:00;;;0.0;0.0;0.0
2025-06-26 22:30:00+00:00;;;0.0;0.0;0.0
2025-06-26 22:45:00+00:00;;;0.0;0.0;0.0
2025-06-26 23:00:00+00:00;;;0.0;0.0;0.0
2025-06-26 23:15:00+00:00;;;0.0;0.0;0.0
2025-06-26 23:30:00+00:00;;;0.0;0.0;0.0
2025-06-26 23:45:00+00:00;;;0.0;0.0;0.0
2025-06-27 00:00:00+00:00;;;0.0;0.0;0.0
2025-06-27 00:15:00+00:00;;;0.0;0.0;0.0
2025-06-27 00:30:00+00:00;;;0.0;0.0;0.0
2025-06-27 00:45:00+00:00;;;0.0;0.0;0.0
2025-06-27 01:00:00+00:00;;;0.0;0.0;0.0
2025-06-27 01:15:00+00:00;;;0.0;0.0;0.0
2025-06-27 01:30:00+00:00;;;0.0;0.0;0.0
2025-06-27 01:45:00+00:00;;;0.0;0.0;0.0
2025-06-27 02:00:00+00:00;;;0.0;0.0;0.0
2025-06-27 02:15:00+00:00;;;0.0;0.0;0.0
2025-06-27 02:30:00+00:00;;;0.0;0.0;0.0
2025-06-27 02:45:00+00:00;;;0.0;0.0;0.0
2025-06-27 03:00:00+00:00;;;0.0;0.0;0.0
2025-06-27 03:15:00+00:00;;;0.0;0.0;0.0
2025-06-27 03:30:00+00:00;;;0.0;0.0;0.0
2025-06-27 03:45:00+00:00;;;0.0;0.0;0.0
2025-06-27 04:00:00+00:00;;;0.0;0.0;0.0
2025-06-27 04:15:00+00:00;;;0.0;0.0;0.0
2025-06-27 04:30:00+00:00;;;0.0;0.0;0.0
2025-06-27 04:45:00+00:00;;;0.0;0.0;0.0
2025-06-27 05:00:00+00:00;;;0.0;0.0;0.0
2025-06-27 05:15:00+00:00;;;0.0;0.0;0.0
2025-06-27 05:30:00+00:00;;;0.0;0.0;0.0
2025-06-27 05:45:00+00:00;;;0.0;0.0;0.0
2025-06-27 06:00:00+00:00;;;0.0;0.0;0.0
2025-06-27 06:15:00+00:00;;;0.0;0.0;0.0
2025-06-27 06:30:00+00:00;;;0.0;0.0;0.0
2025-06-27 06:45:00+00:00;60.714;39.286;0.034;0.022;0.056
2025-06-27 07:00:00+00:00;;;0.0;0.0;0.0
2025-06-27 07:15:00+00:00;;;0.0;0.0;0.0
2025-06-27 07:30:00+00:00;;;0.0;0.0;0.0
2025-06-27 07:45:00+00:00;;;0.0;0.0;0.0
2025-06-27 08:00:00+00:00;;;0.0;0.0;0.0
2025-06-27 08:15:00+00:00;;;0.0;0.0;0.0
2025-06-27 08:30:00+00:00;75.0;25.0;0.384;0.128;0.512
2025-06-27 08:45:00+00:00;40.0;60.0;0.08;0.12;0.2
2025-06-27 09:00:00+00:00;41.176;58.824;0.084;0.12;0.20400000000000001
2025-06-27 09:15:00+00:00;69.388;30.612;0.136;0.06;0.196
2025-06-27 09:30:00+00:00;;;0.0;0.0;0.0
2025-06-27 09:45:00+00:00;56.338;43.662;0.16;0.124;0.28400000000000003
2025-06-27 10:00:00+00:00;58.571;41.429;0.164;0.116;0.28
2025-06-27 10:15:00+00:00;57.353;42.647;0.156;0.116;0.272
2025-06-27 10:30:00+00:00;69.643;30.357;0.156;0.068;0.224
2025-06-27 10:45:00+00:00;;;0.0;0.0;0.0
2025-06-27 11:00:00+00:00;93.59;6.41;1.752;0.12;1.8719999999999999
2025-06-27 11:15:00+00:00;90.705;9.295;1.132;0.116;1.248
2025-06-27 11:30:00+00:00;88.652;11.348;1.0;0.128;1.1280000000000001
2025-06-27 11:45:00+00:00;93.365;6.635;1.576;0.112;1.6880000000000002
2025-06-27 12:00:00+00:00;95.406;4.594;1.08;0.052;1.1320000000000001
2025-06-27 12:15:00+00:00;83.636;16.364;0.552;0.108;0.66
2025-06-27 12:30:00+00:00;58.442;41.558;0.18;0.128;0.308
2025-06-27 12:45:00+00:00;59.74;40.26;0.184;0.124;0.308
2025-06-27 13:00:00+00:00;46.296;53.704;0.1;0.116;0.21600000000000003
2025-06-27 13:15:00+00:00;50.0;50.0;0.1;0.1;0.2
2025-06-27 13:30:00+00:00;66.667;33.333;0.128;0.064;0.192
2025-06-27 13:45:00+00:00;64.634;35.366;0.212;0.116;0.328
2025-06-27 14:00:00+00:00;59.155;40.845;0.168;0.116;0.28400000000000003
2025-06-27 14:15:00+00:00;59.722;40.278;0.172;0.116;0.288
2025-06-27 14:30:00+00:00;58.974;41.026;0.184;0.128;0.312
2025-06-27 14:45:00+00:00;55.385;44.615;0.144;0.116;0.26
2025-06-27 15:00:00+00:00;74.0;26.0;0.148;0.052;0.19999999999999998
2025-06-27 15:15:00+00:00;;;0.0;0.0;0.0
2025-06-27 15:30:00+00:00;;;0.0;0.0;0.0
2025-06-27 15:45:00+00:00;;;0.0;0.0;0.0
2025-06-27 16:00:00+00:00;;;0.0;0.0;0.0
2025-06-27 16:15:00+00:00;57.317;42.683;0.188;0.14;0.328
2025-06-27 16:30:00+00:00;;;0.0;0.0;0.0
2025-06-27 16:45:00+00:00;52.632;47.368;0.16;0.144;0.304
2025-06-27 17:00:00+00:00;42.268;57.732;0.164;0.224;0.388
2025-06-27 17:15:00+00:00;12.821;87.179;0.2;1.36;1.56
2025-06-27 17:30:00+00:00;39.167;60.833;0.188;0.292;0.48
2025-06-27 17:45:00+00:00;;;0.0;0.0;0.0
2025-06-27 18:00:00+00:00;;;0.0;0.0;0.0
2025-06-27 18:15:00+00:00;;;0.0;0.0;0.0
2025-06-27 18:30:00+00:00;;;0.0;0.0;0.0
2025-06-27 18:45:00+00:00;;;0.0;0.0;0.0
2025-06-27 19:00:00+00:00;;;0.0;0.0;0.0
2025-06-27 19:15:00+00:00;;;0.0;0.0;0.0
2025-06-27 19:30:00+00:00;;;0.0;0.0;0.0
2025-06-27 19:45:00+00:00;;;0.0;0.0;0.0
2025-06-27 20:00:00+00:00;;;0.0;0.0;0.0
2025-06-27 20:15:00+00:00;;;0.0;0.0;0.0
2025-06-27 20:30:00+00:00;;;0.0;0.0;0.0
2025-06-27 20:45:00+00:00;;;0.0;0.0;0.0
2025-06-27 21:00:00+00:00;;;0.0;0.0;0.0
2025-06-27 21:15:00+00:00;;;0.0;0.0;0.0
2025-06-27 21:30:00+00:00;;;0.0;0.0;0.0
2025-06-27 21:45:00+00:00;;;0.0;0.0;0.0
2025-06-27 22:00:00+00:00;;;0.0;0.0;0.0
2025-06-27 22:15:00+00:00;;;0.0;0.0;0.0
2025-06-27 22:30:00+00:00;;;0.0;0.0;0.0
2025-06-27 22:45:00+00:00;;;0.0;0.0;0.0
2025-06-27 23:00:00+00:00;;;0.0;0.0;0.0
2025-06-27 23:15:00+00:00;;;0.0;0.0;0.0
2025-06-27 23:30:00+00:00;;;0.0;0.0;0.0
2025-06-27 23:45:00+00:00;;;0.0;0.0;0.0
2025-06-28 00:00:00+00:00;;;0.0;0.0;0.0
2025-06-28 00:15:00+00:00;;;0.0;0.0;0.0
2025-06-28 00:30:00+00:00;;;0.0;0.0;0.0
2025-06-28 00:45:00+00:00;;;0.0;0.0;0.0
2025-06-28 01:00:00+00:00;;;0.0;0.0;0.0
2025-06-28 01:15:00+00:00;;;0.0;0.0;0.0
2025-06-28 01:30:00+00:00;;;0.0;0.0;0.0
2025-06-28 01:45:00+00:00;;;0.0;0.0;0.0
2025-06-28 02:00:00+00:00;;;0.0;0.0;0.0
2025-06-28 02:15:00+00:00;;;0.0;0.0;0.0
2025-06-28 02:30:00+00:00;;;0.0;0.0;0.0
2025-06-28 02:45:00+00:00;;;0.0;0.0;0.0
2025-06-28 03:00:00+00:00;;;0.0;0.0;0.0
2025-06-28 03:15:00+00:00;;;0.0;0.0;0.0
2025-06-28 03:30:00+00:00;;;0.0;0.0;0.0
2025-06-28 03:45:00+00:00;;;0.0;0.0;0.0
2025-06-28 04:00:00+00:00;;;0.0;0.0;0.0
2025-06-28 04:15:00+00:00;;;0.0;0.0;0.0
2025-06-28 04:30:00+00:00;;;0.0;0.0;0.0
2025-06-28 04:45:00+00:00;;;0.0;0.0;0.0
2025-06-28 05:00:00+00:00;;;0.0;0.0;0.0
2025-06-28 05:15:00+00:00;;;0.0;0.0;0.0
2025-06-28 05:30:00+00:00;;;0.0;0.0;0.0
2025-06-28 05:45:00+00:00;72.222;27.778;0.026;0.01;0.036
2025-06-28 06:00:00+00:00;66.146;33.854;0.127;0.065;0.192
2025-06-28 06:15:00+00:00;;;0.0;0.0;0.0
2025-06-28 06:30:00+00:00;;;0.0;0.0;0.0
2025-06-28 06:45:00+00:00;53.03;46.97;0.14;0.124;0.264
2025-06-28 07:00:00+00:00;44.643;55.357;0.1;0.124;0.224
2025-06-28 07:15:00+00:00;63.415;36.585;0.208;0.12;0.32799999999999996
2025-06-28 07:30:00+00:00;96.442;3.558;2.06;0.076;2.136
2025-06-28 07:45:00+00:00;84.118;15.882;0.572;0.108;0.6799999999999999
2025-06-28 08:00:00+00:00;38.532;61.468;0.168;0.268;0.43600000000000005
2025-06-28 08:15:00+00:00;43.878;56.122;0.172;0.22;0.392
2025-06-28 08:30:00+00:00;24.375;75.625;0.156;0.484;0.64
2025-06-28 08:45:00+00:00;39.394;60.606;0.156;0.24;0.396
2025-06-28 09:00:00+00:00;39.13;60.87;0.144;0.224;0.368
2025-06-28 09:15:00+00:00;36.0;64.0;0.072;0.128;0.2
2025-06-28 09:30:00+00:00;54.545;45.455;0.072;0.06;0.132
2025-06-28 09:45:00+00:00;42.5;57.5;0.068;0.092;0.16
2025-06-28 10:00:00+00:00;36.0;64.0;0.072;0.128;0.2
2025-06-28 10:15:00+00:00;47.368;52.632;0.108;0.12;0.22799999999999998
2025-06-28 10:30:00+00:00;51.724;48.276;0.18;0.168;0.348
2025-06-28 10:45:00+00:00;36.842;63.158;0.168;0.288;0.45599999999999996
2025-06-28 11:00:00+00:00;62.687;37.313;0.168;0.1;0.268
2025-06-28 11:15:00+00:00;52.778;47.222;0.152;0.136;0.28800000000000003
2025-06-28 11:30:00+00:00;53.521;46.479;0.152;0.132;0.28400000000000003
2025-06-28 11:45:00+00:00;38.462;61.538;0.08;0.128;0.20800000000000002
2025-06-28 12:00:00+00:00;32.075;67.925;0.068;0.144;0.212
2025-06-28 12:15:00+00:00;19.78;80.22;0.072;0.292;0.364
2025-06-28 12:30:00+00:00;28.049;71.951;0.092;0.236;0.32799999999999996
2025-06-28 12:45:00+00:00;91.623;8.377;1.4;0.128;1.528
2025-06-28 13:00:00+00:00;94.38;5.62;2.284;0.136;2.42
2025-06-28 13:15:00+00:00;65.625;34.375;0.252;0.132;0.384
2025-06-28 13:30:00+00:00;67.021;32.979;0.252;0.124;0.376
2025-06-28 13:45:00+00:00;80.198;19.802;0.324;0.08;0.404
2025-06-28 14:00:00+00:00;69.512;30.488;0.228;0.1;0.328
2025-06-28 14:15:00+00:00;65.591;34.409;0.244;0.128;0.372
2025-06-28 14:30:00+00:00;55.882;44.118;0.152;0.12;0.272
2025-06-28 14:45:00+00:00;55.882;44.118;0.152;0.12;0.272
2025-06-28 15:00:00+00:00;37.255;62.745;0.076;0.128;0.20400000000000001
2025-06-28 15:15:00+00:00;50.0;50.0;0.072;0.072;0.144
2025-06-28 15:30:00+00:00;42.5;57.5;0.068;0.092;0.16
2025-06-28 15:45:00+00:00;35.417;64.583;0.068;0.124;0.192
2025-06-28 16:00:00+00:00;40.741;59.259;0.088;0.128;0.216
2025-06-28 16:15:00+00:00;56.338;43.662;0.16;0.124;0.28400000000000003
2025-06-28 16:30:00+00:00;58.824;41.176;0.16;0.112;0.272
2025-06-28 16:45:00+00:00;73.077;26.923;0.152;0.056;0.208
2025-06-28 17:00:00+00:00;61.333;38.667;0.184;0.116;0.3
2025-06-28 17:15:00+00:00;59.494;40.506;0.188;0.128;0.316
2025-06-28 17:30:00+00:00;62.821;37.179;0.196;0.116;0.312
2025-06-28 17:45:00+00:00;64.706;35.294;0.22;0.12;0.33999999999999997
2025-06-28 18:00:00+00:00;65.357;34.643;0.183;0.097;0.28
2025-06-28 18:15:00+00:00;;;0.0;0.0;0.0
2025-06-28 18:30:00+00:00;;;0.0;0.0;0.0
2025-06-28 18:45:00+00:00;;;0.0;0.0;0.0
2025-06-28 19:00:00+00:00;;;0.0;0.0;0.0
2025-06-28 19:15:00+00:00;;;0.0;0.0;0.0
2025-06-28 19:30:00+00:00;;;0.0;0.0;0.0
2025-06-28 19:45:00+00:00;;;0.0;0.0;0.0
2025-06-28 20:00:00+00:00;;;0.0;0.0;0.0
2025-06-28 20:15:00+00:00;;;0.0;0.0;0.0
2025-06-28 20:30:00+00:00;;;0.0;0.0;0.0
2025-06-28 20:45:00+00:00;;;0.0;0.0;0.0
2025-06-28 21:00:00+00:00;;;0.0;0.0;0.0
2025-06-28 21:15:00+00:00;;;0.0;0.0;0.0
2025-06-28 21:30:00+00:00;;;0.0;0.0;0.0
2025-06-28 21:45:00+00:00;;;0.0;0.0;0.0
2025-06-28 22:00:00+00:00;;;0.0;0.0;0.0
2025-06-28 22:15:00+00:00;;;0.0;0.0;0.0
2025-06-28 22:30:00+00:00;;;0.0;0.0;0.0
2025-06-28 22:45:00+00:00;;;0.0;0.0;0.0
2025-06-28 23:00:00+00:00;;;0.0;0.0;0.0
2025-06-28 23:15:00+00:00;;;0.0;0.0;0.0
2025-06-28 23:30:00+00:00;;;0.0;0.0;0.0
2025-06-28 23:45:00+00:00;;;0.0;0.0;0.0
2025-06-29 00:00:00+00:00;;;0.0;0.0;0.0
2025-06-29 00:15:00+00:00;;;0.0;0.0;0.0
2025-06-29 00:30:00+00:00;;;0.0;0.0;0.0
2025-06-29 00:45:00+00:00;;;0.0;0.0;0.0
2025-06-29 01:00:00+00:00;;;0.0;0.0;0.0
2025-06-29 01:15:00+00:00;;;0.0;0.0;0.0
2025-06-29 01:30:00+00:00;;;0.0;0.0;0.0
2025-06-29 01:45:00+00:00;;;0.0;0.0;0.0
2025-06-29 02:00:00+00:00;;;0.0;0.0;0.0
2025-06-29 02:15:00+00:00;;;0.0;0.0;0.0
2025-06-29 02:30:00+00:00;;;0.0;0.0;0.0
2025-06-29 02:45:00+00:00;;;0.0;0.0;0.0
2025-06-29 03:00:00+00:00;;;0.0;0.0;0.0
2025-06-29 03:15:00+00:00;;;0.0;0.0;0.0
2025-06-29 03:30:00+00:00;;;0.0;0.0;0.0
2025-06-29 03:45:00+00:00;;;0.0;0.0;0.0
2025-06-29 04:00:00+00:00;;;0.0;0.0;0.0
2025-06-29 04:15:00+00:00;;;0.0;0.0;0.0
2025-06-29 04:30:00+00:00;;;0.0;0.0;0.0
2025-06-29 04:45:00+00:00;;;0.0;0.0;0.0
2025-06-29 05:00:00+00:00;;;0.0;0.0;0.0
2025-06-29 05:15:00+00:00;;;0.0;0.0;0.0
2025-06-29 05:30:00+00:00;;;0.0;0.0;0.0
2025-06-29 05:45:00+00:00;63.75;36.25;0.204;0.116;0.32
2025-06-29 06:00:00+00:00;63.281;36.719;0.162;0.094;0.256
2025-06-29 06:15:00+00:00;74.627;25.373;0.2;0.068;0.268
2025-06-29 06:30:00+00:00;63.636;36.364;0.196;0.112;0.308
2025-06-29 06:45:00+00:00;63.415;36.585;0.208;0.12;0.32799999999999996
2025-06-29 07:00:00+00:00;58.667;41.333;0.176;0.124;0.3
2025-06-29 07:15:00+00:00;44.828;55.172;0.104;0.128;0.23199999999999998
2025-06-29 07:30:00+00:00;47.273;52.727;0.104;0.116;0.22
2025-06-29 07:45:00+00:00;45.614;54.386;0.104;0.124;0.22799999999999998
2025-06-29 08:00:00+00:00;44.068;55.932;0.104;0.132;0.236
2025-06-29 08:15:00+00:00;52.174;47.826;0.144;0.132;0.276
2025-06-29 08:30:00+00:00;62.025;37.975;0.196;0.12;0.316
2025-06-29 08:45:00+00:00;25.888;74.112;0.204;0.584;0.7879999999999999
2025-06-29 09:00:00+00:00;37.903;62.097;0.188;0.308;0.496
2025-06-29 09:15:00+00:00;38.017;61.983;0.184;0.3;0.484
2025-06-29 09:30:00+00:00;69.388;30.612;0.68;0.3;0.98
2025-06-29 09:45:00+00:00;93.723;6.277;2.628;0.176;2.8040000000000003
2025-06-29 10:00:00+00:00;73.054;26.946;0.488;0.18;0.6679999999999999
2025-06-29 10:15:00+00:00;54.455;45.545;0.22;0.184;0.404
2025-06-29 10:30:00+00:00;71.622;28.378;0.424;0.168;0.592
2025-06-29 10:45:00+00:00;62.5;37.5;0.28;0.168;0.44800000000000006
2025-06-29 11:00:00+00:00;56.566;43.434;0.224;0.172;0.396
2025-06-29 11:15:00+00:00;50.575;49.425;0.176;0.172;0.348
2025-06-29 11:30:00+00:00;60.606;39.394;0.16;0.104;0.264
2025-06-29 11:45:00+00:00;62.903;37.097;0.156;0.092;0.248
2025-06-29 12:00:00+00:00;55.405;44.595;0.164;0.132;0.29600000000000004
2025-06-29 12:15:00+00:00;58.228;41.772;0.184;0.132;0.316
2025-06-29 12:30:00+00:00;50.769;49.231;0.132;0.128;0.26
2025-06-29 12:45:00+00:00;44.643;55.357;0.1;0.124;0.224
2025-06-29 13:00:00+00:00;40.625;59.375;0.104;0.152;0.256
2025-06-29 13:15:00+00:00;75.966;24.034;0.708;0.224;0.9319999999999999
2025-06-29 13:30:00+00:00;85.417;14.583;0.984;0.168;1.152
2025-06-29 13:45:00+00:00;94.981;5.019;3.028;0.16;3.188
2025-06-29 14:00:00+00:00;90.541;9.459;1.608;0.168;1.776
2025-06-29 14:15:00+00:00;93.786;6.214;2.596;0.172;2.7680000000000002
2025-06-29 14:30:00+00:00;95.57;4.43;3.452;0.16;3.612
2025-06-29 14:45:00+00:00;86.234;13.766;1.328;0.212;1.54
2025-06-29 15:00:00+00:00;86.667;13.333;1.144;0.176;1.3199999999999998
2025-06-29 15:15:00+00:00;93.614;6.386;2.58;0.176;2.7560000000000002
2025-06-29 15:30:00+00:00;89.673;10.327;1.424;0.164;1.5879999999999999
2025-06-29 15:45:00+00:00;61.947;38.053;0.28;0.172;0.452
2025-06-29 16:00:00+00:00;7.868;92.132;0.214;2.506;2.7199999999999998
2025-06-29 16:15:00+00:00;53.333;46.667;0.384;0.336;0.72
2025-06-29 16:30:00+00:00;92.195;7.805;2.268;0.192;2.46
2025-06-29 16:45:00+00:00;57.786;42.214;1.9;1.388;3.288
2025-06-29 17:00:00+00:00;58.654;41.346;0.305;0.215;0.52
2025-06-29 17:15:00+00:00;24.638;75.362;0.136;0.416;0.552
2025-06-29 17:30:00+00:00;31.395;68.605;0.162;0.354;0.516
2025-06-29 17:45:00+00:00;;;0.0;0.0;0.0
2025-06-29 18:00:00+00:00;;;0.0;0.0;0.0
2025-06-29 18:15:00+00:00;;;0.0;0.0;0.0
2025-06-29 18:30:00+00:00;;;0.0;0.0;0.0
2025-06-29 18:45:00+00:00;;;0.0;0.0;0.0
2025-06-29 19:00:00+00:00;;;0.0;0.0;0.0
2025-06-29 19:15:00+00:00;;;0.0;0.0;0.0
2025-06-29 19:30:00+00:00;;;0.0;0.0;0.0
2025-06-29 19:45:00+00:00;;;0.0;0.0;0.0
2025-06-29 20:00:00+00:00;;;0.0;0.0;0.0
2025-06-29 20:15:00+00:00;;;0.0;0.0;0.0
2025-06-29 20:30:00+00:00;;;0.0;0.0;0.0
2025-06-29 20:45:00+00:00;;;0.0;0.0;0.0
2025-06-29 21:00:00+00:00;;;0.0;0.0;0.0
2025-06-29 21:15:00+00:00;;;0.0;0.0;0.0
2025-06-29 21:30:00+00:00;;;0.0;0.0;0.0
2025-06-29 21:45:00+00:00;;;0.0;0.0;0.0
2025-06-29 22:00:00+00:00;;;0.0;0.0;0.0
2025-06-29 22:15:00+00:00;;;0.0;0.0;0.0
2025-06-29 22:30:00+00:00;;;0.0;0.0;0.0
2025-06-29 22:45:00+00:00;;;0.0;0.0;0.0
2025-06-29 23:00:00+00:00;;;0.0;0.0;0.0
2025-06-29 23:15:00+00:00;;;0.0;0.0;0.0
2025-06-29 23:30:00+00:00;;;0.0;0.0;0.0
2025-06-29 23:45:00+00:00;;;0.0;0.0;0.0
2025-06-30 00:00:00+00:00;;;0.0;0.0;0.0
2025-06-30 00:15:00+00:00;;;0.0;0.0;0.0
2025-06-30 00:30:00+00:00;;;0.0;0.0;0.0
2025-06-30 00:45:00+00:00;;;0.0;0.0;0.0
2025-06-30 01:00:00+00:00;;;0.0;0.0;0.0
2025-06-30 01:15:00+00:00;;;0.0;0.0;0.0
2025-06-30 01:30:00+00:00;;;0.0;0.0;0.0
2025-06-30 01:45:00+00:00;;;0.0;0.0;0.0
2025-06-30 02:00:00+00:00;;;0.0;0.0;0.0
2025-06-30 02:15:00+00:00;;;0.0;0.0;0.0
2025-06-30 02:30:00+00:00;;;0.0;0.0;0.0
2025-06-30 02:45:00+00:00;;;0.0;0.0;0.0
2025-06-30 03:00:00+00:00;;;0.0;0.0;0.0
2025-06-30 03:15:00+00:00;;;0.0;0.0;0.0
2025-06-30 03:30:00+00:00;;;0.0;0.0;0.0
2025-06-30 03:45:00+00:00;;;0.0;0.0;0.0
2025-06-30 04:00:00+00:00;;;0.0;0.0;0.0
2025-06-30 04:15:00+00:00;;;0.0;0.0;0.0
2025-06-30 04:30:00+00:00;;;0.0;0.0;0.0
2025-06-30 04:45:00+00:00;;;0.0;0.0;0.0
2025-06-30 05:00:00+00:00;;;0.0;0.0;0.0
2025-06-30 05:15:00+00:00;;;0.0;0.0;0.0
2025-06-30 05:30:00+00:00;;;0.0;0.0;0.0
2025-06-30 05:45:00+00:00;54.167;45.833;0.052;0.044;0.096
2025-06-30 06:00:00+00:00;57.143;42.857;0.16;0.12;0.28
2025-06-30 06:15:00+00:00;73.585;26.415;0.156;0.056;0.212
2025-06-30 06:30:00+00:00;63.529;36.471;0.216;0.124;0.33999999999999997
2025-06-30 06:45:00+00:00;92.466;7.534;1.62;0.132;1.7520000000000002
2025-06-30 07:00:00+00:00;58.108;41.892;0.172;0.124;0.296
2025-06-30 07:15:00+00:00;68.085;31.915;0.256;0.12;0.376
2025-06-30 07:30:00+00:00;71.963;28.037;0.308;0.12;0.428
2025-06-30 07:45:00+00:00;77.193;22.807;0.352;0.104;0.45599999999999996
2025-06-30 08:00:00+00:00;82.022;17.978;0.292;0.064;0.356
2025-06-30 08:15:00+00:00;74.359;25.641;0.348;0.12;0.46799999999999997
2025-06-30 08:30:00+00:00;42.254;57.746;0.24;0.328;0.5680000000000001
2025-06-30 08:45:00+00:00;61.798;38.202;0.22;0.136;0.356
2025-06-30 09:00:00+00:00;64.706;35.294;0.22;0.12;0.33999999999999997
2025-06-30 09:15:00+00:00;49.123;50.877;0.112;0.116;0.228
2025-06-30 09:30:00+00:00;71.429;28.571;0.2;0.08;0.28
2025-06-30 09:45:00+00:00;70.423;29.577;0.2;0.084;0.28400000000000003
2025-06-30 10:00:00+00:00;67.708;32.292;0.26;0.124;0.384
2025-06-30 10:15:00+00:00;70.408;29.592;0.276;0.116;0.392
2025-06-30 10:30:00+00:00;80.132;19.868;0.484;0.12;0.604
2025-06-30 10:45:00+00:00;96.026;3.974;2.9;0.12;3.02
2025-06-30 11:00:00+00:00;91.954;8.046;0.96;0.084;1.044
2025-06-30 11:15:00+00:00;65.236;34.764;0.608;0.324;0.9319999999999999
2025-06-30 11:30:00+00:00;90.238;9.762;1.516;0.164;1.68
2025-06-30 11:45:00+00:00;88.352;11.648;1.244;0.164;1.408
2025-06-30 12:00:00+00:00;68.421;31.579;0.624;0.288;0.9119999999999999
2025-06-30 12:15:00+00:00;91.892;8.108;2.448;0.216;2.664
2025-06-30 12:30:00+00:00;85.526;14.474;1.04;0.176;1.216
2025-06-30 12:45:00+00:00;71.333;28.667;0.428;0.172;0.6
2025-06-30 13:00:00+00:00;89.781;10.219;1.476;0.168;1.644
2025-06-30 13:15:00+00:00;81.545;18.455;0.76;0.172;0.9319999999999999
2025-06-30 13:30:00+00:00;56.311;43.689;0.232;0.18;0.41200000000000003
2025-06-30 13:45:00+00:00;55.319;44.681;0.208;0.168;0.376
2025-06-30 14:00:00+00:00;56.842;43.158;0.216;0.164;0.38
2025-06-30 14:15:00+00:00;62.162;37.838;0.276;0.168;0.44400000000000006
2025-06-30 14:30:00+00:00;65.217;34.783;0.3;0.16;0.45999999999999996
2025-06-30 14:45:00+00:00;64.22;35.78;0.28;0.156;0.43600000000000005
2025-06-30 15:00:00+00:00;60.0;40.0;0.204;0.136;0.33999999999999997
2025-06-30 15:15:00+00:00;56.044;43.956;0.204;0.16;0.364
2025-06-30 15:30:00+00:00;16.399;83.601;0.204;1.04;1.244
2025-06-30 15:45:00+00:00;36.269;63.731;0.28;0.492;0.772
2025-06-30 16:00:00+00:00;62.393;37.607;0.292;0.176;0.46799999999999997
2025-06-30 16:15:00+00:00;69.903;30.097;0.288;0.124;0.412
2025-06-30 16:30:00+00:00;59.167;40.833;0.284;0.196;0.48
2025-06-30 16:45:00+00:00;54.167;45.833;0.013;0.011;0.024
2025-06-30 17:00:00+00:00;;;0.0;0.0;0.0
2025-06-30 17:15:00+00:00;;;0.0;0.0;0.0
2025-06-30 17:30:00+00:00;46.61;53.39;0.22;0.252;0.472
2025-06-30 17:45:00+00:00;;;0.0;0.0;0.0
2025-06-30 18:00:00+00:00;;;0.0;0.0;0.0
2025-06-30 18:15:00+00:00;;;0.0;0.0;0.0
2025-06-30 18:30:00+00:00;;;0.0;0.0;0.0
2025-06-30 18:45:00+00:00;;;0.0;0.0;0.0
2025-06-30 19:00:00+00:00;;;0.0;0.0;0.0
2025-06-30 19:15:00+00:00;;;0.0;0.0;0.0
2025-06-30 19:30:00+00:00;;;0.0;0.0;0.0
2025-06-30 19:45:00+00:00;;;0.0;0.0;0.0
2025-06-30 20:00:00+00:00;;;0.0;0.0;0.0
2025-06-30 20:15:00+00:00;;;0.0;0.0;0.0
2025-06-30 20:30:00+00:00;;;0.0;0.0;0.0
2025-06-30 20:45:00+00:00;;;0.0;0.0;0.0
2025-06-30 21:00:00+00:00;;;0.0;0.0;0.0
2025-06-30 21:15:00+00:00;;;0.0;0.0;0.0
2025-06-30 21:30:00+00:00;;;0.0;0.0;0.0
2025-06-30 21:45:00+00:00;;;0.0;0.0;0.0
2025-06-30 22:00:00+00:00;;;0.0;0.0;0.0
2025-06-30 22:15:00+00:00;;;0.0;0.0;0.0
2025-06-30 22:30:00+00:00;;;0.0;0.0;0.0
2025-06-30 22:45:00+00:00;;;0.0;0.0;0.0
2025-06-30 23:00:00+00:00;;;0.0;0.0;0.0
2025-06-30 23:15:00+00:00;;;0.0;0.0;0.0
2025-06-30 23:30:00+00:00;;;0.0;0.0;0.0
2025-06-30 23:45:00+00:00;;;0.0;0.0;0.0
