startedAt;percentage_cons;percentage_cons;valuecons;valuecons;total_sum_cons;percentage_prod;percentage_prod;percentage_prod;percentage_prod;percentage_prod;valueprod;valueprod;valueprod;valueprod;valueprod;total_sum_prod;cons_vs_prod;cons_vs_prod_limit;max_possible_cons_tot;total_to_be_paid;community_power_used-Sebastien;power_used_by_community;has_to_pay-Sebastien;community_power_used-Jessica;has_to_pay-Jessica;power_sold_to_grid;has_to_receive-Véronique;has_to_receive-Marc;has_to_receive-Gaby;has_to_receive-Pit;has_to_receive-Madalin
;df-cons-Jessica;df-cons-Sebastien;df-cons-Jessica;df-cons-Sebastien;;df-prod-Gaby;df-prod-Madalin;df-prod-Marc;df-prod-Pit;df-prod-Véronique;df-prod-Gaby;df-prod-Madalin;df-prod-Marc;df-prod-Pit;df-prod-Véronique;;;;;;;;;;;;;;;;
2025-06-18 22:00:00+00:00;;;0.0;0.0;0.0;;;;;;0.0;0.0;0.0;0.0;0.0;0.0;;;;;;;;;;;;;;;
2025-06-18 22:15:00+00:00;;;0.0;0.0;0.0;;;;;;0.0;0.0;0.0;0.0;0.0;0.0;;;;;;;;;;;;;;;
2025-06-18 22:30:00+00:00;;;0.0;0.0;0.0;;;;;;0.0;0.0;0.0;0.0;0.0;0.0;;;;;;;;;;;;;;;
2025-06-18 22:45:00+00:00;;;0.0;0.0;0.0;;;;;;0.0;0.0;0.0;0.0;0.0;0.0;;;;;;;;;;;;;;;
2025-06-18 23:00:00+00:00;;;0.0;0.0;0.0;;;;;;0.0;0.0;0.0;0.0;0.0;0.0;;;;;;;;;;;;;;;
2025-06-18 23:15:00+00:00;;;0.0;0.0;0.0;;;;;;0.0;0.0;0.0;0.0;0.0;0.0;;;;;;;;;;;;;;;
2025-06-18 23:30:00+00:00;;;0.0;0.0;0.0;;;;;;0.0;0.0;0.0;0.0;0.0;0.0;;;;;;;;;;;;;;;
2025-06-18 23:45:00+00:00;;;0.0;0.0;0.0;;;;;;0.0;0.0;0.0;0.0;0.0;0.0;;;;;;;;;;;;;;;
2025-06-19 00:00:00+00:00;;;0.0;0.0;0.0;;;;;;0.0;0.0;0.0;0.0;0.0;0.0;;;;;;;;;;;;;;;
2025-06-19 00:15:00+00:00;;;0.0;0.0;0.0;;;;;;0.0;0.0;0.0;0.0;0.0;0.0;;;;;;;;;;;;;;;
2025-06-19 00:30:00+00:00;;;0.0;0.0;0.0;;;;;;0.0;0.0;0.0;0.0;0.0;0.0;;;;;;;;;;;;;;;
2025-06-19 00:45:00+00:00;;;0.0;0.0;0.0;;;;;;0.0;0.0;0.0;0.0;0.0;0.0;;;;;;;;;;;;;;;
2025-06-19 01:00:00+00:00;;;0.0;0.0;0.0;;;;;;0.0;0.0;0.0;0.0;0.0;0.0;;;;;;;;;;;;;;;
2025-06-19 01:15:00+00:00;;;0.0;0.0;0.0;;;;;;0.0;0.0;0.0;0.0;0.0;0.0;;;;;;;;;;;;;;;
2025-06-19 01:30:00+00:00;;;0.0;0.0;0.0;;;;;;0.0;0.0;0.0;0.0;0.0;0.0;;;;;;;;;;;;;;;
2025-06-19 01:45:00+00:00;;;0.0;0.0;0.0;;;;;;0.0;0.0;0.0;0.0;0.0;0.0;;;;;;;;;;;;;;;
2025-06-19 02:00:00+00:00;;;0.0;0.0;0.0;;;;;;0.0;0.0;0.0;0.0;0.0;0.0;;;;;;;;;;;;;;;
2025-06-19 02:15:00+00:00;;;0.0;0.0;0.0;;;;;;0.0;0.0;0.0;0.0;0.0;0.0;;;;;;;;;;;;;;;
2025-06-19 02:30:00+00:00;;;0.0;0.0;0.0;;;;;;0.0;0.0;0.0;0.0;0.0;0.0;;;;;;;;;;;;;;;
2025-06-19 02:45:00+00:00;;;0.0;0.0;0.0;;;;;;0.0;0.0;0.0;0.0;0.0;0.0;;;;;;;;;;;;;;;
2025-06-19 03:00:00+00:00;;;0.0;0.0;0.0;;;;;;0.0;0.0;0.0;0.0;0.0;0.0;;;;;;;;;;;;;;;
2025-06-19 03:15:00+00:00;;;0.0;0.0;0.0;;;;;;0.0;0.0;0.0;0.0;0.0;0.0;;;;;;;;;;;;;;;
2025-06-19 03:30:00+00:00;;;0.0;0.0;0.0;;;;;;0.0;0.0;0.0;0.0;0.0;0.0;;;;;;;;;;;;;;;
2025-06-19 03:45:00+00:00;;;0.0;0.0;0.0;;;;;;0.0;0.0;0.0;0.0;0.0;0.0;;;;;;;;;;;;;;;
2025-06-19 04:00:00+00:00;;;0.0;0.0;0.0;;;;;;0.0;0.0;0.0;0.0;0.0;0.0;;;;;;;;;;;;;;;
2025-06-19 04:15:00+00:00;;;0.0;0.0;0.0;;;;;;0.0;0.0;0.0;0.0;0.0;0.0;;;;;;;;;;;;;;;
2025-06-19 04:30:00+00:00;;;0.0;0.0;0.0;0.0;0.0;0.0;0.0;100.0;0.0;0.0;0.0;0.0;0.224;0.224;inf;100.0;0.0;0.0;;;;;;;0.0;0.0;0.0;0.0;0.0
2025-06-19 04:45:00+00:00;;;0.0;0.0;0.0;0.0;0.0;0.0;0.0;100.0;0.0;0.0;0.0;0.0;0.604;0.604;inf;100.0;0.0;0.0;;;;;;;0.0;0.0;0.0;0.0;0.0
2025-06-19 05:00:00+00:00;;;0.0;0.0;0.0;0.0;0.0;0.0;0.0;100.0;0.0;0.0;0.0;0.0;0.752;0.752;inf;100.0;0.0;0.0;;;;;;;0.0;0.0;0.0;0.0;0.0
2025-06-19 05:15:00+00:00;51.852;48.148;0.112;0.104;0.216;0.0;0.0;0.0;0.0;100.0;0.0;0.0;0.0;0.0;0.94;0.94;435.19;100.0;0.216;0.00594;0.10399968;0.216;0.0028599912;0.11200032;0.0030800088;0.724;0.00594;0.0;0.0;0.0;0.0
2025-06-19 05:30:00+00:00;58.571;41.429;0.164;0.116;0.28;1.12;0.0;0.0;0.0;98.88;0.008;0.0;0.0;0.0;0.706;0.714;255.0;100.0;0.28;0.007700000000000001;0.11600120000000003;0.28;0.003190033000000001;0.1639988;0.004509967;0.43399999999999994;0.007613760000000001;0.0;8.624000000000003e-05;0.0;0.0
2025-06-19 05:45:00+00:00;57.576;42.424;0.152;0.112;0.264;0.0;0.0;1.766;13.002;85.233;0.0;0.0;0.011;0.081;0.531;0.623;235.98;100.0;0.264;0.00726;0.11199936;0.264;0.0030799824;0.15200064000000002;0.0041800176000000005;0.359;0.0061879158;0.0001282116;0.0;0.0009439451999999999;0.0
2025-06-19 06:00:00+00:00;60.938;39.062;0.156;0.1;0.256;1.152;0.0;0.922;33.641;64.286;0.005;0.0;0.004;0.146;0.279;0.43400000000000005;169.53;100.0;0.256;0.00704;0.09999872;0.256;0.0027499648;0.15600128000000002;0.0042900352;0.17800000000000005;0.0045257344;6.490880000000001e-05;8.11008e-05;0.0023683264;0.0
2025-06-19 06:15:00+00:00;63.415;36.585;0.104;0.06;0.16399999999999998;1.667;0.0;0.556;25.278;72.5;0.006;0.0;0.002;0.091;0.261;0.36;219.51;100.0;0.16399999999999998;0.004509999999999999;0.059999399999999994;0.16399999999999998;0.0016499834999999998;0.10400059999999998;0.0028600164999999997;0.196;0.0032697499999999992;2.5075599999999998e-05;7.518169999999999e-05;0.0011400377999999998;0.0
2025-06-19 06:30:00+00:00;43.478;56.522;0.08;0.104;0.184;3.904;0.0;0.601;29.429;66.066;0.013;0.0;0.002;0.098;0.22;0.333;180.98;100.0;0.184;0.00506;0.10400047999999999;0.184;0.0028600132;0.07999952;0.0021999868;0.14900000000000002;0.0033429396000000003;3.04106e-05;0.00019754240000000001;0.0014891074;0.0
2025-06-19 06:45:00+00:00;39.13;60.87;0.072;0.112;0.184;7.213;4.59;0.0;27.869;60.328;0.022;0.014;0.0;0.085;0.184;0.305;165.76;100.0;0.184;0.00506;0.1120008;0.184;0.0030800220000000004;0.0719992;0.0019799780000000003;0.121;0.0030525968;0.0;0.0003649778;0.0014101714000000001;0.000232254
2025-06-19 07:00:00+00:00;50.0;50.0;0.116;0.116;0.232;2.71;2.71;0.0;9.252;85.327;0.029;0.029;0.0;0.099;0.913;1.07;461.21;100.0;0.232;0.00638;0.116;0.232;0.00319;0.116;0.00319;0.8380000000000001;0.0054438626;0.0;0.000172898;0.0005902776;0.000172898
2025-06-19 07:15:00+00:00;61.194;38.806;0.164;0.104;0.268;4.602;4.489;0.224;11.785;78.9;0.041;0.04;0.002;0.105;0.703;0.8909999999999999;332.46;100.0;0.268;0.007370000000000001;0.10400008;0.268;0.0028600022;0.16399992000000002;0.004509997800000001;0.6229999999999999;0.005814930000000001;1.6508800000000004e-05;0.00033916740000000006;0.0008685545000000001;0.00033083930000000003
2025-06-19 07:30:00+00:00;90.909;9.091;0.56;0.056;0.6160000000000001;14.262;15.436;1.174;41.107;28.02;0.085;0.092;0.007;0.245;0.167;0.596;96.75;96.75;0.5959800000000001;0.016389450000000003;0.0541805418;0.5959800000000001;0.0014899648995000002;0.5417994582000001;0.014899485100500005;1.999999999990898e-05;0.004592323890000001;0.000192412143;0.0023374633590000004;0.0067372112115000014;0.0025298755020000006
2025-06-19 07:45:00+00:00;69.318;30.682;0.244;0.108;0.352;9.262;6.512;0.0;19.826;64.399;0.064;0.045;0.0;0.137;0.445;0.6910000000000001;196.31;100.0;0.352;0.00968;0.10800063999999998;0.352;0.0029700175999999995;0.24399936;0.0067099824;0.3390000000000001;0.0062338232;0.0;0.0008965616;0.0019191567999999998;0.0006303616
2025-06-19 08:00:00+00:00;71.134;28.866;0.276;0.112;0.388;4.05;3.722;0.0;7.553;84.674;0.074;0.068;0.0;0.138;1.547;1.827;470.88;100.0;0.388;0.01067;0.11200007999999999;0.388;0.0030800021999999997;0.27599992;0.0075899978000000005;1.439;0.0090347158;0.0;0.00043213500000000005;0.0008059051;0.00039713740000000007
2025-06-19 08:15:00+00:00;45.614;54.386;0.104;0.124;0.22799999999999998;2.525;2.413;0.0;4.433;90.629;0.045;0.043;0.0;0.079;1.615;1.782;781.58;100.0;0.22799999999999998;0.0062699999999999995;0.12400007999999998;0.22799999999999998;0.0034100021999999997;0.10399992;0.0028599978;1.554;0.005682438299999999;0.0;0.00015831749999999998;0.00027794909999999997;0.00015129509999999997
2025-06-19 08:30:00+00:00;53.061;46.939;0.104;0.092;0.196;2.767;2.264;0.0;4.088;90.881;0.044;0.036;0.0;0.065;1.445;1.59;811.22;100.0;0.196;0.00539;0.09200044;0.196;0.0025300121;0.10399956;0.0028599879;1.3940000000000001;0.0048984859;0.0;0.0001491413;0.0002203432;0.00012202959999999998
2025-06-19 08:45:00+00:00;65.789;34.211;0.1;0.052;0.152;1.908;1.684;0.0;2.75;93.659;0.034;0.03;0.0;0.049;1.669;1.782;1172.37;100.0;0.152;0.00418;0.05200071999999999;0.152;0.0014300197999999997;0.09999928;0.0027499801999999996;1.6300000000000001;0.0039149462;0.0;7.97544e-05;0.00011494999999999999;7.03912e-05
2025-06-19 09:00:00+00:00;40.816;59.184;0.08;0.116;0.196;3.396;2.564;0.0;4.227;89.813;0.049;0.037;0.0;0.061;1.296;1.443;736.22;100.0;0.196;0.00539;0.11600063999999999;0.196;0.0031900175999999996;0.07999936;0.0021999824;1.247;0.0048409207;0.0;0.0001830444;0.0002278353;0.0001381996
2025-06-19 09:15:00+00:00;57.746;42.254;0.164;0.12;0.28400000000000003;7.498;5.355;0.097;8.861;78.189;0.077;0.055;0.001;0.091;0.803;1.0270000000000001;361.62;100.0;0.28400000000000003;0.007810000000000001;0.12000136;0.28400000000000003;0.0033000374;0.16399864;0.0045099626;0.7430000000000001;0.0061065609;7.575700000000001e-06;0.0005855938000000001;0.0006920441000000002;0.0004182255000000001
2025-06-19 09:30:00+00:00;57.143;42.857;0.16;0.12;0.28;7.218;3.345;0.0;7.923;81.514;0.082;0.038;0.0;0.09;0.926;1.1360000000000001;405.71;100.0;0.28;0.007700000000000001;0.11999960000000001;0.28;0.0032999890000000006;0.16000040000000001;0.0044000110000000005;0.8560000000000001;0.0062765780000000005;0.0;0.0005557860000000001;0.000610071;0.000257565
2025-06-19 09:45:00+00:00;68.421;31.579;0.156;0.072;0.22799999999999998;5.097;2.104;0.0;6.392;86.408;0.063;0.026;0.0;0.079;1.068;1.236;542.11;100.0;0.22799999999999998;0.0062699999999999995;0.07200012;0.228;0.0019800033;0.15599988;0.004289996700000001;1.008;0.005417781599999999;0.0;0.00031958189999999997;0.0004007784;0.0001319208
2025-06-19 10:00:00+00:00;67.347;32.653;0.132;0.064;0.196;3.752;1.429;0.0;3.574;91.245;0.063;0.024;0.0;0.06;1.532;1.679;856.63;100.0;0.196;0.00539;0.06399988;0.196;0.0017599966999999998;0.13200012;0.0036300032999999994;1.483;0.0049181055000000005;0.0;0.00020223279999999997;0.0001926386;7.70231e-05
2025-06-19 10:15:00+00:00;39.216;60.784;0.08;0.124;0.20400000000000001;4.831;2.596;0.072;3.244;89.257;0.067;0.036;0.001;0.045;1.238;1.387;679.9;100.0;0.20400000000000001;0.00561;0.12399935999999999;0.20400000000000001;0.0034099824;0.08000064000000001;0.0022000176;1.183;0.0050073177000000005;4.0392e-06;0.00027101910000000004;0.00018198840000000003;0.0001456356
2025-06-19 10:30:00+00:00;43.137;56.863;0.088;0.116;0.20400000000000001;10.475;4.583;0.164;9.82;74.959;0.064;0.028;0.001;0.06;0.458;0.611;299.51;100.0;0.20400000000000001;0.00561;0.11600052;0.20400000000000001;0.0031900143000000002;0.08799948000000002;0.0024199857;0.407;0.0042051999000000005;9.200400000000001e-06;0.0005876475;0.0005509020000000001;0.00025710630000000005
2025-06-19 10:45:00+00:00;42.857;57.143;0.084;0.112;0.196;6.287;3.693;0.1;4.89;85.03;0.063;0.037;0.001;0.049;0.852;1.002;511.22;100.0;0.196;0.00539;0.11200028000000001;0.196;0.0030800077;0.08399972;0.0023099923;0.806;0.004583117;5.39e-06;0.00033886929999999994;0.000263571;0.00019905269999999999
2025-06-19 11:00:00+00:00;94.366;5.634;1.072;0.064;1.1360000000000001;27.562;15.916;0.078;23.602;32.842;0.355;0.205;0.001;0.304;0.423;1.288;113.38;100.0;1.1360000000000001;0.031240000000000004;0.06400224;1.1360000000000001;0.0017600616000000003;1.0719977600000001;0.029479938400000003;0.1519999999999999;0.010259840800000001;2.4367200000000003e-05;0.008610368800000002;0.007373264800000001;0.0049721584
2025-06-19 11:15:00+00:00;88.947;11.053;0.676;0.084;0.76;27.429;10.931;0.101;18.421;43.117;0.271;0.108;0.001;0.182;0.426;0.988;130.0;100.0;0.76;0.020900000000000002;0.0840028;0.76;0.0023100770000000002;0.6759972;0.018589923;0.22799999999999998;0.009011453;2.1109000000000004e-05;0.005732661;0.003849989;0.002284579
2025-06-19 11:30:00+00:00;60.0;40.0;0.18;0.12;0.3;18.667;6.167;0.0;11.333;63.833;0.112;0.037;0.0;0.068;0.383;0.6;200.0;100.0;0.3;0.00825;0.12;0.3;0.0033000000000000004;0.18;0.00495;0.3;0.0052662225;0.0;0.0015400275000000002;0.0009349725;0.0005087775
2025-06-19 11:45:00+00:00;61.111;38.889;0.176;0.112;0.288;18.133;7.002;0.0;13.106;61.759;0.101;0.039;0.0;0.073;0.344;0.5569999999999999;193.4;100.0;0.288;0.00792;0.11200032;0.288;0.0030800088000000002;0.17599967999999996;0.004839991199999999;0.26899999999999996;0.0048913127999999995;0.0;0.0014361336;0.0010379952000000002;0.0005545583999999999
2025-06-19 12:00:00+00:00;60.563;39.437;0.172;0.112;0.284;15.683;10.701;0.0;16.79;56.827;0.085;0.058;0.0;0.091;0.308;0.542;190.85;100.0;0.284;0.007809999999999999;0.11200107999999999;0.284;0.0030800296999999996;0.17199891999999997;0.0047299703;0.25800000000000006;0.004438188699999999;0.0;0.0012248423;0.001311299;0.0008357481
2025-06-19 12:15:00+00:00;68.75;31.25;0.132;0.06;0.192;25.081;10.423;0.0;23.127;41.368;0.077;0.032;0.0;0.071;0.127;0.307;159.9;100.0;0.192;0.00528;0.06;0.192;0.00165;0.132;0.00363;0.11499999999999999;0.0021842304000000002;0.0;0.0013242768;0.0012211055999999999;0.0005503344
2025-06-19 12:30:00+00:00;55.556;44.444;0.12;0.096;0.216;21.103;11.99;0.0;16.067;50.839;0.088;0.05;0.0;0.067;0.212;0.417;193.06;100.0;0.216;0.00594;0.09599904;0.21599999999999997;0.0026399736;0.12000095999999999;0.0033000263999999994;0.201;0.0030198366;0.0;0.0012535182000000002;0.0009543798;0.0007122060000000001
2025-06-19 12:45:00+00:00;55.556;44.444;0.14;0.112;0.252;25.891;12.114;0.0;19.24;42.755;0.109;0.051;0.0;0.081;0.18;0.421;167.06;100.0;0.252;0.00693;0.11199888;0.252;0.0030799692;0.14000111999999998;0.0038500308;0.16899999999999998;0.0029629215000000005;0.0;0.0017942462999999999;0.001333332;0.0008395002000000001
2025-06-19 13:00:00+00:00;52.459;47.541;0.128;0.116;0.244;30.53;16.822;0.0;26.791;25.857;0.098;0.054;0.0;0.086;0.083;0.321;131.56;100.0;0.244;0.00671;0.11600003999999998;0.244;0.0031900010999999996;0.12799996;0.0035199988999999998;0.07700000000000001;0.0017350046999999996;0.0;0.002048563;0.0017976760999999998;0.0011287562
2025-06-19 13:15:00+00:00;68.605;31.395;0.236;0.108;0.344;38.663;29.651;0.0;31.686;0.0;0.133;0.102;0.0;0.109;0.0;0.344;100.0;100.0;0.344;0.00946;0.10799879999999999;0.344;0.002969967;0.2360012;0.006490033;0.0;0.0;0.0;0.0036575197999999995;0.0029974955999999995;0.0028049845999999997
2025-06-19 13:30:00+00:00;81.818;18.182;0.252;0.056;0.308;43.506;25.974;0.0;30.519;0.0;0.134;0.08;0.0;0.094;0.0;0.308;100.0;100.0;0.308;0.00847;0.05600055999999999;0.308;0.0015400154;0.25199944;0.0069299846;0.0;0.0;0.0;0.0036849582;0.0025849592999999996;0.0021999978000000002
2025-06-19 13:45:00+00:00;67.901;32.099;0.22;0.104;0.324;41.667;20.988;12.963;24.383;0.0;0.135;0.068;0.042;0.079;0.0;0.324;100.0;100.0;0.324;0.00891;0.10400075999999998;0.324;0.0028600208999999994;0.21999924;0.0060499791;0.0;0.0;0.0011550032999999998;0.0037125297000000002;0.0021725253;0.0018700307999999998
2025-06-19 14:00:00+00:00;72.277;27.723;0.292;0.112;0.40399999999999997;43.812;12.376;18.812;25.0;0.0;0.177;0.05;0.076;0.101;0.0;0.404;100.0;100.0;0.40399999999999997;0.01111;0.11200091999999998;0.4039999999999999;0.0030800253;0.29199907999999997;0.008029974700000001;1.1102230246251565e-16;0.0;0.0020900132;0.0048675132;0.0027775;0.0013749736
2025-06-19 14:15:00+00:00;56.338;43.662;0.16;0.124;0.28400000000000003;39.085;20.775;17.606;22.535;0.0;0.111;0.059;0.05;0.064;0.0;0.28400000000000003;100.0;100.0;0.28400000000000003;0.007810000000000001;0.12400008000000001;0.28400000000000003;0.0034100022000000006;0.15999992000000002;0.0043999978;0.0;0.0;0.0013750286000000003;0.0030525385000000006;0.0017599835;0.0016225275
2025-06-19 14:30:00+00:00;45.0;55.0;0.072;0.088;0.15999999999999998;39.375;28.125;13.75;18.75;0.0;0.063;0.045;0.022;0.03;0.0;0.15999999999999998;100.0;100.0;0.15999999999999998;0.004399999999999999;0.088;0.15999999999999998;0.00242;0.072;0.00198;0.0;0.0;0.000605;0.0017324999999999997;0.0008249999999999999;0.0012374999999999999
2025-06-19 14:45:00+00:00;54.545;45.455;0.072;0.06;0.132;42.424;27.273;13.636;16.667;0.0;0.056;0.036;0.018;0.022;0.0;0.132;100.0;100.0;0.132;0.00363;0.0600006;0.132;0.0016500165;0.0719994;0.0019799835;0.0;0.0;0.0004949867999999999;0.0015399912;0.0006050121000000001;0.0009900099
2025-06-19 15:00:00+00:00;39.13;60.87;0.072;0.112;0.184;42.391;29.348;12.5;15.761;0.0;0.078;0.054;0.023;0.029;0.0;0.184;100.0;100.0;0.184;0.00506;0.1120008;0.184;0.0030800220000000004;0.0719992;0.0019799780000000003;0.0;0.0;0.0006325;0.0021449846;0.0007975066;0.0014850088
2025-06-19 15:15:00+00:00;64.368;35.632;0.224;0.124;0.348;42.816;29.598;12.931;14.655;0.0;0.149;0.103;0.045;0.051;0.0;0.348;100.0;100.0;0.348;0.009569999999999999;0.12399935999999998;0.3479999999999999;0.003409982399999999;0.22400063999999995;0.006160017599999999;5.551115123125783e-17;0.0;0.0012374966999999996;0.0040974912;0.0014024834999999997;0.0028325285999999993
2025-06-19 15:30:00+00:00;86.574;13.426;0.748;0.116;0.864;46.528;30.556;12.731;10.185;0.0;0.402;0.264;0.11;0.088;0.0;0.864;100.0;100.0;0.864;0.02376;0.11600063999999999;0.864;0.0031900175999999996;0.74799936;0.0205699824;0.0;0.0;0.0030248856;0.0110550528;0.002419956;0.0072601055999999995
2025-06-19 15:45:00+00:00;91.176;8.824;0.744;0.072;0.816;48.775;37.132;6.005;8.088;0.0;0.398;0.303;0.049;0.066;0.0;0.8160000000000001;100.0;100.0;0.816;0.022439999999999998;0.07200384;0.8160000000000001;0.0019801056;0.74399616;0.020459894399999998;0.0;0.0;0.0013475219999999999;0.010945109999999997;0.0018149471999999998;0.008332420799999999
2025-06-19 16:00:00+00:00;92.105;7.895;0.84;0.072;0.9119999999999999;41.338;54.057;0.219;4.386;0.0;0.377;0.493;0.002;0.04;0.0;0.9119999999999999;100.0;100.0;0.9119999999999999;0.025079999999999998;0.07200239999999998;0.912;0.0019800659999999995;0.8399976;0.023099934;-1.1102230246251565e-16;0.0;5.49252e-05;0.0103675704;0.0011000088;0.013557495599999999
2025-06-19 16:15:00+00:00;85.366;14.634;0.7;0.12;0.82;0.0;100.0;0.0;0.0;0.0;0.0;0.82;0.0;0.0;0.0;0.82;100.0;100.0;0.82;0.022549999999999997;0.11999879999999999;0.82;0.0032999669999999996;0.7000012;0.019250032999999996;0.0;0.0;0.0;0.0;0.0;0.022549999999999997
2025-06-19 16:30:00+00:00;86.872;13.128;0.622;0.094;0.716;0.0;100.0;0.0;0.0;0.0;0.0;0.716;0.0;0.0;0.0;0.716;100.0;100.0;0.716;0.01969;0.09399648000000001;0.7160000000000001;0.0025849032;0.62200352;0.0171050968;-1.1102230246251565e-16;0.0;0.0;0.0;0.0;0.01969
2025-06-19 16:45:00+00:00;83.133;16.867;0.552;0.112;0.664;80.723;12.5;0.452;6.325;0.0;0.536;0.083;0.003;0.042;0.0;0.664;100.0;100.0;0.664;0.018260000000000002;0.11199688000000002;0.6639999999999999;0.0030799142000000005;0.55200312;0.0151800858;1.1102230246251565e-16;0.0;8.253520000000001e-05;0.014740019800000002;0.001154945;0.0022825000000000002
2025-06-19 17:00:00+00:00;82.143;17.857;0.276;0.06;0.336;74.405;21.429;0.298;3.869;0.0;0.25;0.072;0.001;0.013;0.0;0.33599999999999997;100.0;100.0;0.336;0.00924;0.05999952000000001;0.336;0.0016499868;0.27600048;0.0075900132;-5.551115123125783e-17;0.0;2.75352e-05;0.006875022;0.00035749560000000003;0.0019800395999999996
2025-06-19 17:15:00+00:00;47.727;52.273;0.084;0.092;0.176;0.0;100.0;0.0;0.0;0.0;0.0;0.176;0.0;0.0;0.0;0.176;100.0;100.0;0.176;0.00484;0.09200048;0.176;0.0025300132;0.08399952;0.0023099868;0.0;0.0;0.0;0.0;0.0;0.00484
2025-06-19 17:30:00+00:00;85.119;14.881;0.143;0.025;0.16799999999999998;0.0;100.0;0.0;0.0;0.0;0.0;0.168;0.0;0.0;0.0;0.168;100.0;100.0;0.16799999999999998;0.00462;0.025000079999999997;0.16799999999999998;0.0006875022;0.14299991999999997;0.0039324978;2.7755575615628914e-17;0.0;0.0;0.0;0.0;0.00462
2025-06-19 17:45:00+00:00;;;0.0;0.0;0.0;;;;;;0.0;0.0;0.0;0.0;0.0;0.0;;;;;;;;;;;;;;;
2025-06-19 18:00:00+00:00;;;0.0;0.0;0.0;;;;;;0.0;0.0;0.0;0.0;0.0;0.0;;;;;;;;;;;;;;;
2025-06-19 18:15:00+00:00;;;0.0;0.0;0.0;;;;;;0.0;0.0;0.0;0.0;0.0;0.0;;;;;;;;;;;;;;;
2025-06-19 18:30:00+00:00;;;0.0;0.0;0.0;;;;;;0.0;0.0;0.0;0.0;0.0;0.0;;;;;;;;;;;;;;;
2025-06-19 18:45:00+00:00;;;0.0;0.0;0.0;;;;;;0.0;0.0;0.0;0.0;0.0;0.0;;;;;;;;;;;;;;;
2025-06-19 19:00:00+00:00;;;0.0;0.0;0.0;;;;;;0.0;0.0;0.0;0.0;0.0;0.0;;;;;;;;;;;;;;;
2025-06-19 19:15:00+00:00;;;0.0;0.0;0.0;;;;;;0.0;0.0;0.0;0.0;0.0;0.0;;;;;;;;;;;;;;;
2025-06-19 19:30:00+00:00;;;0.0;0.0;0.0;;;;;;0.0;0.0;0.0;0.0;0.0;0.0;;;;;;;;;;;;;;;
2025-06-19 19:45:00+00:00;;;0.0;0.0;0.0;;;;;;0.0;0.0;0.0;0.0;0.0;0.0;;;;;;;;;;;;;;;
2025-06-19 20:00:00+00:00;;;0.0;0.0;0.0;;;;;;0.0;0.0;0.0;0.0;0.0;0.0;;;;;;;;;;;;;;;
2025-06-19 20:15:00+00:00;;;0.0;0.0;0.0;;;;;;0.0;0.0;0.0;0.0;0.0;0.0;;;;;;;;;;;;;;;
2025-06-19 20:30:00+00:00;;;0.0;0.0;0.0;;;;;;0.0;0.0;0.0;0.0;0.0;0.0;;;;;;;;;;;;;;;
2025-06-19 20:45:00+00:00;;;0.0;0.0;0.0;;;;;;0.0;0.0;0.0;0.0;0.0;0.0;;;;;;;;;;;;;;;
2025-06-19 21:00:00+00:00;;;0.0;0.0;0.0;;;;;;0.0;0.0;0.0;0.0;0.0;0.0;;;;;;;;;;;;;;;
2025-06-19 21:15:00+00:00;;;0.0;0.0;0.0;;;;;;0.0;0.0;0.0;0.0;0.0;0.0;;;;;;;;;;;;;;;
2025-06-19 21:30:00+00:00;;;0.0;0.0;0.0;;;;;;0.0;0.0;0.0;0.0;0.0;0.0;;;;;;;;;;;;;;;
2025-06-19 21:45:00+00:00;;;0.0;0.0;0.0;;;;;;0.0;0.0;0.0;0.0;0.0;0.0;;;;;;;;;;;;;;;
2025-06-19 22:00:00+00:00;;;0.0;0.0;0.0;;;;;;0.0;0.0;0.0;0.0;0.0;0.0;;;;;;;;;;;;;;;
2025-06-19 22:15:00+00:00;;;0.0;0.0;0.0;;;;;;0.0;0.0;0.0;0.0;0.0;0.0;;;;;;;;;;;;;;;
2025-06-19 22:30:00+00:00;;;0.0;0.0;0.0;;;;;;0.0;0.0;0.0;0.0;0.0;0.0;;;;;;;;;;;;;;;
2025-06-19 22:45:00+00:00;;;0.0;0.0;0.0;;;;;;0.0;0.0;0.0;0.0;0.0;0.0;;;;;;;;;;;;;;;
2025-06-19 23:00:00+00:00;;;0.0;0.0;0.0;;;;;;0.0;0.0;0.0;0.0;0.0;0.0;;;;;;;;;;;;;;;
2025-06-19 23:15:00+00:00;;;0.0;0.0;0.0;;;;;;0.0;0.0;0.0;0.0;0.0;0.0;;;;;;;;;;;;;;;
2025-06-19 23:30:00+00:00;;;0.0;0.0;0.0;;;;;;0.0;0.0;0.0;0.0;0.0;0.0;;;;;;;;;;;;;;;
2025-06-19 23:45:00+00:00;;;0.0;0.0;0.0;;;;;;0.0;0.0;0.0;0.0;0.0;0.0;;;;;;;;;;;;;;;
2025-06-20 00:00:00+00:00;;;0.0;0.0;0.0;;;;;;0.0;0.0;0.0;0.0;0.0;0.0;;;;;;;;;;;;;;;
2025-06-20 00:15:00+00:00;;;0.0;0.0;0.0;;;;;;0.0;0.0;0.0;0.0;0.0;0.0;;;;;;;;;;;;;;;
2025-06-20 00:30:00+00:00;;;0.0;0.0;0.0;;;;;;0.0;0.0;0.0;0.0;0.0;0.0;;;;;;;;;;;;;;;
2025-06-20 00:45:00+00:00;;;0.0;0.0;0.0;;;;;;0.0;0.0;0.0;0.0;0.0;0.0;;;;;;;;;;;;;;;
2025-06-20 01:00:00+00:00;;;0.0;0.0;0.0;;;;;;0.0;0.0;0.0;0.0;0.0;0.0;;;;;;;;;;;;;;;
2025-06-20 01:15:00+00:00;;;0.0;0.0;0.0;;;;;;0.0;0.0;0.0;0.0;0.0;0.0;;;;;;;;;;;;;;;
2025-06-20 01:30:00+00:00;;;0.0;0.0;0.0;;;;;;0.0;0.0;0.0;0.0;0.0;0.0;;;;;;;;;;;;;;;
2025-06-20 01:45:00+00:00;;;0.0;0.0;0.0;;;;;;0.0;0.0;0.0;0.0;0.0;0.0;;;;;;;;;;;;;;;
2025-06-20 02:00:00+00:00;;;0.0;0.0;0.0;;;;;;0.0;0.0;0.0;0.0;0.0;0.0;;;;;;;;;;;;;;;
2025-06-20 02:15:00+00:00;;;0.0;0.0;0.0;;;;;;0.0;0.0;0.0;0.0;0.0;0.0;;;;;;;;;;;;;;;
2025-06-20 02:30:00+00:00;;;0.0;0.0;0.0;;;;;;0.0;0.0;0.0;0.0;0.0;0.0;;;;;;;;;;;;;;;
2025-06-20 02:45:00+00:00;;;0.0;0.0;0.0;;;;;;0.0;0.0;0.0;0.0;0.0;0.0;;;;;;;;;;;;;;;
2025-06-20 03:00:00+00:00;;;0.0;0.0;0.0;;;;;;0.0;0.0;0.0;0.0;0.0;0.0;;;;;;;;;;;;;;;
2025-06-20 03:15:00+00:00;;;0.0;0.0;0.0;;;;;;0.0;0.0;0.0;0.0;0.0;0.0;;;;;;;;;;;;;;;
2025-06-20 03:30:00+00:00;;;0.0;0.0;0.0;;;;;;0.0;0.0;0.0;0.0;0.0;0.0;;;;;;;;;;;;;;;
2025-06-20 03:45:00+00:00;;;0.0;0.0;0.0;;;;;;0.0;0.0;0.0;0.0;0.0;0.0;;;;;;;;;;;;;;;
2025-06-20 04:00:00+00:00;;;0.0;0.0;0.0;;;;;;0.0;0.0;0.0;0.0;0.0;0.0;;;;;;;;;;;;;;;
2025-06-20 04:15:00+00:00;;;0.0;0.0;0.0;;;;;;0.0;0.0;0.0;0.0;0.0;0.0;;;;;;;;;;;;;;;
2025-06-20 04:30:00+00:00;;;0.0;0.0;0.0;0.0;0.0;0.0;0.0;100.0;0.0;0.0;0.0;0.0;0.252;0.252;inf;100.0;0.0;0.0;;;;;;;0.0;0.0;0.0;0.0;0.0
2025-06-20 04:45:00+00:00;;;0.0;0.0;0.0;0.0;0.0;0.0;0.0;100.0;0.0;0.0;0.0;0.0;0.616;0.616;inf;100.0;0.0;0.0;;;;;;;0.0;0.0;0.0;0.0;0.0
2025-06-20 05:00:00+00:00;;;0.0;0.0;0.0;0.0;0.0;0.0;0.0;100.0;0.0;0.0;0.0;0.0;0.988;0.988;inf;100.0;0.0;0.0;;;;;;;0.0;0.0;0.0;0.0;0.0
2025-06-20 05:15:00+00:00;50.0;50.0;0.12;0.12;0.24;0.0;0.0;0.0;0.0;100.0;0.0;0.0;0.0;0.0;1.084;1.084;451.67;100.0;0.24;0.0066;0.12;0.24;0.0033;0.12;0.0033;0.8440000000000001;0.0066;0.0;0.0;0.0;0.0
2025-06-20 05:30:00+00:00;60.294;39.706;0.164;0.108;0.272;0.0;0.0;0.199;0.199;99.601;0.0;0.0;0.002;0.002;0.999;1.003;368.75;100.0;0.272;0.0074800000000000005;0.10800032000000001;0.272;0.0029700088000000004;0.16399967999999998;0.0045099912;0.7309999999999999;0.0074501548;1.4885200000000001e-05;0.0;1.4885200000000001e-05;0.0
2025-06-20 05:45:00+00:00;70.175;29.825;0.16;0.068;0.228;0.0;0.0;1.13;3.277;95.593;0.0;0.0;0.01;0.029;0.846;0.885;388.16;100.0;0.228;0.00627;0.068001;0.228;0.0018700275000000002;0.159999;0.0043999725;0.657;0.005993681100000001;7.0851e-05;0.0;0.0002054679;0.0
2025-06-20 06:00:00+00:00;50.0;50.0;0.124;0.124;0.248;0.0;0.0;0.772;8.796;90.432;0.0;0.0;0.005;0.057;0.586;0.6479999999999999;261.29;100.0;0.248;0.00682;0.124;0.248;0.00341;0.124;0.00341;0.3999999999999999;0.0061674623999999996;5.26504e-05;0.0;0.0005998872;0.0
2025-06-20 06:15:00+00:00;39.583;60.417;0.076;0.116;0.192;0.0;0.0;0.547;19.708;79.745;0.0;0.0;0.003;0.108;0.437;0.548;285.42;100.0;0.192;0.00528;0.11600064;0.192;0.0031900176;0.07599935999999999;0.0020899824;0.35600000000000004;0.004210536;2.88816e-05;0.0;0.0010405823999999999;0.0
2025-06-20 06:30:00+00:00;43.137;56.863;0.088;0.116;0.20400000000000001;0.0;0.41;0.176;6.624;92.79;0.0;0.007;0.003;0.113;1.583;1.706;836.27;100.0;0.20400000000000001;0.00561;0.11600052;0.20400000000000001;0.0031900143000000002;0.08799948000000002;0.0024199857;1.502;0.0052055190000000005;9.8736e-06;0.0;0.0003716064;2.3001e-05
2025-06-20 06:45:00+00:00;50.0;50.0;0.088;0.088;0.176;0.0;2.37;0.079;6.635;90.916;0.0;0.03;0.001;0.084;1.151;1.266;719.32;100.0;0.176;0.00484;0.088;0.176;0.00242;0.088;0.00242;1.09;0.0044003344;3.8236e-06;0.0;0.00032113399999999994;0.000114708
2025-06-20 07:00:00+00:00;75.281;24.719;0.268;0.088;0.356;0.268;2.676;0.178;16.414;80.464;0.003;0.03;0.002;0.184;0.902;1.121;314.89;100.0;0.356;0.00979;0.08799964;0.356;0.0024199901000000004;0.26800036;0.007370009900000001;0.765;0.0078774256;1.74262e-05;2.62372e-05;0.0016069306;0.0002619804
2025-06-20 07:15:00+00:00;95.691;4.309;2.576;0.116;2.692;0.0;6.196;0.0;45.313;48.491;0.0;0.195;0.0;1.426;1.526;3.147;116.9;100.0;2.692;0.07403;0.11599828000000002;2.692;0.0031899527;2.5760017200000003;0.0708400473;0.4549999999999996;0.0358978873;0.0;0.0;0.0335452139;0.004586898799999999
2025-06-20 07:30:00+00:00;63.636;36.364;0.196;0.112;0.308;0.0;3.168;0.0;10.799;86.033;0.0;0.044;0.0;0.15;1.195;1.389;450.97;100.0;0.308;0.00847;0.11200111999999998;0.308;0.0030800308;0.19599888000000001;0.005389969200000001;1.081;0.007286995100000001;0.0;0.0;0.0009146752999999999;0.0002683296
2025-06-20 07:45:00+00:00;65.169;34.831;0.232;0.124;0.356;1.148;3.115;0.0;14.098;81.639;0.014;0.038;0.0;0.172;0.996;1.22;342.7;100.0;0.356;0.00979;0.12399836;0.356;0.0034099549;0.23200163999999998;0.0063800451;0.864;0.007992458099999999;0.0;0.00011238919999999998;0.0013801942;0.0003049585
2025-06-20 08:00:00+00:00;67.308;32.692;0.14;0.068;0.20800000000000002;0.0;1.384;0.0;5.7;92.916;0.0;0.025;0.0;0.103;1.679;1.807;868.75;100.0;0.20800000000000002;0.00572;0.06799936000000001;0.20800000000000005;0.0018699824;0.14000064000000004;0.003850017600000001;1.599;0.0053147952;0.0;0.0;0.00032604000000000004;7.916479999999999e-05
2025-06-20 08:15:00+00:00;50.0;50.0;0.088;0.088;0.176;1.687;1.776;0.178;6.75;89.609;0.019;0.02;0.002;0.076;1.009;1.126;639.77;100.0;0.176;0.00484;0.088;0.176;0.00242;0.088;0.00242;0.95;0.0043370755999999995;8.615199999999998e-06;8.16508e-05;0.0003267;8.595840000000001e-05
2025-06-20 08:30:00+00:00;43.75;56.25;0.084;0.108;0.192;6.766;4.95;0.0;11.221;77.063;0.041;0.03;0.0;0.068;0.467;0.6060000000000001;315.63;100.0;0.192;0.00528;0.108;0.192;0.00297;0.084;0.00231;0.4140000000000001;0.0040689264;0.0;0.0003572448;0.0005924688;0.00026136000000000003
2025-06-20 08:45:00+00:00;37.5;62.5;0.072;0.12;0.192;6.589;3.807;0.0;9.81;79.795;0.045;0.026;0.0;0.067;0.545;0.683;355.73;100.0;0.192;0.00528;0.12;0.192;0.0033;0.07200000000000001;0.00198;0.49100000000000005;0.004213176;0.0;0.0003478992;0.000517968;0.0002010096
2025-06-20 09:00:00+00:00;54.412;45.588;0.148;0.124;0.272;5.081;2.872;0.0;6.554;85.493;0.069;0.039;0.0;0.089;1.161;1.358;499.26;100.0;0.272;0.0074800000000000005;0.12399936000000002;0.272;0.0034099824000000003;0.14800064;0.0040700176;1.086;0.0063948764;0.0;0.0003800588;0.0004902392;0.00021482560000000002
2025-06-20 09:15:00+00:00;77.358;22.642;0.164;0.048;0.21200000000000002;9.015;5.843;0.0;11.018;74.124;0.054;0.035;0.0;0.066;0.444;0.599;282.55;100.0;0.21200000000000002;0.005830000000000001;0.04800104;0.21200000000000002;0.0013200286000000002;0.16399896000000003;0.004509971400000001;0.38699999999999996;0.0043214292;0.0;0.0005255745000000002;0.0006423494000000001;0.0003406469000000001
2025-06-20 09:30:00+00:00;64.615;35.385;0.168;0.092;0.26;13.573;1.397;0.0;19.561;65.469;0.068;0.007;0.0;0.098;0.328;0.501;192.69;100.0;0.26;0.00715;0.092001;0.26;0.0025300275;0.167999;0.0046199725;0.241;0.0046810335;0.0;0.0009704695000000001;0.0013986115;9.98855e-05
2025-06-20 09:45:00+00:00;54.545;45.455;0.144;0.12;0.264;8.652;1.91;0.0;10.112;79.326;0.077;0.017;0.0;0.09;0.706;0.8899999999999999;337.12;100.0;0.264;0.00726;0.1200012;0.264;0.003300033;0.1439988;0.003959967;0.6259999999999999;0.0057590676;0.0;0.0006281351999999999;0.0007341312;0.000138666
2025-06-20 10:00:00+00:00;38.0;62.0;0.076;0.124;0.2;12.362;5.298;0.0;13.907;68.433;0.056;0.024;0.0;0.063;0.31;0.453;226.5;100.0;0.2;0.0055000000000000005;0.124;0.2;0.0034100000000000003;0.07600000000000001;0.0020900000000000003;0.253;0.003763815000000001;0.0;0.0006799100000000001;0.0007648850000000001;0.00029139000000000004
2025-06-20 10:15:00+00:00;97.036;2.964;3.012;0.092;3.104;33.245;19.491;0.114;34.005;13.146;0.875;0.513;0.003;0.895;0.346;2.632;84.79;84.79;2.6318816000000003;0.072376744;0.078008970624;2.6318816000000003;0.0021452466921600003;2.5538726293760003;0.07023149730784001;0.00011839999999985196;0.009514646766240002;8.250948816e-05;0.0240616485428;0.024611711797200005;0.014106951173040002
2025-06-20 10:30:00+00:00;97.222;2.778;1.68;0.048;1.728;32.505;18.866;0.064;30.465;18.101;0.51;0.296;0.001;0.478;0.284;1.569;90.8;90.8;1.5690239999999998;0.04314815999999999;0.04358748671999999;1.5690239999999995;0.0011986558847999996;1.5254365132799996;0.04194950411519999;-2.3999999999579913e-05;0.007810248441599998;2.7614822399999995e-05;0.014025309407999998;0.013145086943999996;0.008140331865599999
2025-06-20 10:45:00+00:00;95.71;4.29;2.588;0.116;2.704;31.121;20.032;0.121;30.271;18.454;0.769;0.495;0.003;0.748;0.456;2.471;91.38;91.38;2.4709152;0.06795016799999999;0.10600226207999999;2.4709152;0.0029150622071999997;2.36491293792;0.06503510579279999;8.480000000021803e-05;0.01253952400272;8.221970327999998e-05;0.021146771783279998;0.02056919535528;0.013611777653759998
2025-06-20 11:00:00+00:00;91.667;8.333;1.32;0.12;1.44;23.031;19.805;0.0;33.983;23.181;0.307;0.264;0.0;0.453;0.309;1.333;92.57;92.57;1.333008;0.03665772;0.11107955664;1.333008;0.0030546878076;1.22192844336;0.0336030321924;-8.000000000008e-06;0.0084976260732;0.0;0.008442639493199998;0.012457392987599998;0.007260061446
2025-06-20 11:15:00+00:00;90.881;9.119;1.156;0.116;1.272;28.505;15.492;0.077;28.273;27.653;0.368;0.2;0.001;0.365;0.357;1.291;101.49;100.0;1.272;0.034980000000000004;0.11599367999999999;1.2719999999999998;0.0031898262000000003;1.15600632;0.0317901738;0.019000000000000128;0.009673019400000002;2.69346e-05;0.009971049000000001;0.009889895400000001;0.005419101600000001
2025-06-20 11:30:00+00:00;94.19;5.81;1.232;0.076;1.308;21.127;15.365;0.512;24.52;38.476;0.33;0.24;0.008;0.383;0.601;1.562;119.42;100.0;1.308;0.03597;0.0759948;1.3079999999999998;0.002089857;1.2320052;0.033880143;0.2540000000000002;0.0138398172;0.0001841664;0.0075993818999999995;0.008819844;0.005526790500000001
2025-06-20 11:45:00+00:00;92.593;7.407;0.8;0.064;0.8640000000000001;10.621;9.606;7.1;12.828;59.845;0.178;0.161;0.119;0.215;1.003;1.676;193.98;100.0;0.8640000000000001;0.023760000000000003;0.06399648000000001;0.8640000000000001;0.0017599032000000002;0.8000035200000001;0.022000096800000004;0.8119999999999998;0.014219172000000002;0.0016869600000000002;0.0025235496;0.0030479328000000004;0.0022823856000000003
2025-06-20 12:00:00+00:00;36.735;63.265;0.072;0.124;0.196;4.192;2.908;2.994;3.336;86.57;0.049;0.034;0.035;0.039;1.012;1.169;596.43;100.0;0.196;0.00539;0.12399940000000001;0.196;0.0034099835000000003;0.0720006;0.0019800165;0.9730000000000001;0.0046661229999999995;0.0001613766;0.0002259488;0.0001798104;0.0001567412
2025-06-20 12:15:00+00:00;38.298;61.702;0.072;0.116;0.188;3.771;2.304;1.955;2.584;89.385;0.054;0.033;0.028;0.037;1.28;1.432;761.7;100.0;0.188;0.00517;0.11599976000000001;0.188;0.0031899934;0.07200024000000001;0.0019800066;1.244;0.0046212045;0.00010107350000000001;0.0001949607;0.0001335928;0.00011911679999999999
2025-06-20 12:30:00+00:00;42.857;57.143;0.084;0.112;0.196;8.788;4.545;4.848;5.909;75.909;0.058;0.03;0.032;0.039;0.501;0.66;336.73;100.0;0.196;0.00539;0.11200028000000001;0.196;0.0030800077;0.08399972;0.0023099923;0.464;0.0040914951;0.00026130719999999997;0.0004736732;0.00031849509999999995;0.0002449755
2025-06-20 12:45:00+00:00;69.841;30.159;0.176;0.076;0.252;12.405;3.631;6.657;7.867;69.44;0.082;0.024;0.044;0.052;0.459;0.661;262.3;100.0;0.252;0.00693;0.07600067999999999;0.252;0.0020900186999999997;0.17599932;0.0048399813;0.40900000000000003;0.004812192000000001;0.00046133010000000006;0.0008596665;0.0005451831;0.0002516283
2025-06-20 13:00:00+00:00;69.118;30.882;0.188;0.084;0.272;13.876;6.38;6.38;8.612;64.753;0.087;0.04;0.04;0.054;0.406;0.627;230.51;100.0;0.272;0.0074800000000000005;0.08399904000000001;0.272;0.0023099736000000005;0.18800096;0.0051700264;0.355;0.004843524400000001;0.000477224;0.0010379248;0.0006441776000000001;0.000477224
2025-06-20 13:15:00+00:00;61.842;38.158;0.188;0.116;0.304;14.663;6.745;6.598;8.211;63.783;0.1;0.046;0.045;0.056;0.435;0.682;224.34;100.0;0.304;0.00836;0.11600032;0.304;0.0031900088;0.18799967999999997;0.0051699912;0.37800000000000006;0.0053322588;0.0005515927999999999;0.0012258268;0.0006864395999999999;0.0005638819999999999
2025-06-20 13:30:00+00:00;60.0;40.0;0.168;0.112;0.28;9.766;4.989;4.352;5.096;75.796;0.092;0.047;0.041;0.048;0.714;0.942;336.43;100.0;0.28;0.007700000000000001;0.11200000000000002;0.28;0.0030800000000000007;0.168;0.004620000000000001;0.6619999999999999;0.005836292000000002;0.0003351040000000001;0.0007519820000000001;0.00039239200000000003;0.00038415300000000003
2025-06-20 13:45:00+00:00;60.526;39.474;0.184;0.12;0.304;8.081;4.429;2.875;3.963;80.653;0.104;0.057;0.037;0.051;1.038;1.287;423.36;100.0;0.304;0.00836;0.12000095999999999;0.304;0.0033000263999999994;0.18399904;0.0050599736;0.9829999999999999;0.0067425908;0.00024035;0.0006755715999999999;0.00033130679999999996;0.0003702644
2025-06-20 14:00:00+00:00;71.667;28.333;0.172;0.068;0.24;12.874;5.689;5.24;5.838;70.359;0.086;0.038;0.035;0.039;0.47;0.6679999999999999;278.33;100.0;0.24;0.0066;0.0679992;0.24;0.0018699779999999998;0.1720008;0.004730022;0.42799999999999994;0.004643693999999999;0.00034584000000000004;0.000849684;0.000385308;0.00037547400000000004
2025-06-20 14:15:00+00:00;64.516;35.484;0.16;0.088;0.248;13.136;5.791;4.802;5.508;70.763;0.093;0.041;0.034;0.039;0.501;0.708;285.48;100.0;0.248;0.00682;0.08800032;0.248;0.0024200088000000002;0.15999968;0.0043999912;0.45999999999999996;0.004826036600000001;0.00032749639999999996;0.0008958752;0.00037564559999999996;0.0003949462
2025-06-20 14:30:00+00:00;58.824;41.176;0.16;0.112;0.272;13.824;6.589;4.134;5.297;70.155;0.107;0.051;0.032;0.041;0.543;0.774;284.56;100.0;0.272;0.0074800000000000005;0.11199872000000001;0.272;0.0030799648000000004;0.16000128;0.0044000352;0.502;0.005247594;0.00030922320000000003;0.0010340352;0.0003962156;0.0004928572
2025-06-20 14:45:00+00:00;55.714;44.286;0.156;0.124;0.28;21.7;8.68;6.691;6.691;56.239;0.12;0.048;0.037;0.037;0.311;0.553;197.5;100.0;0.28;0.007700000000000001;0.12400080000000002;0.28;0.003410022000000001;0.1559992;0.004289978000000001;0.273;0.004330403;0.0005152070000000001;0.0016709000000000003;0.0005152070000000001;0.0006683600000000001
2025-06-20 15:00:00+00:00;58.824;41.176;0.16;0.112;0.272;28.717;10.591;0.0;8.554;52.138;0.141;0.052;0.0;0.042;0.256;0.491;180.51;100.0;0.272;0.0074800000000000005;0.11199872000000001;0.272;0.0030799648000000004;0.16000128;0.0044000352;0.21899999999999997;0.0038999224;0.0;0.0021480316;0.0006398392000000001;0.0007922068
2025-06-20 15:15:00+00:00;77.966;22.034;0.184;0.052;0.236;39.185;12.853;0.0;12.226;35.737;0.125;0.041;0.0;0.039;0.114;0.319;135.17;100.0;0.236;0.00649;0.05200023999999999;0.23599999999999993;0.0014300066;0.18399975999999996;0.0050599934;0.08300000000000007;0.0023193313;0.0;0.0025431065000000004;0.0007934674000000001;0.0008341597
2025-06-20 15:30:00+00:00;67.901;32.099;0.22;0.104;0.324;45.521;13.801;0.242;10.896;29.54;0.188;0.057;0.001;0.045;0.122;0.413;127.47;100.0;0.324;0.00891;0.10400075999999998;0.324;0.0028600208999999994;0.21999924;0.0060499791;0.08899999999999997;0.002632014;2.1562199999999998e-05;0.0040559211;0.0009708335999999999;0.0012296691
2025-06-20 15:45:00+00:00;57.143;42.857;0.16;0.12;0.28;30.168;4.469;0.186;10.056;55.121;0.162;0.024;0.001;0.054;0.296;0.537;191.79;100.0;0.28;0.007700000000000001;0.11999960000000001;0.28;0.0032999890000000006;0.16000040000000001;0.0044000110000000005;0.257;0.004244317;1.4322000000000001e-05;0.0023229360000000003;0.0007743120000000001;0.00034411300000000006
2025-06-20 16:00:00+00:00;37.255;62.745;0.076;0.128;0.20400000000000001;27.415;0.0;0.261;15.405;56.919;0.105;0.0;0.001;0.059;0.218;0.383;187.75;100.0;0.20400000000000001;0.00561;0.1279998;0.20400000000000001;0.0035199945;0.07600020000000002;0.0020900055000000004;0.179;0.0031931559;1.46421e-05;0.0015379815;0.0008642205;0.0
2025-06-20 16:15:00+00:00;48.837;51.163;0.084;0.088;0.172;18.428;0.0;0.491;14.496;66.585;0.075;0.0;0.002;0.059;0.271;0.40700000000000003;236.63;100.0;0.172;0.00473;0.08800035999999999;0.172;0.0024200098999999993;0.08399964;0.0023099901;0.23500000000000004;0.0031494704999999994;2.32243e-05;0.0008716444;0.0006856608;0.0
2025-06-20 16:30:00+00:00;75.806;24.194;0.188;0.06;0.248;45.13;7.143;0.325;17.532;29.87;0.139;0.022;0.001;0.054;0.092;0.308;124.19;100.0;0.248;0.00682;0.06000112;0.24799999999999997;0.0016500307999999999;0.18799887999999998;0.005169969199999999;0.060000000000000026;0.002037134;2.2165000000000002e-05;0.0030778660000000003;0.0011956824;0.0004871525999999999
2025-06-20 16:45:00+00:00;93.59;6.41;1.752;0.12;1.8719999999999999;66.574;15.989;0.223;13.482;3.733;1.195;0.287;0.004;0.242;0.067;1.795;95.89;95.89;1.7950608;0.049364172;0.11506339728000001;1.7950608;0.0031642434252;1.67999740272;0.0461999285748;-6.079999999997199e-05;0.00184276454076;0.00011008210356;0.03286370386728;0.00665527766904;0.00789283746108
2025-06-20 17:00:00+00:00;86.752;13.248;0.812;0.124;0.936;55.021;20.084;0.209;13.389;11.297;0.526;0.192;0.002;0.128;0.108;0.956;102.14;100.0;0.936;0.025740000000000002;0.12400127999999999;0.936;0.0034100352;0.8119987200000001;0.0223299648;0.019999999999999907;0.0029078478;5.37966e-05;0.014162405400000001;0.0034463286;0.0051696216
2025-06-20 17:15:00+00:00;89.17;10.83;0.988;0.12;1.108;61.116;0.0;0.243;17.623;21.019;0.756;0.0;0.003;0.218;0.26;1.237;111.64;100.0;1.108;0.030470000000000004;0.11999640000000002;1.108;0.0032999010000000005;0.9880036000000001;0.027170099000000007;0.129;0.006404489300000001;7.40421e-05;0.018622045200000003;0.0053697281;0.0
2025-06-20 17:30:00+00:00;83.186;16.814;0.376;0.076;0.452;32.503;0.0;0.553;19.917;47.026;0.235;0.0;0.004;0.144;0.34;0.723;159.96;100.0;0.452;0.01243;0.07599928;0.452;0.0020899802;0.37600072;0.010340019800000001;0.27099999999999996;0.0058453318;6.87379e-05;0.0040401229;0.0024756831000000003;0.0
2025-06-20 17:45:00+00:00;;;0.0;0.0;0.0;0.0;0.0;0.0;0.0;100.0;0.0;0.0;0.0;0.0;0.364;0.364;inf;100.0;0.0;0.0;;;;;;;0.0;0.0;0.0;0.0;0.0
2025-06-20 18:00:00+00:00;40.441;59.559;0.055;0.081;0.136;0.0;54.839;0.0;0.0;45.161;0.0;0.136;0.0;0.0;0.112;0.248;182.35;100.0;0.136;0.0037400000000000003;0.08100024;0.136;0.0022275066;0.05499976000000001;0.0015124934000000003;0.11199999999999999;0.0016890214;0.0;0.0;0.0;0.0020509786
2025-06-20 18:15:00+00:00;;;0.0;0.0;0.0;;;;;;0.0;0.0;0.0;0.0;0.0;0.0;;;;;;;;;;;;;;;
2025-06-20 18:30:00+00:00;;;0.0;0.0;0.0;;;;;;0.0;0.0;0.0;0.0;0.0;0.0;;;;;;;;;;;;;;;
2025-06-20 18:45:00+00:00;;;0.0;0.0;0.0;;;;;;0.0;0.0;0.0;0.0;0.0;0.0;;;;;;;;;;;;;;;
2025-06-20 19:00:00+00:00;;;0.0;0.0;0.0;;;;;;0.0;0.0;0.0;0.0;0.0;0.0;;;;;;;;;;;;;;;
2025-06-20 19:15:00+00:00;;;0.0;0.0;0.0;;;;;;0.0;0.0;0.0;0.0;0.0;0.0;;;;;;;;;;;;;;;
2025-06-20 19:30:00+00:00;;;0.0;0.0;0.0;;;;;;0.0;0.0;0.0;0.0;0.0;0.0;;;;;;;;;;;;;;;
2025-06-20 19:45:00+00:00;;;0.0;0.0;0.0;;;;;;0.0;0.0;0.0;0.0;0.0;0.0;;;;;;;;;;;;;;;
2025-06-20 20:00:00+00:00;;;0.0;0.0;0.0;;;;;;0.0;0.0;0.0;0.0;0.0;0.0;;;;;;;;;;;;;;;
2025-06-20 20:15:00+00:00;;;0.0;0.0;0.0;;;;;;0.0;0.0;0.0;0.0;0.0;0.0;;;;;;;;;;;;;;;
2025-06-20 20:30:00+00:00;;;0.0;0.0;0.0;;;;;;0.0;0.0;0.0;0.0;0.0;0.0;;;;;;;;;;;;;;;
2025-06-20 20:45:00+00:00;;;0.0;0.0;0.0;;;;;;0.0;0.0;0.0;0.0;0.0;0.0;;;;;;;;;;;;;;;
2025-06-20 21:00:00+00:00;;;0.0;0.0;0.0;;;;;;0.0;0.0;0.0;0.0;0.0;0.0;;;;;;;;;;;;;;;
2025-06-20 21:15:00+00:00;;;0.0;0.0;0.0;;;;;;0.0;0.0;0.0;0.0;0.0;0.0;;;;;;;;;;;;;;;
2025-06-20 21:30:00+00:00;;;0.0;0.0;0.0;;;;;;0.0;0.0;0.0;0.0;0.0;0.0;;;;;;;;;;;;;;;
2025-06-20 21:45:00+00:00;;;0.0;0.0;0.0;;;;;;0.0;0.0;0.0;0.0;0.0;0.0;;;;;;;;;;;;;;;
2025-06-20 22:00:00+00:00;;;0.0;0.0;0.0;;;;;;0.0;0.0;0.0;0.0;0.0;0.0;;;;;;;;;;;;;;;
2025-06-20 22:15:00+00:00;;;0.0;0.0;0.0;;;;;;0.0;0.0;0.0;0.0;0.0;0.0;;;;;;;;;;;;;;;
2025-06-20 22:30:00+00:00;;;0.0;0.0;0.0;;;;;;0.0;0.0;0.0;0.0;0.0;0.0;;;;;;;;;;;;;;;
2025-06-20 22:45:00+00:00;;;0.0;0.0;0.0;;;;;;0.0;0.0;0.0;0.0;0.0;0.0;;;;;;;;;;;;;;;
2025-06-20 23:00:00+00:00;;;0.0;0.0;0.0;;;;;;0.0;0.0;0.0;0.0;0.0;0.0;;;;;;;;;;;;;;;
2025-06-20 23:15:00+00:00;;;0.0;0.0;0.0;;;;;;0.0;0.0;0.0;0.0;0.0;0.0;;;;;;;;;;;;;;;
2025-06-20 23:30:00+00:00;;;0.0;0.0;0.0;;;;;;0.0;0.0;0.0;0.0;0.0;0.0;;;;;;;;;;;;;;;
2025-06-20 23:45:00+00:00;;;0.0;0.0;0.0;;;;;;0.0;0.0;0.0;0.0;0.0;0.0;;;;;;;;;;;;;;;
2025-06-21 00:00:00+00:00;;;0.0;0.0;0.0;;;;;;0.0;0.0;0.0;0.0;0.0;0.0;;;;;;;;;;;;;;;
2025-06-21 00:15:00+00:00;;;0.0;0.0;0.0;;;;;;0.0;0.0;0.0;0.0;0.0;0.0;;;;;;;;;;;;;;;
2025-06-21 00:30:00+00:00;;;0.0;0.0;0.0;;;;;;0.0;0.0;0.0;0.0;0.0;0.0;;;;;;;;;;;;;;;
2025-06-21 00:45:00+00:00;;;0.0;0.0;0.0;;;;;;0.0;0.0;0.0;0.0;0.0;0.0;;;;;;;;;;;;;;;
2025-06-21 01:00:00+00:00;;;0.0;0.0;0.0;;;;;;0.0;0.0;0.0;0.0;0.0;0.0;;;;;;;;;;;;;;;
2025-06-21 01:15:00+00:00;;;0.0;0.0;0.0;;;;;;0.0;0.0;0.0;0.0;0.0;0.0;;;;;;;;;;;;;;;
2025-06-21 01:30:00+00:00;;;0.0;0.0;0.0;;;;;;0.0;0.0;0.0;0.0;0.0;0.0;;;;;;;;;;;;;;;
2025-06-21 01:45:00+00:00;;;0.0;0.0;0.0;;;;;;0.0;0.0;0.0;0.0;0.0;0.0;;;;;;;;;;;;;;;
2025-06-21 02:00:00+00:00;;;0.0;0.0;0.0;;;;;;0.0;0.0;0.0;0.0;0.0;0.0;;;;;;;;;;;;;;;
2025-06-21 02:15:00+00:00;;;0.0;0.0;0.0;;;;;;0.0;0.0;0.0;0.0;0.0;0.0;;;;;;;;;;;;;;;
2025-06-21 02:30:00+00:00;;;0.0;0.0;0.0;;;;;;0.0;0.0;0.0;0.0;0.0;0.0;;;;;;;;;;;;;;;
2025-06-21 02:45:00+00:00;;;0.0;0.0;0.0;;;;;;0.0;0.0;0.0;0.0;0.0;0.0;;;;;;;;;;;;;;;
2025-06-21 03:00:00+00:00;;;0.0;0.0;0.0;;;;;;0.0;0.0;0.0;0.0;0.0;0.0;;;;;;;;;;;;;;;
2025-06-21 03:15:00+00:00;;;0.0;0.0;0.0;;;;;;0.0;0.0;0.0;0.0;0.0;0.0;;;;;;;;;;;;;;;
2025-06-21 03:30:00+00:00;;;0.0;0.0;0.0;;;;;;0.0;0.0;0.0;0.0;0.0;0.0;;;;;;;;;;;;;;;
2025-06-21 03:45:00+00:00;;;0.0;0.0;0.0;;;;;;0.0;0.0;0.0;0.0;0.0;0.0;;;;;;;;;;;;;;;
2025-06-21 04:00:00+00:00;;;0.0;0.0;0.0;;;;;;0.0;0.0;0.0;0.0;0.0;0.0;;;;;;;;;;;;;;;
2025-06-21 04:15:00+00:00;;;0.0;0.0;0.0;0.0;0.0;0.0;0.0;100.0;0.0;0.0;0.0;0.0;0.152;0.152;inf;100.0;0.0;0.0;;;;;;;0.0;0.0;0.0;0.0;0.0
2025-06-21 04:30:00+00:00;;;0.0;0.0;0.0;0.0;0.0;0.0;0.0;100.0;0.0;0.0;0.0;0.0;0.24;0.24;inf;100.0;0.0;0.0;;;;;;;0.0;0.0;0.0;0.0;0.0
2025-06-21 04:45:00+00:00;;;0.0;0.0;0.0;0.0;0.0;0.0;0.0;100.0;0.0;0.0;0.0;0.0;0.736;0.736;inf;100.0;0.0;0.0;;;;;;;0.0;0.0;0.0;0.0;0.0
2025-06-21 05:00:00+00:00;;;0.0;0.0;0.0;0.0;0.0;0.0;0.0;100.0;0.0;0.0;0.0;0.0;0.84;0.84;inf;100.0;0.0;0.0;;;;;;;0.0;0.0;0.0;0.0;0.0
2025-06-21 05:15:00+00:00;;;0.0;0.0;0.0;0.0;0.0;0.0;0.0;100.0;0.0;0.0;0.0;0.0;1.224;1.224;inf;100.0;0.0;0.0;;;;;;;0.0;0.0;0.0;0.0;0.0
2025-06-21 05:30:00+00:00;70.455;29.545;0.124;0.052;0.176;1.683;0.0;0.982;0.14;97.195;0.012;0.0;0.007;0.001;0.693;0.713;405.11;100.0;0.176;0.00484;0.051999199999999995;0.176;0.001429978;0.1240008;0.003410022;0.5369999999999999;0.0047042379999999995;4.75288e-05;8.14572e-05;6.776000000000001e-06;0.0
2025-06-21 05:45:00+00:00;32.52;67.48;0.16;0.332;0.492;10.598;0.0;2.029;1.353;86.02;0.094;0.0;0.018;0.012;0.763;0.887;180.28;100.0;0.492;0.01353;0.3320016;0.492;0.009130044;0.1599984;0.004399956000000001;0.395;0.011638506;0.0002745237;0.0014339094;0.0001830609;0.0
2025-06-21 06:00:00+00:00;52.632;47.368;0.16;0.144;0.304;3.015;0.0;1.382;9.422;86.181;0.024;0.0;0.011;0.075;0.686;0.796;261.84;100.0;0.304;0.00836;0.14399872;0.304;0.0039599648;0.16000128;0.0044000352;0.49200000000000005;0.007204731599999999;0.00011553519999999998;0.000252054;0.0007876792000000001;0.0
2025-06-21 06:15:00+00:00;50.0;50.0;0.12;0.12;0.24;5.794;0.0;0.561;24.486;69.159;0.031;0.0;0.003;0.131;0.37;0.535;222.92;100.0;0.24;0.0066;0.12;0.24;0.0033;0.12;0.0033;0.29500000000000004;0.0045644940000000005;3.7026e-05;0.000382404;0.001616076;0.0
2025-06-21 06:30:00+00:00;;;0.0;0.0;0.0;;;;;;0.0;0.0;0.0;0.0;0.0;0.0;;;;;;;;;;;;;;;
2025-06-21 06:45:00+00:00;;;0.0;0.0;0.0;;;;;;0.0;0.0;0.0;0.0;0.0;0.0;;;;;;;;;;;;;;;
2025-06-21 07:00:00+00:00;38.0;62.0;0.076;0.124;0.2;2.673;0.0;0.074;7.35;89.903;0.036;0.0;0.001;0.099;1.211;1.347;673.5;100.0;0.2;0.0055000000000000005;0.124;0.2;0.0034100000000000003;0.07600000000000001;0.0020900000000000003;1.147;0.004944665000000001;4.07e-06;0.00014701500000000001;0.00040425000000000004;0.0
2025-06-21 07:15:00+00:00;55.882;44.118;0.152;0.12;0.272;2.968;1.484;0.0;6.926;88.621;0.048;0.024;0.0;0.112;1.433;1.617;594.49;100.0;0.272;0.0074800000000000005;0.12000096000000002;0.272;0.0033000264000000003;0.15199904;0.0041799736;1.345;0.0066288508;0.0;0.0002220064;0.0005180648000000001;0.0001110032
2025-06-21 07:30:00+00:00;60.563;39.437;0.172;0.112;0.284;2.259;4.083;0.0;2.65;91.008;0.052;0.094;0.0;0.061;2.095;2.302;810.56;100.0;0.284;0.007809999999999999;0.11200107999999999;0.284;0.0030800296999999996;0.17199891999999997;0.0047299703;2.0180000000000002;0.0071077247999999996;0.0;0.00017642789999999998;0.00020696499999999998;0.00031888230000000004
2025-06-21 07:45:00+00:00;70.69;29.31;0.164;0.068;0.232;1.574;3.35;0.0;3.249;91.827;0.031;0.066;0.0;0.064;1.809;1.97;849.14;100.0;0.232;0.00638;0.0679992;0.23199999999999998;0.0018699779999999998;0.1640008;0.004510022;1.738;0.0058585626000000005;0.0;0.00010042120000000001;0.0002072862;0.00021373000000000003
2025-06-21 08:00:00+00:00;50.0;50.0;0.088;0.088;0.176;2.352;1.924;0.0;4.989;90.734;0.033;0.027;0.0;0.07;1.273;1.403;797.16;100.0;0.176;0.00484;0.088;0.176;0.00242;0.088;0.00242;1.227;0.0043915256;0.0;0.00011383679999999999;0.00024146759999999997;9.312159999999999e-05
2025-06-21 08:15:00+00:00;38.776;61.224;0.076;0.12;0.196;13.696;4.348;0.0;22.391;59.565;0.063;0.02;0.0;0.103;0.274;0.46;234.69;100.0;0.196;0.00539;0.11999904;0.196;0.0032999736;0.07600096;0.0020900264;0.264;0.0032105535;0.0;0.0007382144;0.0012068748999999998;0.0002343572
2025-06-21 08:30:00+00:00;39.13;60.87;0.072;0.112;0.184;10.811;3.784;0.0;16.757;68.649;0.06;0.021;0.0;0.093;0.381;0.555;301.63;100.0;0.184;0.00506;0.1120008;0.184;0.0030800220000000004;0.0719992;0.0019799780000000003;0.37100000000000005;0.0034736394000000003;0.0;0.0005470366;0.0008479042000000002;0.0001914704
2025-06-21 08:45:00+00:00;45.098;54.902;0.092;0.112;0.20400000000000001;8.455;6.997;0.0;12.245;72.303;0.058;0.048;0.0;0.084;0.496;0.686;336.27;100.0;0.20400000000000001;0.00561;0.11200008000000002;0.20400000000000001;0.0030800022000000006;0.09199992;0.0025299978000000002;0.48200000000000004;0.0040561983;0.0;0.00047432550000000006;0.0006869444999999999;0.0003925317000000001
2025-06-21 09:00:00+00:00;72.414;27.586;0.168;0.064;0.232;24.569;35.776;0.0;39.655;0.0;0.057;0.083;0.0;0.092;0.0;0.23199999999999998;100.0;100.0;0.232;0.00638;0.06399952;0.232;0.0017599868000000001;0.16800048;0.0046200132;-2.7755575615628914e-17;0.0;0.0;0.0015675022;0.0025299890000000003;0.0022825088
2025-06-21 09:15:00+00:00;66.216;33.784;0.196;0.1;0.29600000000000004;20.345;7.102;0.0;25.528;47.025;0.106;0.037;0.0;0.133;0.245;0.521;176.01;100.0;0.29600000000000004;0.008140000000000001;0.10000064;0.29600000000000004;0.0027500176;0.19599936;0.005389982400000001;0.22499999999999998;0.003827835000000001;0.0;0.0016560830000000003;0.0020779792000000003;0.0005781028000000001
2025-06-21 09:30:00+00:00;69.892;30.108;0.26;0.112;0.372;35.268;5.357;0.0;40.625;18.75;0.158;0.024;0.0;0.182;0.084;0.448;120.43;100.0;0.372;0.01023;0.11200176;0.372;0.0030800484;0.25999824;0.007149951599999999;0.07600000000000001;0.001918125;0.0;0.0036079163999999998;0.0041559375;0.0005480210999999999
2025-06-21 09:45:00+00:00;94.369;5.631;1.944;0.116;2.06;41.505;13.883;0.097;44.515;0.0;0.855;0.286;0.002;0.917;0.0;2.06;100.0;100.0;2.06;0.05665;0.11599860000000001;2.06;0.0031899615;1.9440014;0.0534600385;0.0;0.0;5.49505e-05;0.0235125825;0.0252177475;0.007864719499999999
2025-06-21 10:00:00+00:00;90.941;9.059;1.044;0.104;1.1480000000000001;32.333;21.555;0.0;31.64;14.473;0.42;0.28;0.0;0.411;0.188;1.299;113.15;100.0;1.1480000000000001;0.03157;0.10399732;1.1480000000000001;0.0028599262999999997;1.0440026800000002;0.0287100737;0.1509999999999998;0.0045691261;0.0;0.0102075281;0.009988748;0.0068049135
2025-06-21 10:15:00+00:00;75.0;25.0;0.168;0.056;0.224;16.768;10.707;0.0;15.758;56.768;0.083;0.053;0.0;0.078;0.281;0.49500000000000005;220.98;100.0;0.224;0.0061600000000000005;0.056;0.224;0.0015400000000000001;0.168;0.004620000000000001;0.271;0.0034969088000000002;0.0;0.0010329088;0.0009706928;0.0006595512000000002
2025-06-21 10:30:00+00:00;63.75;36.25;0.204;0.116;0.32;5.772;3.827;0.0;5.225;85.176;0.095;0.063;0.0;0.086;1.402;1.646;514.38;100.0;0.32;0.0088;0.11599999999999999;0.31999999999999995;0.00319;0.204;0.0056099999999999995;1.326;0.007495488000000001;0.0;0.0005079360000000001;0.0004598;0.000336776
2025-06-21 10:45:00+00:00;62.667;37.333;0.188;0.112;0.3;5.083;3.204;0.0;4.365;87.348;0.092;0.058;0.0;0.079;1.581;1.81;603.33;100.0;0.3;0.00825;0.111999;0.3;0.0030799725;0.188001;0.0051700275;1.51;0.00720621;0.0;0.00041934750000000004;0.0003601125;0.00026433
2025-06-21 11:00:00+00:00;55.714;44.286;0.156;0.124;0.28;9.261;4.995;0.208;8.012;77.523;0.089;0.048;0.002;0.077;0.745;0.961;343.21;100.0;0.28;0.007700000000000001;0.12400080000000002;0.28;0.003410022000000001;0.1559992;0.004289978000000001;0.6809999999999999;0.005969271000000001;1.6016e-05;0.0007130970000000001;0.0006169240000000001;0.00038461500000000004
2025-06-21 11:15:00+00:00;63.793;36.207;0.148;0.084;0.23199999999999998;16.075;8.142;0.0;13.57;62.213;0.077;0.039;0.0;0.065;0.298;0.479;206.47;100.0;0.23199999999999998;0.006379999999999999;0.08400023999999999;0.23199999999999998;0.0023100065999999996;0.14799975999999998;0.004069993399999999;0.247;0.003969189399999999;0.0;0.0010255849999999999;0.000865766;0.0005194595999999999
2025-06-21 11:30:00+00:00;50.0;50.0;0.068;0.068;0.136;2.643;1.462;0.0;2.137;93.757;0.047;0.026;0.0;0.038;1.667;1.778;1307.35;100.0;0.136;0.0037400000000000003;0.068;0.136;0.0018700000000000001;0.068;0.0018700000000000001;1.642;0.0035065118;0.0;9.88482e-05;7.99238e-05;5.46788e-05
2025-06-21 11:45:00+00:00;38.298;61.702;0.072;0.116;0.188;2.778;1.548;0.0;2.277;93.397;0.061;0.034;0.0;0.05;2.051;2.196;1168.09;100.0;0.188;0.00517;0.11599976000000001;0.188;0.0031899934;0.07200024000000001;0.0019800066;2.008;0.004828624900000001;0.0;0.0001436226;0.00011772090000000001;8.003160000000001e-05
2025-06-21 12:00:00+00:00;35.417;64.583;0.068;0.124;0.192;3.913;2.047;0.0;3.01;91.03;0.065;0.034;0.0;0.05;1.512;1.661;865.1;100.0;0.192;0.00528;0.12399936;0.192;0.0034099824;0.06800064000000001;0.0018700176000000003;1.469;0.004806384;0.0;0.0002066064;0.000158928;0.00010808160000000001
2025-06-21 12:15:00+00:00;47.368;52.632;0.108;0.12;0.22799999999999998;6.205;3.707;0.0;4.754;85.334;0.077;0.046;0.0;0.059;1.059;1.2409999999999999;544.3;100.0;0.22799999999999998;0.0062699999999999995;0.12000095999999999;0.22799999999999998;0.0033000264;0.10799904;0.0029699736;1.013;0.0053504417999999995;0.0;0.0003890535;0.00029807579999999997;0.00023242889999999997
2025-06-21 12:30:00+00:00;72.727;27.273;0.16;0.06;0.22;6.361;3.647;0.0;4.835;85.157;0.075;0.043;0.0;0.057;1.004;1.179;535.91;100.0;0.22;0.00605;0.060000599999999994;0.22;0.0016500164999999998;0.1599994;0.0043999835;0.9590000000000001;0.005151998499999999;0.0;0.00038484049999999996;0.00029251749999999996;0.00022064349999999998
2025-06-21 12:45:00+00:00;63.934;36.066;0.156;0.088;0.244;11.862;5.793;0.414;8.552;73.379;0.086;0.042;0.003;0.062;0.532;0.725;297.13;100.0;0.244;0.00671;0.08800104;0.244;0.0024200286;0.15599896;0.0042899714;0.481;0.0049237309;2.7779399999999997e-05;0.0007959402;0.0005738392;0.0003887103
2025-06-21 13:00:00+00:00;59.459;40.541;0.176;0.12;0.296;25.0;12.264;0.708;17.453;44.575;0.106;0.052;0.003;0.074;0.189;0.424;143.24;100.0;0.296;0.00814;0.12000135999999999;0.296;0.0033000373999999997;0.17599864;0.0048399626;0.128;0.0036284050000000003;5.763119999999999e-05;0.002035;0.0014206741999999999;0.0009982895999999998
2025-06-21 13:15:00+00:00;58.108;41.892;0.172;0.124;0.296;27.033;10.526;0.239;17.703;44.498;0.113;0.044;0.001;0.074;0.186;0.418;141.22;100.0;0.296;0.00814;0.12400032;0.29599999999999993;0.0034100088;0.17199967999999996;0.004729991199999999;0.12200000000000005;0.0036221371999999997;1.94546e-05;0.0022004862;0.0014410241999999998;0.0008568163999999999
2025-06-21 13:30:00+00:00;68.605;31.395;0.236;0.108;0.344;30.159;13.379;0.227;17.914;38.322;0.133;0.059;0.001;0.079;0.169;0.441;128.2;100.0;0.344;0.00946;0.10799879999999999;0.344;0.002969967;0.2360012;0.006490033;0.09700000000000003;0.0036252612;2.14742e-05;0.0028530413999999994;0.0016946644000000002;0.0012656534
2025-06-21 13:45:00+00:00;85.714;14.286;0.312;0.052;0.364;33.412;15.294;0.0;19.529;31.765;0.142;0.065;0.0;0.083;0.135;0.425;116.76;100.0;0.364;0.01001;0.05200103999999999;0.364;0.0014300285999999998;0.31199896;0.0085799714;0.061;0.0031796765;0.0;0.0033445411999999996;0.0019548529;0.0015309293999999998
2025-06-21 14:00:00+00:00;68.605;31.395;0.236;0.108;0.344;35.663;15.663;0.241;19.277;29.157;0.148;0.065;0.001;0.08;0.121;0.415;120.64;100.0;0.344;0.00946;0.10799879999999999;0.344;0.002969967;0.2360012;0.006490033;0.07100000000000001;0.0027582521999999997;2.27986e-05;0.0033737197999999993;0.0018236042;0.0014817197999999999
2025-06-21 14:15:00+00:00;66.292;33.708;0.236;0.12;0.356;50.843;23.034;0.281;25.843;0.0;0.181;0.082;0.001;0.092;0.0;0.356;100.0;100.0;0.356;0.00979;0.12000047999999999;0.356;0.0033000132;0.23599952000000002;0.006489986800000001;0.0;0.0;2.7509900000000006e-05;0.0049775297;0.0025300297;0.0022550286
2025-06-21 14:30:00+00:00;91.831;8.169;1.304;0.116;1.4200000000000002;50.845;25.352;0.282;23.521;0.0;0.722;0.36;0.004;0.334;0.0;1.42;100.0;100.0;1.4200000000000002;0.03905;0.11599980000000001;1.4200000000000002;0.0031899945;1.3040002000000002;0.03586000550000001;-2.220446049250313e-16;0.0;0.00011012099999999998;0.019854972499999998;0.0091849505;0.009899956000000001
2025-06-21 14:45:00+00:00;95.534;4.466;1.968;0.092;2.06;53.641;24.417;0.291;21.65;0.0;1.105;0.503;0.006;0.446;0.0;2.06;100.0;100.0;2.06;0.05665;0.09199960000000001;2.06;0.0025299890000000003;1.9680004000000002;0.054120011;0.0;0.0;0.0001648515;0.030387626499999997;0.012264724999999999;0.0138322305
2025-06-21 15:00:00+00:00;84.314;15.686;0.344;0.064;0.408;53.186;27.451;0.245;19.118;0.0;0.217;0.112;0.001;0.078;0.0;0.40800000000000003;100.0;100.0;0.408;0.011219999999999999;0.06399888;0.4079999999999999;0.0017599691999999998;0.34400111999999994;0.009460030799999998;1.1102230246251565e-16;0.0;2.7488999999999997e-05;0.0059674692;0.0021450396;0.0030800022
2025-06-21 15:15:00+00:00;73.684;26.316;0.336;0.12;0.456;54.605;27.632;0.219;17.544;0.0;0.249;0.126;0.001;0.08;0.0;0.456;100.0;100.0;0.456;0.01254;0.12000096;0.45599999999999996;0.0033000264000000003;0.33599903999999997;0.0092399736;5.551115123125783e-17;0.0;2.7462600000000004e-05;0.0068474669999999994;0.0022000176000000005;0.0034650528000000004
2025-06-21 15:30:00+00:00;74.107;25.893;0.332;0.116;0.448;40.179;49.777;0.223;9.821;0.0;0.18;0.223;0.001;0.044;0.0;0.448;100.0;100.0;0.448;0.012320000000000001;0.11600064;0.448;0.0031900176;0.33199936;0.0091299824;0.0;0.0;2.7473600000000004e-05;0.004950052800000001;0.0012099472;0.0061325264
2025-06-21 15:45:00+00:00;74.336;25.664;0.336;0.116;0.452;0.0;100.0;0.0;0.0;0.0;0.0;0.452;0.0;0.0;0.0;0.452;100.0;100.0;0.452;0.01243;0.11600128000000001;0.45200000000000007;0.0031900352000000004;0.33599872000000003;0.0092399648;-5.551115123125783e-17;0.0;0.0;0.0;0.0;0.01243
2025-06-21 16:00:00+00:00;79.412;20.588;0.324;0.084;0.40800000000000003;5.147;94.118;0.0;0.735;0.0;0.021;0.384;0.0;0.003;0.0;0.40800000000000003;100.0;100.0;0.40800000000000003;0.01122;0.08399904000000001;0.4080000000000001;0.0023099736;0.32400096000000006;0.008910026400000002;-5.551115123125783e-17;0.0;0.0;0.0005774934;8.246700000000001e-05;0.0105600396
2025-06-21 16:15:00+00:00;76.471;23.529;0.26;0.08;0.34;18.529;79.412;0.0;2.059;0.0;0.063;0.27;0.0;0.007;0.0;0.34;100.0;100.0;0.34;0.00935;0.0799986;0.33999999999999997;0.0021999615;0.2600014;0.007150038500000001;5.551115123125783e-17;0.0;0.0;0.0017324615000000002;0.00019251650000000003;0.007425022000000001
2025-06-21 16:30:00+00:00;67.045;32.955;0.236;0.116;0.352;0.0;100.0;0.0;0.0;0.0;0.0;0.352;0.0;0.0;0.0;0.352;100.0;100.0;0.352;0.00968;0.1160016;0.352;0.003190044;0.23599839999999997;0.006489956;0.0;0.0;0.0;0.0;0.0;0.00968
2025-06-21 16:45:00+00:00;67.169;32.831;0.223;0.109;0.332;0.0;100.0;0.0;0.0;0.0;0.0;0.332;0.0;0.0;0.0;0.332;100.0;100.0;0.332;0.009130000000000001;0.10899892000000003;0.3320000000000001;0.002997470300000001;0.22300108000000002;0.006132529700000001;-5.551115123125783e-17;0.0;0.0;0.0;0.0;0.009130000000000001
2025-06-21 17:00:00+00:00;68.75;31.25;0.011;0.005;0.016;0.0;100.0;0.0;0.0;0.0;0.0;0.016;0.0;0.0;0.0;0.016;100.0;100.0;0.016;0.00044;0.005;0.016;0.0001375;0.011;0.00030250000000000003;0.0;0.0;0.0;0.0;0.0;0.00044
2025-06-21 17:15:00+00:00;;;0.0;0.0;0.0;;;;;;0.0;0.0;0.0;0.0;0.0;0.0;;;;;;;;;;;;;;;
2025-06-21 17:30:00+00:00;;;0.0;0.0;0.0;;;;;;0.0;0.0;0.0;0.0;0.0;0.0;;;;;;;;;;;;;;;
2025-06-21 17:45:00+00:00;;;0.0;0.0;0.0;;;;;;0.0;0.0;0.0;0.0;0.0;0.0;;;;;;;;;;;;;;;
2025-06-21 18:00:00+00:00;;;0.0;0.0;0.0;;;;;;0.0;0.0;0.0;0.0;0.0;0.0;;;;;;;;;;;;;;;
2025-06-21 18:15:00+00:00;;;0.0;0.0;0.0;;;;;;0.0;0.0;0.0;0.0;0.0;0.0;;;;;;;;;;;;;;;
2025-06-21 18:30:00+00:00;;;0.0;0.0;0.0;;;;;;0.0;0.0;0.0;0.0;0.0;0.0;;;;;;;;;;;;;;;
2025-06-21 18:45:00+00:00;;;0.0;0.0;0.0;;;;;;0.0;0.0;0.0;0.0;0.0;0.0;;;;;;;;;;;;;;;
2025-06-21 19:00:00+00:00;;;0.0;0.0;0.0;;;;;;0.0;0.0;0.0;0.0;0.0;0.0;;;;;;;;;;;;;;;
2025-06-21 19:15:00+00:00;;;0.0;0.0;0.0;;;;;;0.0;0.0;0.0;0.0;0.0;0.0;;;;;;;;;;;;;;;
2025-06-21 19:30:00+00:00;;;0.0;0.0;0.0;;;;;;0.0;0.0;0.0;0.0;0.0;0.0;;;;;;;;;;;;;;;
2025-06-21 19:45:00+00:00;;;0.0;0.0;0.0;;;;;;0.0;0.0;0.0;0.0;0.0;0.0;;;;;;;;;;;;;;;
2025-06-21 20:00:00+00:00;;;0.0;0.0;0.0;;;;;;0.0;0.0;0.0;0.0;0.0;0.0;;;;;;;;;;;;;;;
2025-06-21 20:15:00+00:00;;;0.0;0.0;0.0;;;;;;0.0;0.0;0.0;0.0;0.0;0.0;;;;;;;;;;;;;;;
2025-06-21 20:30:00+00:00;;;0.0;0.0;0.0;;;;;;0.0;0.0;0.0;0.0;0.0;0.0;;;;;;;;;;;;;;;
2025-06-21 20:45:00+00:00;;;0.0;0.0;0.0;;;;;;0.0;0.0;0.0;0.0;0.0;0.0;;;;;;;;;;;;;;;
2025-06-21 21:00:00+00:00;;;0.0;0.0;0.0;;;;;;0.0;0.0;0.0;0.0;0.0;0.0;;;;;;;;;;;;;;;
2025-06-21 21:15:00+00:00;;;0.0;0.0;0.0;;;;;;0.0;0.0;0.0;0.0;0.0;0.0;;;;;;;;;;;;;;;
2025-06-21 21:30:00+00:00;;;0.0;0.0;0.0;;;;;;0.0;0.0;0.0;0.0;0.0;0.0;;;;;;;;;;;;;;;
2025-06-21 21:45:00+00:00;;;0.0;0.0;0.0;;;;;;0.0;0.0;0.0;0.0;0.0;0.0;;;;;;;;;;;;;;;
