startedAt;percentage_prod;valueprod;total_sum_prod
;df-prod-Madalin;df-prod-Madalin;
2025-06-01 00:00:00+00:00;;0.0;0.0
2025-06-01 00:15:00+00:00;;0.0;0.0
2025-06-01 00:30:00+00:00;;0.0;0.0
2025-06-01 00:45:00+00:00;;0.0;0.0
2025-06-01 01:00:00+00:00;;0.0;0.0
2025-06-01 01:15:00+00:00;;0.0;0.0
2025-06-01 01:30:00+00:00;;0.0;0.0
2025-06-01 01:45:00+00:00;;0.0;0.0
2025-06-01 02:00:00+00:00;;0.0;0.0
2025-06-01 02:15:00+00:00;;0.0;0.0
2025-06-01 02:30:00+00:00;;0.0;0.0
2025-06-01 02:45:00+00:00;;0.0;0.0
2025-06-01 03:00:00+00:00;;0.0;0.0
2025-06-01 03:15:00+00:00;;0.0;0.0
2025-06-01 03:30:00+00:00;;0.0;0.0
2025-06-01 03:45:00+00:00;;0.0;0.0
2025-06-01 04:00:00+00:00;;0.0;0.0
2025-06-01 04:15:00+00:00;;0.0;0.0
2025-06-01 04:30:00+00:00;;0.0;0.0
2025-06-01 04:45:00+00:00;100.0;0.02;0.02
2025-06-01 05:00:00+00:00;100.0;0.056;0.056
2025-06-01 05:15:00+00:00;100.0;0.132;0.132
2025-06-01 05:30:00+00:00;100.0;0.112;0.112
2025-06-01 05:45:00+00:00;100.0;0.112;0.112
2025-06-01 06:00:00+00:00;100.0;0.112;0.112
2025-06-01 06:15:00+00:00;100.0;0.116;0.116
2025-06-01 06:30:00+00:00;100.0;0.16;0.16
2025-06-01 06:45:00+00:00;100.0;0.132;0.132
2025-06-01 07:00:00+00:00;100.0;0.128;0.128
2025-06-01 07:15:00+00:00;100.0;0.128;0.128
2025-06-01 07:30:00+00:00;100.0;0.156;0.156
2025-06-01 07:45:00+00:00;100.0;0.136;0.136
2025-06-01 08:00:00+00:00;100.0;0.128;0.128
2025-06-01 08:15:00+00:00;100.0;0.264;0.264
2025-06-01 08:30:00+00:00;100.0;0.172;0.172
2025-06-01 08:45:00+00:00;100.0;0.12;0.12
2025-06-01 09:00:00+00:00;100.0;0.248;0.248
2025-06-01 09:15:00+00:00;100.0;0.184;0.184
2025-06-01 09:30:00+00:00;100.0;0.14;0.14
2025-06-01 09:45:00+00:00;100.0;0.08;0.08
2025-06-01 10:00:00+00:00;100.0;0.08;0.08
2025-06-01 10:15:00+00:00;100.0;0.08;0.08
2025-06-01 10:30:00+00:00;100.0;0.124;0.124
2025-06-01 10:45:00+00:00;100.0;0.12;0.12
2025-06-01 11:00:00+00:00;100.0;0.084;0.084
2025-06-01 11:15:00+00:00;100.0;0.08;0.08
2025-06-01 11:30:00+00:00;100.0;0.112;0.112
2025-06-01 11:45:00+00:00;100.0;0.168;0.168
2025-06-01 12:00:00+00:00;100.0;0.108;0.108
2025-06-01 12:15:00+00:00;100.0;0.084;0.084
2025-06-01 12:30:00+00:00;100.0;0.1;0.1
2025-06-01 12:45:00+00:00;100.0;0.132;0.132
2025-06-01 13:00:00+00:00;100.0;0.116;0.116
2025-06-01 13:15:00+00:00;100.0;0.08;0.08
2025-06-01 13:30:00+00:00;100.0;0.092;0.092
2025-06-01 13:45:00+00:00;100.0;0.128;0.128
2025-06-01 14:00:00+00:00;100.0;0.136;0.136
2025-06-01 14:15:00+00:00;100.0;0.112;0.112
2025-06-01 14:30:00+00:00;100.0;0.08;0.08
2025-06-01 14:45:00+00:00;100.0;0.132;0.132
2025-06-01 15:00:00+00:00;100.0;0.128;0.128
2025-06-01 15:15:00+00:00;100.0;0.116;0.116
2025-06-01 15:30:00+00:00;100.0;0.104;0.104
2025-06-01 15:45:00+00:00;100.0;0.124;0.124
2025-06-01 16:00:00+00:00;100.0;0.152;0.152
2025-06-01 16:15:00+00:00;100.0;0.232;0.232
2025-06-01 16:30:00+00:00;100.0;0.164;0.164
2025-06-01 16:45:00+00:00;100.0;0.2;0.2
2025-06-01 17:00:00+00:00;100.0;0.172;0.172
2025-06-01 17:15:00+00:00;100.0;0.204;0.204
2025-06-01 17:30:00+00:00;100.0;1.044;1.044
2025-06-01 17:45:00+00:00;100.0;0.796;0.796
2025-06-01 18:00:00+00:00;100.0;0.276;0.276
2025-06-01 18:15:00+00:00;100.0;0.152;0.152
2025-06-01 18:30:00+00:00;100.0;0.004;0.004
2025-06-01 18:45:00+00:00;;0.0;0.0
2025-06-01 19:00:00+00:00;;0.0;0.0
2025-06-01 19:15:00+00:00;;0.0;0.0
2025-06-01 19:30:00+00:00;;0.0;0.0
2025-06-01 19:45:00+00:00;;0.0;0.0
2025-06-01 20:00:00+00:00;;0.0;0.0
2025-06-01 20:15:00+00:00;;0.0;0.0
2025-06-01 20:30:00+00:00;;0.0;0.0
2025-06-01 20:45:00+00:00;;0.0;0.0
2025-06-01 21:00:00+00:00;;0.0;0.0
2025-06-01 21:15:00+00:00;;0.0;0.0
2025-06-01 21:30:00+00:00;;0.0;0.0
2025-06-01 21:45:00+00:00;;0.0;0.0
2025-06-01 22:00:00+00:00;;0.0;0.0
2025-06-01 22:15:00+00:00;;0.0;0.0
2025-06-01 22:30:00+00:00;;0.0;0.0
2025-06-01 22:45:00+00:00;;0.0;0.0
2025-06-01 23:00:00+00:00;;0.0;0.0
2025-06-01 23:15:00+00:00;;0.0;0.0
2025-06-01 23:30:00+00:00;;0.0;0.0
2025-06-01 23:45:00+00:00;;0.0;0.0
2025-06-02 00:00:00+00:00;;0.0;0.0
2025-06-02 00:15:00+00:00;;0.0;0.0
2025-06-02 00:30:00+00:00;;0.0;0.0
2025-06-02 00:45:00+00:00;;0.0;0.0
2025-06-02 01:00:00+00:00;;0.0;0.0
2025-06-02 01:15:00+00:00;;0.0;0.0
2025-06-02 01:30:00+00:00;;0.0;0.0
2025-06-02 01:45:00+00:00;;0.0;0.0
2025-06-02 02:00:00+00:00;;0.0;0.0
2025-06-02 02:15:00+00:00;;0.0;0.0
2025-06-02 02:30:00+00:00;;0.0;0.0
2025-06-02 02:45:00+00:00;;0.0;0.0
2025-06-02 03:00:00+00:00;;0.0;0.0
2025-06-02 03:15:00+00:00;;0.0;0.0
2025-06-02 03:30:00+00:00;;0.0;0.0
2025-06-02 03:45:00+00:00;;0.0;0.0
2025-06-02 04:00:00+00:00;;0.0;0.0
2025-06-02 04:15:00+00:00;;0.0;0.0
2025-06-02 04:30:00+00:00;;0.0;0.0
2025-06-02 04:45:00+00:00;;0.0;0.0
2025-06-02 05:00:00+00:00;;0.0;0.0
2025-06-02 05:15:00+00:00;;0.0;0.0
2025-06-02 05:30:00+00:00;100.0;0.096;0.096
2025-06-02 05:45:00+00:00;100.0;0.1;0.1
2025-06-02 06:00:00+00:00;100.0;0.024;0.024
2025-06-02 06:15:00+00:00;100.0;0.012;0.012
2025-06-02 06:30:00+00:00;100.0;0.3;0.3
2025-06-02 06:45:00+00:00;100.0;0.332;0.332
2025-06-02 07:00:00+00:00;100.0;0.416;0.416
2025-06-02 07:15:00+00:00;100.0;0.536;0.536
2025-06-02 07:30:00+00:00;100.0;0.472;0.472
2025-06-02 07:45:00+00:00;100.0;0.644;0.644
2025-06-02 08:00:00+00:00;100.0;0.48;0.48
2025-06-02 08:15:00+00:00;100.0;0.284;0.284
2025-06-02 08:30:00+00:00;100.0;0.272;0.272
2025-06-02 08:45:00+00:00;100.0;0.312;0.312
2025-06-02 09:00:00+00:00;100.0;0.368;0.368
2025-06-02 09:15:00+00:00;100.0;0.32;0.32
2025-06-02 09:30:00+00:00;100.0;1.496;1.496
2025-06-02 09:45:00+00:00;100.0;1.28;1.28
2025-06-02 10:00:00+00:00;100.0;2.86;2.86
2025-06-02 10:15:00+00:00;100.0;1.784;1.784
2025-06-02 10:30:00+00:00;100.0;1.992;1.992
2025-06-02 10:45:00+00:00;100.0;2.284;2.284
2025-06-02 11:00:00+00:00;100.0;0.44;0.44
2025-06-02 11:15:00+00:00;100.0;0.236;0.236
2025-06-02 11:30:00+00:00;100.0;0.22;0.22
2025-06-02 11:45:00+00:00;100.0;0.276;0.276
2025-06-02 12:00:00+00:00;100.0;0.308;0.308
2025-06-02 12:15:00+00:00;100.0;0.272;0.272
2025-06-02 12:30:00+00:00;100.0;0.288;0.288
2025-06-02 12:45:00+00:00;100.0;0.148;0.148
2025-06-02 13:00:00+00:00;100.0;0.148;0.148
2025-06-02 13:15:00+00:00;100.0;0.156;0.156
2025-06-02 13:30:00+00:00;100.0;0.444;0.444
2025-06-02 13:45:00+00:00;100.0;2.7;2.7
2025-06-02 14:00:00+00:00;100.0;3.252;3.252
2025-06-02 14:15:00+00:00;100.0;1.38;1.38
2025-06-02 14:30:00+00:00;100.0;1.26;1.26
2025-06-02 14:45:00+00:00;100.0;1.4;1.4
2025-06-02 15:00:00+00:00;100.0;1.632;1.632
2025-06-02 15:15:00+00:00;100.0;0.612;0.612
2025-06-02 15:30:00+00:00;100.0;0.224;0.224
2025-06-02 15:45:00+00:00;100.0;0.22;0.22
2025-06-02 16:00:00+00:00;100.0;0.212;0.212
2025-06-02 16:15:00+00:00;100.0;0.14;0.14
2025-06-02 16:30:00+00:00;100.0;0.148;0.148
2025-06-02 16:45:00+00:00;100.0;0.14;0.14
2025-06-02 17:00:00+00:00;100.0;0.304;0.304
2025-06-02 17:15:00+00:00;100.0;0.148;0.148
2025-06-02 17:30:00+00:00;100.0;0.572;0.572
2025-06-02 17:45:00+00:00;100.0;0.968;0.968
2025-06-02 18:00:00+00:00;100.0;0.812;0.812
2025-06-02 18:15:00+00:00;100.0;0.312;0.312
2025-06-02 18:30:00+00:00;100.0;0.3;0.3
2025-06-02 18:45:00+00:00;100.0;0.184;0.184
2025-06-02 19:00:00+00:00;;0.0;0.0
2025-06-02 19:15:00+00:00;;0.0;0.0
2025-06-02 19:30:00+00:00;;0.0;0.0
2025-06-02 19:45:00+00:00;;0.0;0.0
2025-06-02 20:00:00+00:00;;0.0;0.0
2025-06-02 20:15:00+00:00;;0.0;0.0
2025-06-02 20:30:00+00:00;;0.0;0.0
2025-06-02 20:45:00+00:00;;0.0;0.0
2025-06-02 21:00:00+00:00;;0.0;0.0
2025-06-02 21:15:00+00:00;;0.0;0.0
2025-06-02 21:30:00+00:00;;0.0;0.0
2025-06-02 21:45:00+00:00;;0.0;0.0
2025-06-02 22:00:00+00:00;;0.0;0.0
2025-06-02 22:15:00+00:00;;0.0;0.0
2025-06-02 22:30:00+00:00;;0.0;0.0
2025-06-02 22:45:00+00:00;;0.0;0.0
2025-06-02 23:00:00+00:00;;0.0;0.0
2025-06-02 23:15:00+00:00;;0.0;0.0
2025-06-02 23:30:00+00:00;;0.0;0.0
2025-06-02 23:45:00+00:00;;0.0;0.0
2025-06-03 00:00:00+00:00;;0.0;0.0
2025-06-03 00:15:00+00:00;;0.0;0.0
2025-06-03 00:30:00+00:00;;0.0;0.0
2025-06-03 00:45:00+00:00;;0.0;0.0
2025-06-03 01:00:00+00:00;;0.0;0.0
2025-06-03 01:15:00+00:00;;0.0;0.0
2025-06-03 01:30:00+00:00;;0.0;0.0
2025-06-03 01:45:00+00:00;;0.0;0.0
2025-06-03 02:00:00+00:00;;0.0;0.0
2025-06-03 02:15:00+00:00;;0.0;0.0
2025-06-03 02:30:00+00:00;;0.0;0.0
2025-06-03 02:45:00+00:00;;0.0;0.0
2025-06-03 03:00:00+00:00;;0.0;0.0
2025-06-03 03:15:00+00:00;;0.0;0.0
2025-06-03 03:30:00+00:00;;0.0;0.0
2025-06-03 03:45:00+00:00;;0.0;0.0
2025-06-03 04:00:00+00:00;100.0;0.02;0.02
2025-06-03 04:15:00+00:00;100.0;0.192;0.192
2025-06-03 04:30:00+00:00;100.0;0.392;0.392
2025-06-03 04:45:00+00:00;100.0;0.188;0.188
2025-06-03 05:00:00+00:00;;0.0;0.0
2025-06-03 05:15:00+00:00;100.0;0.344;0.344
2025-06-03 05:30:00+00:00;100.0;0.288;0.288
2025-06-03 05:45:00+00:00;100.0;0.368;0.368
2025-06-03 06:00:00+00:00;100.0;0.332;0.332
2025-06-03 06:15:00+00:00;100.0;0.268;0.268
2025-06-03 06:30:00+00:00;100.0;0.268;0.268
2025-06-03 06:45:00+00:00;100.0;0.296;0.296
2025-06-03 07:00:00+00:00;100.0;0.556;0.556
2025-06-03 07:15:00+00:00;100.0;1.528;1.528
2025-06-03 07:30:00+00:00;100.0;0.264;0.264
2025-06-03 07:45:00+00:00;100.0;0.204;0.204
2025-06-03 08:00:00+00:00;100.0;0.236;0.236
2025-06-03 08:15:00+00:00;100.0;0.928;0.928
2025-06-03 08:30:00+00:00;100.0;0.296;0.296
2025-06-03 08:45:00+00:00;100.0;0.36;0.36
2025-06-03 09:00:00+00:00;100.0;2.124;2.124
2025-06-03 09:15:00+00:00;100.0;2.8;2.8
2025-06-03 09:30:00+00:00;100.0;1.792;1.792
2025-06-03 09:45:00+00:00;100.0;2.14;2.14
2025-06-03 10:00:00+00:00;100.0;1.3;1.3
2025-06-03 10:15:00+00:00;100.0;1.064;1.064
2025-06-03 10:30:00+00:00;100.0;0.324;0.324
2025-06-03 10:45:00+00:00;100.0;0.364;0.364
2025-06-03 11:00:00+00:00;100.0;1.76;1.76
2025-06-03 11:15:00+00:00;100.0;0.204;0.204
2025-06-03 11:30:00+00:00;100.0;0.252;0.252
2025-06-03 11:45:00+00:00;100.0;0.38;0.38
2025-06-03 12:00:00+00:00;100.0;0.456;0.456
2025-06-03 12:15:00+00:00;100.0;0.384;0.384
2025-06-03 12:30:00+00:00;100.0;1.412;1.412
2025-06-03 12:45:00+00:00;100.0;0.244;0.244
2025-06-03 13:00:00+00:00;100.0;0.2;0.2
2025-06-03 13:15:00+00:00;100.0;0.196;0.196
2025-06-03 13:30:00+00:00;100.0;0.256;0.256
2025-06-03 13:45:00+00:00;100.0;0.208;0.208
2025-06-03 14:00:00+00:00;100.0;0.148;0.148
2025-06-03 14:15:00+00:00;100.0;0.196;0.196
2025-06-03 14:30:00+00:00;100.0;0.216;0.216
2025-06-03 14:45:00+00:00;100.0;0.232;0.232
2025-06-03 15:00:00+00:00;100.0;0.136;0.136
2025-06-03 15:15:00+00:00;100.0;0.132;0.132
2025-06-03 15:30:00+00:00;100.0;0.128;0.128
2025-06-03 15:45:00+00:00;100.0;0.996;0.996
2025-06-03 16:00:00+00:00;100.0;0.148;0.148
2025-06-03 16:15:00+00:00;100.0;0.156;0.156
2025-06-03 16:30:00+00:00;100.0;1.148;1.148
2025-06-03 16:45:00+00:00;100.0;0.76;0.76
2025-06-03 17:00:00+00:00;100.0;0.416;0.416
2025-06-03 17:15:00+00:00;100.0;0.208;0.208
2025-06-03 17:30:00+00:00;100.0;0.568;0.568
2025-06-03 17:45:00+00:00;100.0;0.5;0.5
2025-06-03 18:00:00+00:00;100.0;0.264;0.264
2025-06-03 18:15:00+00:00;100.0;0.072;0.072
2025-06-03 18:30:00+00:00;100.0;0.024;0.024
2025-06-03 18:45:00+00:00;;0.0;0.0
2025-06-03 19:00:00+00:00;;0.0;0.0
2025-06-03 19:15:00+00:00;;0.0;0.0
2025-06-03 19:30:00+00:00;;0.0;0.0
2025-06-03 19:45:00+00:00;;0.0;0.0
2025-06-03 20:00:00+00:00;;0.0;0.0
2025-06-03 20:15:00+00:00;;0.0;0.0
2025-06-03 20:30:00+00:00;;0.0;0.0
2025-06-03 20:45:00+00:00;;0.0;0.0
2025-06-03 21:00:00+00:00;;0.0;0.0
2025-06-03 21:15:00+00:00;;0.0;0.0
2025-06-03 21:30:00+00:00;;0.0;0.0
2025-06-03 21:45:00+00:00;;0.0;0.0
2025-06-03 22:00:00+00:00;;0.0;0.0
2025-06-03 22:15:00+00:00;;0.0;0.0
2025-06-03 22:30:00+00:00;;0.0;0.0
2025-06-03 22:45:00+00:00;;0.0;0.0
2025-06-03 23:00:00+00:00;;0.0;0.0
2025-06-03 23:15:00+00:00;;0.0;0.0
2025-06-03 23:30:00+00:00;;0.0;0.0
2025-06-03 23:45:00+00:00;;0.0;0.0
2025-06-04 00:00:00+00:00;;0.0;0.0
2025-06-04 00:15:00+00:00;;0.0;0.0
2025-06-04 00:30:00+00:00;;0.0;0.0
2025-06-04 00:45:00+00:00;;0.0;0.0
2025-06-04 01:00:00+00:00;;0.0;0.0
2025-06-04 01:15:00+00:00;;0.0;0.0
2025-06-04 01:30:00+00:00;;0.0;0.0
2025-06-04 01:45:00+00:00;;0.0;0.0
2025-06-04 02:00:00+00:00;;0.0;0.0
2025-06-04 02:15:00+00:00;;0.0;0.0
2025-06-04 02:30:00+00:00;;0.0;0.0
2025-06-04 02:45:00+00:00;;0.0;0.0
2025-06-04 03:00:00+00:00;;0.0;0.0
2025-06-04 03:15:00+00:00;;0.0;0.0
2025-06-04 03:30:00+00:00;;0.0;0.0
2025-06-04 03:45:00+00:00;;0.0;0.0
2025-06-04 04:00:00+00:00;;0.0;0.0
2025-06-04 04:15:00+00:00;;0.0;0.0
2025-06-04 04:30:00+00:00;;0.0;0.0
2025-06-04 04:45:00+00:00;;0.0;0.0
2025-06-04 05:00:00+00:00;100.0;0.008;0.008
2025-06-04 05:15:00+00:00;100.0;0.02;0.02
2025-06-04 05:30:00+00:00;;0.0;0.0
2025-06-04 05:45:00+00:00;;0.0;0.0
2025-06-04 06:00:00+00:00;100.0;0.028;0.028
2025-06-04 06:15:00+00:00;100.0;0.22;0.22
2025-06-04 06:30:00+00:00;100.0;0.128;0.128
2025-06-04 06:45:00+00:00;100.0;0.296;0.296
2025-06-04 07:00:00+00:00;100.0;0.216;0.216
2025-06-04 07:15:00+00:00;100.0;0.22;0.22
2025-06-04 07:30:00+00:00;100.0;0.248;0.248
2025-06-04 07:45:00+00:00;100.0;0.24;0.24
2025-06-04 08:00:00+00:00;100.0;0.196;0.196
2025-06-04 08:15:00+00:00;100.0;0.2;0.2
2025-06-04 08:30:00+00:00;100.0;0.236;0.236
2025-06-04 08:45:00+00:00;100.0;0.22;0.22
2025-06-04 09:00:00+00:00;100.0;0.216;0.216
2025-06-04 09:15:00+00:00;100.0;0.264;0.264
2025-06-04 09:30:00+00:00;100.0;0.216;0.216
2025-06-04 09:45:00+00:00;100.0;0.26;0.26
2025-06-04 10:00:00+00:00;100.0;0.244;0.244
2025-06-04 10:15:00+00:00;100.0;0.228;0.228
2025-06-04 10:30:00+00:00;100.0;0.232;0.232
2025-06-04 10:45:00+00:00;100.0;0.252;0.252
2025-06-04 11:00:00+00:00;100.0;0.268;0.268
2025-06-04 11:15:00+00:00;100.0;0.252;0.252
2025-06-04 11:30:00+00:00;100.0;0.248;0.248
2025-06-04 11:45:00+00:00;100.0;0.268;0.268
2025-06-04 12:00:00+00:00;100.0;0.248;0.248
2025-06-04 12:15:00+00:00;100.0;0.244;0.244
2025-06-04 12:30:00+00:00;100.0;0.556;0.556
2025-06-04 12:45:00+00:00;100.0;2.064;2.064
2025-06-04 13:00:00+00:00;100.0;0.308;0.308
2025-06-04 13:15:00+00:00;100.0;1.056;1.056
2025-06-04 13:30:00+00:00;100.0;1.232;1.232
2025-06-04 13:45:00+00:00;100.0;0.348;0.348
2025-06-04 14:00:00+00:00;100.0;0.304;0.304
2025-06-04 14:15:00+00:00;100.0;0.216;0.216
2025-06-04 14:30:00+00:00;100.0;1.78;1.78
2025-06-04 14:45:00+00:00;100.0;2.552;2.552
2025-06-04 15:00:00+00:00;100.0;1.96;1.96
2025-06-04 15:15:00+00:00;100.0;0.352;0.352
2025-06-04 15:30:00+00:00;100.0;0.316;0.316
2025-06-04 15:45:00+00:00;100.0;0.3;0.3
2025-06-04 16:00:00+00:00;100.0;0.336;0.336
2025-06-04 16:15:00+00:00;100.0;0.436;0.436
2025-06-04 16:30:00+00:00;100.0;0.196;0.196
2025-06-04 16:45:00+00:00;100.0;0.26;0.26
2025-06-04 17:00:00+00:00;100.0;0.252;0.252
2025-06-04 17:15:00+00:00;100.0;0.176;0.176
2025-06-04 17:30:00+00:00;100.0;0.148;0.148
2025-06-04 17:45:00+00:00;100.0;0.34;0.34
2025-06-04 18:00:00+00:00;100.0;0.216;0.216
2025-06-04 18:15:00+00:00;100.0;0.024;0.024
2025-06-04 18:30:00+00:00;;0.0;0.0
2025-06-04 18:45:00+00:00;;0.0;0.0
2025-06-04 19:00:00+00:00;;0.0;0.0
2025-06-04 19:15:00+00:00;;0.0;0.0
2025-06-04 19:30:00+00:00;;0.0;0.0
2025-06-04 19:45:00+00:00;;0.0;0.0
2025-06-04 20:00:00+00:00;;0.0;0.0
2025-06-04 20:15:00+00:00;;0.0;0.0
2025-06-04 20:30:00+00:00;;0.0;0.0
2025-06-04 20:45:00+00:00;;0.0;0.0
2025-06-04 21:00:00+00:00;;0.0;0.0
2025-06-04 21:15:00+00:00;;0.0;0.0
2025-06-04 21:30:00+00:00;;0.0;0.0
2025-06-04 21:45:00+00:00;;0.0;0.0
2025-06-04 22:00:00+00:00;;0.0;0.0
2025-06-04 22:15:00+00:00;;0.0;0.0
2025-06-04 22:30:00+00:00;;0.0;0.0
2025-06-04 22:45:00+00:00;;0.0;0.0
2025-06-04 23:00:00+00:00;;0.0;0.0
2025-06-04 23:15:00+00:00;;0.0;0.0
2025-06-04 23:30:00+00:00;;0.0;0.0
2025-06-04 23:45:00+00:00;;0.0;0.0
2025-06-05 00:00:00+00:00;;0.0;0.0
2025-06-05 00:15:00+00:00;;0.0;0.0
2025-06-05 00:30:00+00:00;;0.0;0.0
2025-06-05 00:45:00+00:00;;0.0;0.0
2025-06-05 01:00:00+00:00;;0.0;0.0
2025-06-05 01:15:00+00:00;;0.0;0.0
2025-06-05 01:30:00+00:00;;0.0;0.0
2025-06-05 01:45:00+00:00;;0.0;0.0
2025-06-05 02:00:00+00:00;;0.0;0.0
2025-06-05 02:15:00+00:00;;0.0;0.0
2025-06-05 02:30:00+00:00;;0.0;0.0
2025-06-05 02:45:00+00:00;;0.0;0.0
2025-06-05 03:00:00+00:00;;0.0;0.0
2025-06-05 03:15:00+00:00;;0.0;0.0
2025-06-05 03:30:00+00:00;;0.0;0.0
2025-06-05 03:45:00+00:00;;0.0;0.0
2025-06-05 04:00:00+00:00;;0.0;0.0
2025-06-05 04:15:00+00:00;100.0;0.012;0.012
2025-06-05 04:30:00+00:00;100.0;0.456;0.456
2025-06-05 04:45:00+00:00;100.0;0.288;0.288
2025-06-05 05:00:00+00:00;100.0;0.152;0.152
2025-06-05 05:15:00+00:00;100.0;0.132;0.132
2025-06-05 05:30:00+00:00;100.0;0.232;0.232
2025-06-05 05:45:00+00:00;100.0;0.192;0.192
2025-06-05 06:00:00+00:00;100.0;0.296;0.296
2025-06-05 06:15:00+00:00;100.0;0.328;0.328
2025-06-05 06:30:00+00:00;100.0;0.684;0.684
2025-06-05 06:45:00+00:00;100.0;1.544;1.544
2025-06-05 07:00:00+00:00;100.0;0.324;0.324
2025-06-05 07:15:00+00:00;100.0;0.344;0.344
2025-06-05 07:30:00+00:00;100.0;0.344;0.344
2025-06-05 07:45:00+00:00;100.0;0.332;0.332
2025-06-05 08:00:00+00:00;100.0;0.328;0.328
2025-06-05 08:15:00+00:00;100.0;1.984;1.984
2025-06-05 08:30:00+00:00;100.0;1.536;1.536
2025-06-05 08:45:00+00:00;100.0;0.072;0.072
2025-06-05 09:00:00+00:00;100.0;0.92;0.92
2025-06-05 09:15:00+00:00;100.0;1.576;1.576
2025-06-05 09:30:00+00:00;100.0;1.608;1.608
2025-06-05 09:45:00+00:00;100.0;0.756;0.756
2025-06-05 10:00:00+00:00;100.0;0.22;0.22
2025-06-05 10:15:00+00:00;100.0;0.152;0.152
2025-06-05 10:30:00+00:00;100.0;0.164;0.164
2025-06-05 10:45:00+00:00;100.0;0.172;0.172
2025-06-05 11:00:00+00:00;100.0;0.164;0.164
2025-06-05 11:15:00+00:00;100.0;0.152;0.152
2025-06-05 11:30:00+00:00;100.0;0.136;0.136
2025-06-05 11:45:00+00:00;100.0;0.232;0.232
2025-06-05 12:00:00+00:00;100.0;0.26;0.26
2025-06-05 12:15:00+00:00;100.0;0.24;0.24
2025-06-05 12:30:00+00:00;100.0;0.804;0.804
2025-06-05 12:45:00+00:00;100.0;1.244;1.244
2025-06-05 13:00:00+00:00;100.0;0.66;0.66
2025-06-05 13:15:00+00:00;100.0;0.864;0.864
2025-06-05 13:30:00+00:00;100.0;0.852;0.852
2025-06-05 13:45:00+00:00;100.0;0.28;0.28
2025-06-05 14:00:00+00:00;100.0;0.288;0.288
2025-06-05 14:15:00+00:00;100.0;0.66;0.66
2025-06-05 14:30:00+00:00;100.0;2.028;2.028
2025-06-05 14:45:00+00:00;100.0;0.168;0.168
2025-06-05 15:00:00+00:00;100.0;0.176;0.176
2025-06-05 15:15:00+00:00;100.0;0.196;0.196
2025-06-05 15:30:00+00:00;100.0;0.168;0.168
2025-06-05 15:45:00+00:00;100.0;0.136;0.136
2025-06-05 16:00:00+00:00;100.0;0.44;0.44
2025-06-05 16:15:00+00:00;100.0;0.328;0.328
2025-06-05 16:30:00+00:00;100.0;0.176;0.176
2025-06-05 16:45:00+00:00;100.0;0.172;0.172
2025-06-05 17:00:00+00:00;100.0;0.156;0.156
2025-06-05 17:15:00+00:00;100.0;0.296;0.296
2025-06-05 17:30:00+00:00;100.0;0.22;0.22
2025-06-05 17:45:00+00:00;100.0;0.076;0.076
2025-06-05 18:00:00+00:00;;0.0;0.0
2025-06-05 18:15:00+00:00;;0.0;0.0
2025-06-05 18:30:00+00:00;;0.0;0.0
2025-06-05 18:45:00+00:00;;0.0;0.0
2025-06-05 19:00:00+00:00;;0.0;0.0
2025-06-05 19:15:00+00:00;;0.0;0.0
2025-06-05 19:30:00+00:00;;0.0;0.0
2025-06-05 19:45:00+00:00;;0.0;0.0
2025-06-05 20:00:00+00:00;;0.0;0.0
2025-06-05 20:15:00+00:00;;0.0;0.0
2025-06-05 20:30:00+00:00;;0.0;0.0
2025-06-05 20:45:00+00:00;;0.0;0.0
2025-06-05 21:00:00+00:00;;0.0;0.0
2025-06-05 21:15:00+00:00;;0.0;0.0
2025-06-05 21:30:00+00:00;;0.0;0.0
2025-06-05 21:45:00+00:00;;0.0;0.0
2025-06-05 22:00:00+00:00;;0.0;0.0
2025-06-05 22:15:00+00:00;;0.0;0.0
2025-06-05 22:30:00+00:00;;0.0;0.0
2025-06-05 22:45:00+00:00;;0.0;0.0
2025-06-05 23:00:00+00:00;;0.0;0.0
2025-06-05 23:15:00+00:00;;0.0;0.0
2025-06-05 23:30:00+00:00;;0.0;0.0
2025-06-05 23:45:00+00:00;;0.0;0.0
2025-06-06 00:00:00+00:00;;0.0;0.0
2025-06-06 00:15:00+00:00;;0.0;0.0
2025-06-06 00:30:00+00:00;;0.0;0.0
2025-06-06 00:45:00+00:00;;0.0;0.0
2025-06-06 01:00:00+00:00;;0.0;0.0
2025-06-06 01:15:00+00:00;;0.0;0.0
2025-06-06 01:30:00+00:00;;0.0;0.0
2025-06-06 01:45:00+00:00;;0.0;0.0
2025-06-06 02:00:00+00:00;;0.0;0.0
2025-06-06 02:15:00+00:00;;0.0;0.0
2025-06-06 02:30:00+00:00;;0.0;0.0
2025-06-06 02:45:00+00:00;;0.0;0.0
2025-06-06 03:00:00+00:00;;0.0;0.0
2025-06-06 03:15:00+00:00;;0.0;0.0
2025-06-06 03:30:00+00:00;;0.0;0.0
2025-06-06 03:45:00+00:00;;0.0;0.0
2025-06-06 04:00:00+00:00;;0.0;0.0
2025-06-06 04:15:00+00:00;;0.0;0.0
2025-06-06 04:30:00+00:00;;0.0;0.0
2025-06-06 04:45:00+00:00;100.0;0.008;0.008
2025-06-06 05:00:00+00:00;100.0;0.1;0.1
2025-06-06 05:15:00+00:00;100.0;0.228;0.228
2025-06-06 05:30:00+00:00;100.0;0.128;0.128
2025-06-06 05:45:00+00:00;100.0;0.52;0.52
2025-06-06 06:00:00+00:00;100.0;0.34;0.34
2025-06-06 06:15:00+00:00;100.0;0.184;0.184
2025-06-06 06:30:00+00:00;100.0;0.176;0.176
2025-06-06 06:45:00+00:00;100.0;0.196;0.196
2025-06-06 07:00:00+00:00;100.0;0.204;0.204
2025-06-06 07:15:00+00:00;100.0;0.2;0.2
2025-06-06 07:30:00+00:00;100.0;0.236;0.236
2025-06-06 07:45:00+00:00;100.0;0.124;0.124
2025-06-06 08:00:00+00:00;100.0;0.812;0.812
2025-06-06 08:15:00+00:00;100.0;0.628;0.628
2025-06-06 08:30:00+00:00;100.0;0.28;0.28
2025-06-06 08:45:00+00:00;100.0;0.304;0.304
2025-06-06 09:00:00+00:00;100.0;0.212;0.212
2025-06-06 09:15:00+00:00;100.0;0.684;0.684
2025-06-06 09:30:00+00:00;100.0;1.676;1.676
2025-06-06 09:45:00+00:00;100.0;0.916;0.916
2025-06-06 10:00:00+00:00;100.0;1.044;1.044
2025-06-06 10:15:00+00:00;100.0;0.188;0.188
2025-06-06 10:30:00+00:00;100.0;0.212;0.212
2025-06-06 10:45:00+00:00;100.0;1.28;1.28
2025-06-06 11:00:00+00:00;100.0;1.232;1.232
2025-06-06 11:15:00+00:00;100.0;0.848;0.848
2025-06-06 11:30:00+00:00;100.0;0.884;0.884
2025-06-06 11:45:00+00:00;100.0;0.792;0.792
2025-06-06 12:00:00+00:00;100.0;0.244;0.244
2025-06-06 12:15:00+00:00;100.0;0.2;0.2
2025-06-06 12:30:00+00:00;100.0;0.616;0.616
2025-06-06 12:45:00+00:00;100.0;1.928;1.928
2025-06-06 13:00:00+00:00;100.0;0.16;0.16
2025-06-06 13:15:00+00:00;100.0;0.176;0.176
2025-06-06 13:30:00+00:00;100.0;0.132;0.132
2025-06-06 13:45:00+00:00;100.0;0.152;0.152
2025-06-06 14:00:00+00:00;100.0;0.212;0.212
2025-06-06 14:15:00+00:00;100.0;0.18;0.18
2025-06-06 14:30:00+00:00;100.0;0.184;0.184
2025-06-06 14:45:00+00:00;100.0;0.116;0.116
2025-06-06 15:00:00+00:00;100.0;0.128;0.128
2025-06-06 15:15:00+00:00;100.0;0.172;0.172
2025-06-06 15:30:00+00:00;100.0;0.136;0.136
2025-06-06 15:45:00+00:00;100.0;0.14;0.14
2025-06-06 16:00:00+00:00;100.0;0.58;0.58
2025-06-06 16:15:00+00:00;100.0;1.144;1.144
2025-06-06 16:30:00+00:00;100.0;0.212;0.212
2025-06-06 16:45:00+00:00;100.0;0.552;0.552
2025-06-06 17:00:00+00:00;100.0;0.404;0.404
2025-06-06 17:15:00+00:00;100.0;0.18;0.18
2025-06-06 17:30:00+00:00;100.0;0.016;0.016
2025-06-06 17:45:00+00:00;100.0;0.104;0.104
2025-06-06 18:00:00+00:00;;0.0;0.0
2025-06-06 18:15:00+00:00;100.0;0.012;0.012
2025-06-06 18:30:00+00:00;;0.0;0.0
2025-06-06 18:45:00+00:00;;0.0;0.0
2025-06-06 19:00:00+00:00;;0.0;0.0
2025-06-06 19:15:00+00:00;;0.0;0.0
2025-06-06 19:30:00+00:00;;0.0;0.0
2025-06-06 19:45:00+00:00;;0.0;0.0
2025-06-06 20:00:00+00:00;;0.0;0.0
2025-06-06 20:15:00+00:00;;0.0;0.0
2025-06-06 20:30:00+00:00;;0.0;0.0
2025-06-06 20:45:00+00:00;;0.0;0.0
2025-06-06 21:00:00+00:00;;0.0;0.0
2025-06-06 21:15:00+00:00;;0.0;0.0
2025-06-06 21:30:00+00:00;;0.0;0.0
2025-06-06 21:45:00+00:00;;0.0;0.0
2025-06-06 22:00:00+00:00;;0.0;0.0
2025-06-06 22:15:00+00:00;;0.0;0.0
2025-06-06 22:30:00+00:00;;0.0;0.0
2025-06-06 22:45:00+00:00;;0.0;0.0
2025-06-06 23:00:00+00:00;;0.0;0.0
2025-06-06 23:15:00+00:00;;0.0;0.0
2025-06-06 23:30:00+00:00;;0.0;0.0
2025-06-06 23:45:00+00:00;;0.0;0.0
2025-06-07 00:00:00+00:00;;0.0;0.0
2025-06-07 00:15:00+00:00;;0.0;0.0
2025-06-07 00:30:00+00:00;;0.0;0.0
2025-06-07 00:45:00+00:00;;0.0;0.0
2025-06-07 01:00:00+00:00;;0.0;0.0
2025-06-07 01:15:00+00:00;;0.0;0.0
2025-06-07 01:30:00+00:00;;0.0;0.0
2025-06-07 01:45:00+00:00;;0.0;0.0
2025-06-07 02:00:00+00:00;;0.0;0.0
2025-06-07 02:15:00+00:00;;0.0;0.0
2025-06-07 02:30:00+00:00;;0.0;0.0
2025-06-07 02:45:00+00:00;;0.0;0.0
2025-06-07 03:00:00+00:00;;0.0;0.0
2025-06-07 03:15:00+00:00;;0.0;0.0
2025-06-07 03:30:00+00:00;;0.0;0.0
2025-06-07 03:45:00+00:00;;0.0;0.0
2025-06-07 04:00:00+00:00;100.0;0.092;0.092
2025-06-07 04:15:00+00:00;100.0;0.072;0.072
2025-06-07 04:30:00+00:00;;0.0;0.0
2025-06-07 04:45:00+00:00;100.0;0.024;0.024
2025-06-07 05:00:00+00:00;100.0;0.152;0.152
2025-06-07 05:15:00+00:00;100.0;0.148;0.148
2025-06-07 05:30:00+00:00;100.0;0.268;0.268
2025-06-07 05:45:00+00:00;100.0;0.16;0.16
2025-06-07 06:00:00+00:00;100.0;0.144;0.144
2025-06-07 06:15:00+00:00;100.0;0.196;0.196
2025-06-07 06:30:00+00:00;100.0;1.084;1.084
2025-06-07 06:45:00+00:00;100.0;0.232;0.232
2025-06-07 07:00:00+00:00;100.0;0.928;0.928
2025-06-07 07:15:00+00:00;100.0;1.12;1.12
2025-06-07 07:30:00+00:00;100.0;0.376;0.376
2025-06-07 07:45:00+00:00;100.0;0.332;0.332
2025-06-07 08:00:00+00:00;100.0;0.276;0.276
2025-06-07 08:15:00+00:00;100.0;1.8;1.8
2025-06-07 08:30:00+00:00;100.0;0.876;0.876
2025-06-07 08:45:00+00:00;100.0;0.268;0.268
2025-06-07 09:00:00+00:00;100.0;0.316;0.316
2025-06-07 09:15:00+00:00;100.0;0.24;0.24
2025-06-07 09:30:00+00:00;100.0;0.224;0.224
2025-06-07 09:45:00+00:00;100.0;0.256;0.256
2025-06-07 10:00:00+00:00;100.0;0.22;0.22
2025-06-07 10:15:00+00:00;100.0;0.124;0.124
2025-06-07 10:30:00+00:00;100.0;0.212;0.212
2025-06-07 10:45:00+00:00;100.0;0.328;0.328
2025-06-07 11:00:00+00:00;100.0;0.148;0.148
2025-06-07 11:15:00+00:00;100.0;0.176;0.176
2025-06-07 11:30:00+00:00;100.0;1.148;1.148
2025-06-07 11:45:00+00:00;100.0;1.296;1.296
2025-06-07 12:00:00+00:00;100.0;0.848;0.848
2025-06-07 12:15:00+00:00;100.0;0.148;0.148
2025-06-07 12:30:00+00:00;100.0;0.128;0.128
2025-06-07 12:45:00+00:00;100.0;0.16;0.16
2025-06-07 13:00:00+00:00;100.0;0.22;0.22
2025-06-07 13:15:00+00:00;100.0;0.24;0.24
2025-06-07 13:30:00+00:00;100.0;0.188;0.188
2025-06-07 13:45:00+00:00;100.0;0.184;0.184
2025-06-07 14:00:00+00:00;100.0;0.284;0.284
2025-06-07 14:15:00+00:00;100.0;0.22;0.22
2025-06-07 14:30:00+00:00;100.0;0.2;0.2
2025-06-07 14:45:00+00:00;100.0;0.2;0.2
2025-06-07 15:00:00+00:00;100.0;0.224;0.224
2025-06-07 15:15:00+00:00;100.0;0.176;0.176
2025-06-07 15:30:00+00:00;100.0;0.168;0.168
2025-06-07 15:45:00+00:00;100.0;0.14;0.14
2025-06-07 16:00:00+00:00;100.0;0.252;0.252
2025-06-07 16:15:00+00:00;100.0;0.772;0.772
2025-06-07 16:30:00+00:00;100.0;0.404;0.404
2025-06-07 16:45:00+00:00;100.0;0.184;0.184
2025-06-07 17:00:00+00:00;100.0;0.264;0.264
2025-06-07 17:15:00+00:00;100.0;0.204;0.204
2025-06-07 17:30:00+00:00;100.0;0.212;0.212
2025-06-07 17:45:00+00:00;100.0;0.008;0.008
2025-06-07 18:00:00+00:00;100.0;0.228;0.228
2025-06-07 18:15:00+00:00;100.0;0.096;0.096
2025-06-07 18:30:00+00:00;100.0;0.012;0.012
2025-06-07 18:45:00+00:00;100.0;0.004;0.004
2025-06-07 19:00:00+00:00;;0.0;0.0
2025-06-07 19:15:00+00:00;;0.0;0.0
2025-06-07 19:30:00+00:00;;0.0;0.0
2025-06-07 19:45:00+00:00;;0.0;0.0
2025-06-07 20:00:00+00:00;;0.0;0.0
2025-06-07 20:15:00+00:00;;0.0;0.0
2025-06-07 20:30:00+00:00;;0.0;0.0
2025-06-07 20:45:00+00:00;;0.0;0.0
2025-06-07 21:00:00+00:00;;0.0;0.0
2025-06-07 21:15:00+00:00;;0.0;0.0
2025-06-07 21:30:00+00:00;;0.0;0.0
2025-06-07 21:45:00+00:00;;0.0;0.0
2025-06-07 22:00:00+00:00;;0.0;0.0
2025-06-07 22:15:00+00:00;;0.0;0.0
2025-06-07 22:30:00+00:00;;0.0;0.0
2025-06-07 22:45:00+00:00;;0.0;0.0
2025-06-07 23:00:00+00:00;;0.0;0.0
2025-06-07 23:15:00+00:00;;0.0;0.0
2025-06-07 23:30:00+00:00;;0.0;0.0
2025-06-07 23:45:00+00:00;;0.0;0.0
2025-06-08 00:00:00+00:00;;0.0;0.0
2025-06-08 00:15:00+00:00;;0.0;0.0
2025-06-08 00:30:00+00:00;;0.0;0.0
2025-06-08 00:45:00+00:00;;0.0;0.0
2025-06-08 01:00:00+00:00;;0.0;0.0
2025-06-08 01:15:00+00:00;;0.0;0.0
2025-06-08 01:30:00+00:00;;0.0;0.0
2025-06-08 01:45:00+00:00;;0.0;0.0
2025-06-08 02:00:00+00:00;;0.0;0.0
2025-06-08 02:15:00+00:00;;0.0;0.0
2025-06-08 02:30:00+00:00;;0.0;0.0
2025-06-08 02:45:00+00:00;;0.0;0.0
2025-06-08 03:00:00+00:00;;0.0;0.0
2025-06-08 03:15:00+00:00;;0.0;0.0
2025-06-08 03:30:00+00:00;;0.0;0.0
2025-06-08 03:45:00+00:00;;0.0;0.0
2025-06-08 04:00:00+00:00;;0.0;0.0
2025-06-08 04:15:00+00:00;;0.0;0.0
2025-06-08 04:30:00+00:00;100.0;0.008;0.008
2025-06-08 04:45:00+00:00;100.0;0.152;0.152
2025-06-08 05:00:00+00:00;100.0;0.024;0.024
2025-06-08 05:15:00+00:00;100.0;0.144;0.144
2025-06-08 05:30:00+00:00;100.0;0.112;0.112
2025-06-08 05:45:00+00:00;100.0;0.096;0.096
2025-06-08 06:00:00+00:00;100.0;0.128;0.128
2025-06-08 06:15:00+00:00;100.0;0.144;0.144
2025-06-08 06:30:00+00:00;100.0;0.108;0.108
2025-06-08 06:45:00+00:00;100.0;0.092;0.092
2025-06-08 07:00:00+00:00;100.0;1.084;1.084
2025-06-08 07:15:00+00:00;100.0;1.608;1.608
2025-06-08 07:30:00+00:00;100.0;0.484;0.484
2025-06-08 07:45:00+00:00;100.0;0.272;0.272
2025-06-08 08:00:00+00:00;100.0;0.288;0.288
2025-06-08 08:15:00+00:00;100.0;0.336;0.336
2025-06-08 08:30:00+00:00;100.0;0.204;0.204
2025-06-08 08:45:00+00:00;100.0;1.46;1.46
2025-06-08 09:00:00+00:00;100.0;2.692;2.692
2025-06-08 09:15:00+00:00;100.0;0.96;0.96
2025-06-08 09:30:00+00:00;100.0;1.356;1.356
2025-06-08 09:45:00+00:00;100.0;0.248;0.248
2025-06-08 10:00:00+00:00;100.0;0.236;0.236
2025-06-08 10:15:00+00:00;100.0;0.24;0.24
2025-06-08 10:30:00+00:00;100.0;0.244;0.244
2025-06-08 10:45:00+00:00;100.0;0.256;0.256
2025-06-08 11:00:00+00:00;100.0;0.24;0.24
2025-06-08 11:15:00+00:00;100.0;0.24;0.24
2025-06-08 11:30:00+00:00;100.0;0.244;0.244
2025-06-08 11:45:00+00:00;100.0;0.28;0.28
2025-06-08 12:00:00+00:00;100.0;0.272;0.272
2025-06-08 12:15:00+00:00;100.0;0.268;0.268
2025-06-08 12:30:00+00:00;100.0;0.604;0.604
2025-06-08 12:45:00+00:00;100.0;0.536;0.536
2025-06-08 13:00:00+00:00;100.0;0.196;0.196
2025-06-08 13:15:00+00:00;100.0;0.16;0.16
2025-06-08 13:30:00+00:00;100.0;0.16;0.16
2025-06-08 13:45:00+00:00;100.0;0.136;0.136
2025-06-08 14:00:00+00:00;100.0;0.112;0.112
2025-06-08 14:15:00+00:00;100.0;0.156;0.156
2025-06-08 14:30:00+00:00;100.0;0.16;0.16
2025-06-08 14:45:00+00:00;100.0;0.268;0.268
2025-06-08 15:00:00+00:00;100.0;0.216;0.216
2025-06-08 15:15:00+00:00;100.0;0.164;0.164
2025-06-08 15:30:00+00:00;100.0;0.136;0.136
2025-06-08 15:45:00+00:00;100.0;0.1;0.1
2025-06-08 16:00:00+00:00;100.0;0.104;0.104
2025-06-08 16:15:00+00:00;100.0;0.176;0.176
2025-06-08 16:30:00+00:00;100.0;0.26;0.26
2025-06-08 16:45:00+00:00;100.0;0.216;0.216
2025-06-08 17:00:00+00:00;100.0;0.18;0.18
2025-06-08 17:15:00+00:00;100.0;0.208;0.208
2025-06-08 17:30:00+00:00;100.0;0.22;0.22
2025-06-08 17:45:00+00:00;100.0;0.056;0.056
2025-06-08 18:00:00+00:00;100.0;0.216;0.216
2025-06-08 18:15:00+00:00;100.0;0.2;0.2
2025-06-08 18:30:00+00:00;100.0;0.208;0.208
2025-06-08 18:45:00+00:00;100.0;0.108;0.108
2025-06-08 19:00:00+00:00;;0.0;0.0
2025-06-08 19:15:00+00:00;;0.0;0.0
2025-06-08 19:30:00+00:00;;0.0;0.0
2025-06-08 19:45:00+00:00;;0.0;0.0
2025-06-08 20:00:00+00:00;;0.0;0.0
2025-06-08 20:15:00+00:00;;0.0;0.0
2025-06-08 20:30:00+00:00;;0.0;0.0
2025-06-08 20:45:00+00:00;;0.0;0.0
2025-06-08 21:00:00+00:00;;0.0;0.0
2025-06-08 21:15:00+00:00;;0.0;0.0
2025-06-08 21:30:00+00:00;;0.0;0.0
2025-06-08 21:45:00+00:00;;0.0;0.0
2025-06-08 22:00:00+00:00;;0.0;0.0
2025-06-08 22:15:00+00:00;;0.0;0.0
2025-06-08 22:30:00+00:00;;0.0;0.0
2025-06-08 22:45:00+00:00;;0.0;0.0
2025-06-08 23:00:00+00:00;;0.0;0.0
2025-06-08 23:15:00+00:00;;0.0;0.0
2025-06-08 23:30:00+00:00;;0.0;0.0
2025-06-08 23:45:00+00:00;;0.0;0.0
2025-06-09 00:00:00+00:00;;0.0;0.0
2025-06-09 00:15:00+00:00;;0.0;0.0
2025-06-09 00:30:00+00:00;;0.0;0.0
2025-06-09 00:45:00+00:00;;0.0;0.0
2025-06-09 01:00:00+00:00;;0.0;0.0
2025-06-09 01:15:00+00:00;;0.0;0.0
2025-06-09 01:30:00+00:00;;0.0;0.0
2025-06-09 01:45:00+00:00;;0.0;0.0
2025-06-09 02:00:00+00:00;;0.0;0.0
2025-06-09 02:15:00+00:00;;0.0;0.0
2025-06-09 02:30:00+00:00;;0.0;0.0
2025-06-09 02:45:00+00:00;;0.0;0.0
2025-06-09 03:00:00+00:00;;0.0;0.0
2025-06-09 03:15:00+00:00;;0.0;0.0
2025-06-09 03:30:00+00:00;;0.0;0.0
2025-06-09 03:45:00+00:00;;0.0;0.0
2025-06-09 04:00:00+00:00;;0.0;0.0
2025-06-09 04:15:00+00:00;100.0;0.008;0.008
2025-06-09 04:30:00+00:00;;0.0;0.0
2025-06-09 04:45:00+00:00;100.0;0.176;0.176
2025-06-09 05:00:00+00:00;100.0;0.144;0.144
2025-06-09 05:15:00+00:00;100.0;0.088;0.088
2025-06-09 05:30:00+00:00;100.0;0.148;0.148
2025-06-09 05:45:00+00:00;100.0;0.192;0.192
2025-06-09 06:00:00+00:00;100.0;0.096;0.096
2025-06-09 06:15:00+00:00;100.0;0.296;0.296
2025-06-09 06:30:00+00:00;100.0;0.568;0.568
2025-06-09 06:45:00+00:00;100.0;0.496;0.496
2025-06-09 07:00:00+00:00;100.0;0.664;0.664
2025-06-09 07:15:00+00:00;100.0;1.552;1.552
2025-06-09 07:30:00+00:00;100.0;0.948;0.948
2025-06-09 07:45:00+00:00;100.0;1.656;1.656
2025-06-09 08:00:00+00:00;100.0;0.728;0.728
2025-06-09 08:15:00+00:00;100.0;1.272;1.272
2025-06-09 08:30:00+00:00;100.0;1.256;1.256
2025-06-09 08:45:00+00:00;100.0;0.408;0.408
2025-06-09 09:00:00+00:00;100.0;0.372;0.372
2025-06-09 09:15:00+00:00;100.0;0.22;0.22
2025-06-09 09:30:00+00:00;100.0;1.784;1.784
2025-06-09 09:45:00+00:00;100.0;3.148;3.148
2025-06-09 10:00:00+00:00;100.0;1.776;1.776
2025-06-09 10:15:00+00:00;100.0;0.64;0.64
2025-06-09 10:30:00+00:00;100.0;0.156;0.156
2025-06-09 10:45:00+00:00;100.0;0.168;0.168
2025-06-09 11:00:00+00:00;100.0;0.172;0.172
2025-06-09 11:15:00+00:00;100.0;1.412;1.412
2025-06-09 11:30:00+00:00;100.0;0.524;0.524
2025-06-09 11:45:00+00:00;100.0;0.272;0.272
2025-06-09 12:00:00+00:00;100.0;0.472;0.472
2025-06-09 12:15:00+00:00;100.0;2.064;2.064
2025-06-09 12:30:00+00:00;100.0;0.256;0.256
2025-06-09 12:45:00+00:00;100.0;0.16;0.16
2025-06-09 13:00:00+00:00;100.0;0.148;0.148
2025-06-09 13:15:00+00:00;100.0;0.168;0.168
2025-06-09 13:30:00+00:00;100.0;0.172;0.172
2025-06-09 13:45:00+00:00;100.0;0.172;0.172
2025-06-09 14:00:00+00:00;100.0;0.14;0.14
2025-06-09 14:15:00+00:00;100.0;0.16;0.16
2025-06-09 14:30:00+00:00;100.0;0.168;0.168
2025-06-09 14:45:00+00:00;100.0;0.208;0.208
2025-06-09 15:00:00+00:00;100.0;0.14;0.14
2025-06-09 15:15:00+00:00;100.0;0.148;0.148
2025-06-09 15:30:00+00:00;100.0;0.172;0.172
2025-06-09 15:45:00+00:00;100.0;0.168;0.168
2025-06-09 16:00:00+00:00;100.0;0.428;0.428
2025-06-09 16:15:00+00:00;100.0;1.84;1.84
2025-06-09 16:30:00+00:00;100.0;1.884;1.884
2025-06-09 16:45:00+00:00;100.0;0.876;0.876
2025-06-09 17:00:00+00:00;100.0;0.176;0.176
2025-06-09 17:15:00+00:00;100.0;0.16;0.16
2025-06-09 17:30:00+00:00;100.0;0.2;0.2
2025-06-09 17:45:00+00:00;100.0;0.248;0.248
2025-06-09 18:00:00+00:00;100.0;0.276;0.276
2025-06-09 18:15:00+00:00;100.0;0.252;0.252
2025-06-09 18:30:00+00:00;100.0;0.448;0.448
2025-06-09 18:45:00+00:00;100.0;0.264;0.264
2025-06-09 19:00:00+00:00;;0.0;0.0
2025-06-09 19:15:00+00:00;;0.0;0.0
2025-06-09 19:30:00+00:00;;0.0;0.0
2025-06-09 19:45:00+00:00;;0.0;0.0
2025-06-09 20:00:00+00:00;;0.0;0.0
2025-06-09 20:15:00+00:00;;0.0;0.0
2025-06-09 20:30:00+00:00;;0.0;0.0
2025-06-09 20:45:00+00:00;;0.0;0.0
2025-06-09 21:00:00+00:00;;0.0;0.0
2025-06-09 21:15:00+00:00;;0.0;0.0
2025-06-09 21:30:00+00:00;;0.0;0.0
2025-06-09 21:45:00+00:00;;0.0;0.0
2025-06-09 22:00:00+00:00;;0.0;0.0
2025-06-09 22:15:00+00:00;;0.0;0.0
2025-06-09 22:30:00+00:00;;0.0;0.0
2025-06-09 22:45:00+00:00;;0.0;0.0
2025-06-09 23:00:00+00:00;;0.0;0.0
2025-06-09 23:15:00+00:00;;0.0;0.0
2025-06-09 23:30:00+00:00;;0.0;0.0
2025-06-09 23:45:00+00:00;;0.0;0.0
2025-06-10 00:00:00+00:00;;0.0;0.0
2025-06-10 00:15:00+00:00;;0.0;0.0
2025-06-10 00:30:00+00:00;;0.0;0.0
2025-06-10 00:45:00+00:00;;0.0;0.0
2025-06-10 01:00:00+00:00;;0.0;0.0
2025-06-10 01:15:00+00:00;;0.0;0.0
2025-06-10 01:30:00+00:00;;0.0;0.0
2025-06-10 01:45:00+00:00;;0.0;0.0
2025-06-10 02:00:00+00:00;;0.0;0.0
2025-06-10 02:15:00+00:00;;0.0;0.0
2025-06-10 02:30:00+00:00;;0.0;0.0
2025-06-10 02:45:00+00:00;;0.0;0.0
2025-06-10 03:00:00+00:00;;0.0;0.0
2025-06-10 03:15:00+00:00;;0.0;0.0
2025-06-10 03:30:00+00:00;;0.0;0.0
2025-06-10 03:45:00+00:00;;0.0;0.0
2025-06-10 04:00:00+00:00;100.0;0.008;0.008
2025-06-10 04:15:00+00:00;100.0;0.136;0.136
2025-06-10 04:30:00+00:00;;0.0;0.0
2025-06-10 04:45:00+00:00;100.0;0.224;0.224
2025-06-10 05:00:00+00:00;100.0;0.548;0.548
2025-06-10 05:15:00+00:00;100.0;0.22;0.22
2025-06-10 05:30:00+00:00;100.0;0.264;0.264
2025-06-10 05:45:00+00:00;100.0;0.224;0.224
2025-06-10 06:00:00+00:00;100.0;0.196;0.196
2025-06-10 06:15:00+00:00;100.0;0.216;0.216
2025-06-10 06:30:00+00:00;100.0;0.252;0.252
2025-06-10 06:45:00+00:00;100.0;0.216;0.216
2025-06-10 07:00:00+00:00;100.0;0.28;0.28
2025-06-10 07:15:00+00:00;100.0;1.364;1.364
2025-06-10 07:30:00+00:00;100.0;1.0;1.0
2025-06-10 07:45:00+00:00;100.0;0.212;0.212
2025-06-10 08:00:00+00:00;100.0;1.332;1.332
2025-06-10 08:15:00+00:00;100.0;0.372;0.372
2025-06-10 08:30:00+00:00;100.0;0.744;0.744
2025-06-10 08:45:00+00:00;100.0;1.296;1.296
2025-06-10 09:00:00+00:00;100.0;0.896;0.896
2025-06-10 09:15:00+00:00;100.0;1.72;1.72
2025-06-10 09:30:00+00:00;100.0;0.476;0.476
2025-06-10 09:45:00+00:00;100.0;0.612;0.612
2025-06-10 10:00:00+00:00;100.0;0.844;0.844
2025-06-10 10:15:00+00:00;100.0;0.672;0.672
2025-06-10 10:30:00+00:00;100.0;0.12;0.12
2025-06-10 10:45:00+00:00;100.0;0.2;0.2
2025-06-10 11:00:00+00:00;100.0;2.008;2.008
2025-06-10 11:15:00+00:00;100.0;0.216;0.216
2025-06-10 11:30:00+00:00;100.0;0.956;0.956
2025-06-10 11:45:00+00:00;100.0;1.096;1.096
2025-06-10 12:00:00+00:00;100.0;0.22;0.22
2025-06-10 12:15:00+00:00;100.0;0.212;0.212
2025-06-10 12:30:00+00:00;100.0;0.26;0.26
2025-06-10 12:45:00+00:00;100.0;1.584;1.584
2025-06-10 13:00:00+00:00;100.0;1.012;1.012
2025-06-10 13:15:00+00:00;100.0;0.244;0.244
2025-06-10 13:30:00+00:00;100.0;0.104;0.104
2025-06-10 13:45:00+00:00;100.0;0.172;0.172
2025-06-10 14:00:00+00:00;100.0;0.172;0.172
2025-06-10 14:15:00+00:00;100.0;0.46;0.46
2025-06-10 14:30:00+00:00;100.0;0.672;0.672
2025-06-10 14:45:00+00:00;100.0;1.12;1.12
2025-06-10 15:00:00+00:00;100.0;0.136;0.136
2025-06-10 15:15:00+00:00;100.0;0.588;0.588
2025-06-10 15:30:00+00:00;100.0;0.392;0.392
2025-06-10 15:45:00+00:00;100.0;0.112;0.112
2025-06-10 16:00:00+00:00;100.0;0.124;0.124
2025-06-10 16:15:00+00:00;100.0;0.124;0.124
2025-06-10 16:30:00+00:00;100.0;0.428;0.428
2025-06-10 16:45:00+00:00;100.0;0.464;0.464
2025-06-10 17:00:00+00:00;100.0;0.268;0.268
2025-06-10 17:15:00+00:00;100.0;0.272;0.272
2025-06-10 17:30:00+00:00;100.0;0.228;0.228
2025-06-10 17:45:00+00:00;100.0;0.252;0.252
2025-06-10 18:00:00+00:00;100.0;0.056;0.056
2025-06-10 18:15:00+00:00;100.0;0.2;0.2
2025-06-10 18:30:00+00:00;100.0;0.364;0.364
2025-06-10 18:45:00+00:00;100.0;0.344;0.344
2025-06-10 19:00:00+00:00;100.0;0.24;0.24
2025-06-10 19:15:00+00:00;;0.0;0.0
2025-06-10 19:30:00+00:00;;0.0;0.0
2025-06-10 19:45:00+00:00;;0.0;0.0
2025-06-10 20:00:00+00:00;;0.0;0.0
2025-06-10 20:15:00+00:00;;0.0;0.0
2025-06-10 20:30:00+00:00;;0.0;0.0
2025-06-10 20:45:00+00:00;;0.0;0.0
2025-06-10 21:00:00+00:00;;0.0;0.0
2025-06-10 21:15:00+00:00;;0.0;0.0
2025-06-10 21:30:00+00:00;;0.0;0.0
2025-06-10 21:45:00+00:00;;0.0;0.0
2025-06-10 22:00:00+00:00;;0.0;0.0
2025-06-10 22:15:00+00:00;;0.0;0.0
2025-06-10 22:30:00+00:00;;0.0;0.0
2025-06-10 22:45:00+00:00;;0.0;0.0
2025-06-10 23:00:00+00:00;;0.0;0.0
2025-06-10 23:15:00+00:00;;0.0;0.0
2025-06-10 23:30:00+00:00;;0.0;0.0
2025-06-10 23:45:00+00:00;;0.0;0.0
2025-06-11 00:00:00+00:00;;0.0;0.0
2025-06-11 00:15:00+00:00;;0.0;0.0
2025-06-11 00:30:00+00:00;;0.0;0.0
2025-06-11 00:45:00+00:00;;0.0;0.0
2025-06-11 01:00:00+00:00;;0.0;0.0
2025-06-11 01:15:00+00:00;;0.0;0.0
2025-06-11 01:30:00+00:00;;0.0;0.0
2025-06-11 01:45:00+00:00;;0.0;0.0
2025-06-11 02:00:00+00:00;;0.0;0.0
2025-06-11 02:15:00+00:00;;0.0;0.0
2025-06-11 02:30:00+00:00;;0.0;0.0
2025-06-11 02:45:00+00:00;;0.0;0.0
2025-06-11 03:00:00+00:00;;0.0;0.0
2025-06-11 03:15:00+00:00;;0.0;0.0
2025-06-11 03:30:00+00:00;;0.0;0.0
2025-06-11 03:45:00+00:00;;0.0;0.0
2025-06-11 04:00:00+00:00;100.0;0.016;0.016
2025-06-11 04:15:00+00:00;100.0;0.12;0.12
2025-06-11 04:30:00+00:00;100.0;0.212;0.212
2025-06-11 04:45:00+00:00;100.0;0.136;0.136
2025-06-11 05:00:00+00:00;100.0;0.136;0.136
2025-06-11 05:15:00+00:00;100.0;0.16;0.16
2025-06-11 05:30:00+00:00;100.0;0.696;0.696
2025-06-11 05:45:00+00:00;100.0;0.208;0.208
2025-06-11 06:00:00+00:00;100.0;0.228;0.228
2025-06-11 06:15:00+00:00;100.0;0.492;0.492
2025-06-11 06:30:00+00:00;100.0;0.768;0.768
2025-06-11 06:45:00+00:00;100.0;0.372;0.372
2025-06-11 07:00:00+00:00;100.0;0.532;0.532
2025-06-11 07:15:00+00:00;100.0;1.468;1.468
2025-06-11 07:30:00+00:00;100.0;0.352;0.352
2025-06-11 07:45:00+00:00;100.0;0.68;0.68
2025-06-11 08:00:00+00:00;100.0;0.332;0.332
2025-06-11 08:15:00+00:00;100.0;0.308;0.308
2025-06-11 08:30:00+00:00;100.0;0.312;0.312
2025-06-11 08:45:00+00:00;100.0;0.292;0.292
2025-06-11 09:00:00+00:00;100.0;0.224;0.224
2025-06-11 09:15:00+00:00;100.0;0.472;0.472
2025-06-11 09:30:00+00:00;100.0;2.128;2.128
2025-06-11 09:45:00+00:00;100.0;1.192;1.192
2025-06-11 10:00:00+00:00;100.0;1.412;1.412
2025-06-11 10:15:00+00:00;100.0;0.328;0.328
2025-06-11 10:30:00+00:00;100.0;0.176;0.176
2025-06-11 10:45:00+00:00;100.0;0.176;0.176
2025-06-11 11:00:00+00:00;100.0;1.76;1.76
2025-06-11 11:15:00+00:00;100.0;0.736;0.736
2025-06-11 11:30:00+00:00;100.0;1.004;1.004
2025-06-11 11:45:00+00:00;100.0;1.116;1.116
2025-06-11 12:00:00+00:00;100.0;0.404;0.404
2025-06-11 12:15:00+00:00;100.0;0.256;0.256
2025-06-11 12:30:00+00:00;100.0;0.244;0.244
2025-06-11 12:45:00+00:00;100.0;1.1;1.1
2025-06-11 13:00:00+00:00;100.0;1.652;1.652
2025-06-11 13:15:00+00:00;100.0;0.164;0.164
2025-06-11 13:30:00+00:00;100.0;0.136;0.136
2025-06-11 13:45:00+00:00;100.0;0.184;0.184
2025-06-11 14:00:00+00:00;100.0;0.168;0.168
2025-06-11 14:15:00+00:00;100.0;0.152;0.152
2025-06-11 14:30:00+00:00;100.0;0.164;0.164
2025-06-11 14:45:00+00:00;100.0;0.16;0.16
2025-06-11 15:00:00+00:00;100.0;0.18;0.18
2025-06-11 15:15:00+00:00;100.0;0.168;0.168
2025-06-11 15:30:00+00:00;100.0;0.328;0.328
2025-06-11 15:45:00+00:00;100.0;0.872;0.872
2025-06-11 16:00:00+00:00;100.0;0.288;0.288
2025-06-11 16:15:00+00:00;100.0;0.204;0.204
2025-06-11 16:30:00+00:00;100.0;0.228;0.228
2025-06-11 16:45:00+00:00;100.0;0.264;0.264
2025-06-11 17:00:00+00:00;100.0;0.26;0.26
2025-06-11 17:15:00+00:00;100.0;0.24;0.24
2025-06-11 17:30:00+00:00;100.0;0.228;0.228
2025-06-11 17:45:00+00:00;100.0;0.236;0.236
2025-06-11 18:00:00+00:00;100.0;0.216;0.216
2025-06-11 18:15:00+00:00;100.0;0.244;0.244
2025-06-11 18:30:00+00:00;100.0;0.272;0.272
2025-06-11 18:45:00+00:00;100.0;0.324;0.324
2025-06-11 19:00:00+00:00;100.0;0.14;0.14
2025-06-11 19:15:00+00:00;;0.0;0.0
2025-06-11 19:30:00+00:00;;0.0;0.0
2025-06-11 19:45:00+00:00;;0.0;0.0
2025-06-11 20:00:00+00:00;;0.0;0.0
2025-06-11 20:15:00+00:00;;0.0;0.0
2025-06-11 20:30:00+00:00;;0.0;0.0
2025-06-11 20:45:00+00:00;;0.0;0.0
2025-06-11 21:00:00+00:00;;0.0;0.0
2025-06-11 21:15:00+00:00;;0.0;0.0
2025-06-11 21:30:00+00:00;;0.0;0.0
2025-06-11 21:45:00+00:00;;0.0;0.0
2025-06-11 22:00:00+00:00;;0.0;0.0
2025-06-11 22:15:00+00:00;;0.0;0.0
2025-06-11 22:30:00+00:00;;0.0;0.0
2025-06-11 22:45:00+00:00;;0.0;0.0
2025-06-11 23:00:00+00:00;;0.0;0.0
2025-06-11 23:15:00+00:00;;0.0;0.0
2025-06-11 23:30:00+00:00;;0.0;0.0
2025-06-11 23:45:00+00:00;;0.0;0.0
2025-06-12 00:00:00+00:00;;0.0;0.0
2025-06-12 00:15:00+00:00;;0.0;0.0
2025-06-12 00:30:00+00:00;;0.0;0.0
2025-06-12 00:45:00+00:00;;0.0;0.0
2025-06-12 01:00:00+00:00;;0.0;0.0
2025-06-12 01:15:00+00:00;;0.0;0.0
2025-06-12 01:30:00+00:00;;0.0;0.0
2025-06-12 01:45:00+00:00;;0.0;0.0
2025-06-12 02:00:00+00:00;;0.0;0.0
2025-06-12 02:15:00+00:00;;0.0;0.0
2025-06-12 02:30:00+00:00;;0.0;0.0
2025-06-12 02:45:00+00:00;;0.0;0.0
2025-06-12 03:00:00+00:00;;0.0;0.0
2025-06-12 03:15:00+00:00;;0.0;0.0
2025-06-12 03:30:00+00:00;;0.0;0.0
2025-06-12 03:45:00+00:00;;0.0;0.0
2025-06-12 04:00:00+00:00;100.0;0.072;0.072
2025-06-12 04:15:00+00:00;100.0;0.136;0.136
2025-06-12 04:30:00+00:00;100.0;0.124;0.124
2025-06-12 04:45:00+00:00;100.0;0.096;0.096
2025-06-12 05:00:00+00:00;100.0;0.116;0.116
2025-06-12 05:15:00+00:00;100.0;0.156;0.156
2025-06-12 05:30:00+00:00;100.0;0.852;0.852
2025-06-12 05:45:00+00:00;100.0;0.22;0.22
2025-06-12 06:00:00+00:00;100.0;0.192;0.192
2025-06-12 06:15:00+00:00;100.0;0.284;0.284
2025-06-12 06:30:00+00:00;100.0;0.296;0.296
2025-06-12 06:45:00+00:00;100.0;0.308;0.308
2025-06-12 07:00:00+00:00;100.0;0.192;0.192
2025-06-12 07:15:00+00:00;100.0;0.212;0.212
2025-06-12 07:30:00+00:00;100.0;0.712;0.712
2025-06-12 07:45:00+00:00;100.0;0.124;0.124
2025-06-12 08:00:00+00:00;100.0;0.096;0.096
2025-06-12 08:15:00+00:00;100.0;0.108;0.108
2025-06-12 08:30:00+00:00;100.0;0.148;0.148
2025-06-12 08:45:00+00:00;100.0;0.132;0.132
2025-06-12 09:00:00+00:00;100.0;0.116;0.116
2025-06-12 09:15:00+00:00;100.0;0.612;0.612
2025-06-12 09:30:00+00:00;100.0;1.472;1.472
2025-06-12 09:45:00+00:00;100.0;0.412;0.412
2025-06-12 10:00:00+00:00;100.0;0.168;0.168
2025-06-12 10:15:00+00:00;100.0;0.152;0.152
2025-06-12 10:30:00+00:00;100.0;0.14;0.14
2025-06-12 10:45:00+00:00;100.0;0.144;0.144
2025-06-12 11:00:00+00:00;100.0;1.076;1.076
2025-06-12 11:15:00+00:00;100.0;1.28;1.28
2025-06-12 11:30:00+00:00;100.0;0.6;0.6
2025-06-12 11:45:00+00:00;100.0;0.832;0.832
2025-06-12 12:00:00+00:00;100.0;0.94;0.94
2025-06-12 12:15:00+00:00;100.0;0.304;0.304
2025-06-12 12:30:00+00:00;100.0;0.26;0.26
2025-06-12 12:45:00+00:00;100.0;0.64;0.64
2025-06-12 13:00:00+00:00;100.0;2.076;2.076
2025-06-12 13:15:00+00:00;100.0;0.26;0.26
2025-06-12 13:30:00+00:00;100.0;0.216;0.216
2025-06-12 13:45:00+00:00;100.0;0.176;0.176
2025-06-12 14:00:00+00:00;100.0;0.152;0.152
2025-06-12 14:15:00+00:00;100.0;0.128;0.128
2025-06-12 14:30:00+00:00;100.0;0.156;0.156
2025-06-12 14:45:00+00:00;100.0;0.148;0.148
2025-06-12 15:00:00+00:00;100.0;0.148;0.148
2025-06-12 15:15:00+00:00;100.0;0.18;0.18
2025-06-12 15:30:00+00:00;100.0;0.188;0.188
2025-06-12 15:45:00+00:00;100.0;0.264;0.264
2025-06-12 16:00:00+00:00;100.0;0.16;0.16
2025-06-12 16:15:00+00:00;100.0;0.14;0.14
2025-06-12 16:30:00+00:00;100.0;0.172;0.172
2025-06-12 16:45:00+00:00;100.0;0.16;0.16
2025-06-12 17:00:00+00:00;100.0;0.176;0.176
2025-06-12 17:15:00+00:00;100.0;0.204;0.204
2025-06-12 17:30:00+00:00;100.0;0.34;0.34
2025-06-12 17:45:00+00:00;100.0;0.744;0.744
2025-06-12 18:00:00+00:00;100.0;0.356;0.356
2025-06-12 18:15:00+00:00;100.0;0.22;0.22
2025-06-12 18:30:00+00:00;;0.0;0.0
2025-06-12 18:45:00+00:00;100.0;0.22;0.22
2025-06-12 19:00:00+00:00;100.0;0.016;0.016
2025-06-12 19:15:00+00:00;;0.0;0.0
2025-06-12 19:30:00+00:00;;0.0;0.0
2025-06-12 19:45:00+00:00;;0.0;0.0
2025-06-12 20:00:00+00:00;;0.0;0.0
2025-06-12 20:15:00+00:00;;0.0;0.0
2025-06-12 20:30:00+00:00;;0.0;0.0
2025-06-12 20:45:00+00:00;;0.0;0.0
2025-06-12 21:00:00+00:00;;0.0;0.0
2025-06-12 21:15:00+00:00;;0.0;0.0
2025-06-12 21:30:00+00:00;;0.0;0.0
2025-06-12 21:45:00+00:00;;0.0;0.0
2025-06-12 22:00:00+00:00;;0.0;0.0
2025-06-12 22:15:00+00:00;;0.0;0.0
2025-06-12 22:30:00+00:00;;0.0;0.0
2025-06-12 22:45:00+00:00;;0.0;0.0
2025-06-12 23:00:00+00:00;;0.0;0.0
2025-06-12 23:15:00+00:00;;0.0;0.0
2025-06-12 23:30:00+00:00;;0.0;0.0
2025-06-12 23:45:00+00:00;;0.0;0.0
2025-06-13 00:00:00+00:00;;0.0;0.0
2025-06-13 00:15:00+00:00;;0.0;0.0
2025-06-13 00:30:00+00:00;;0.0;0.0
2025-06-13 00:45:00+00:00;;0.0;0.0
2025-06-13 01:00:00+00:00;;0.0;0.0
2025-06-13 01:15:00+00:00;;0.0;0.0
2025-06-13 01:30:00+00:00;;0.0;0.0
2025-06-13 01:45:00+00:00;;0.0;0.0
2025-06-13 02:00:00+00:00;;0.0;0.0
2025-06-13 02:15:00+00:00;;0.0;0.0
2025-06-13 02:30:00+00:00;;0.0;0.0
2025-06-13 02:45:00+00:00;;0.0;0.0
2025-06-13 03:00:00+00:00;;0.0;0.0
2025-06-13 03:15:00+00:00;;0.0;0.0
2025-06-13 03:30:00+00:00;;0.0;0.0
2025-06-13 03:45:00+00:00;;0.0;0.0
2025-06-13 04:00:00+00:00;;0.0;0.0
2025-06-13 04:15:00+00:00;;0.0;0.0
2025-06-13 04:30:00+00:00;100.0;0.124;0.124
2025-06-13 04:45:00+00:00;100.0;0.16;0.16
2025-06-13 05:00:00+00:00;100.0;0.132;0.132
2025-06-13 05:15:00+00:00;100.0;0.212;0.212
2025-06-13 05:30:00+00:00;100.0;1.076;1.076
2025-06-13 05:45:00+00:00;100.0;1.244;1.244
2025-06-13 06:00:00+00:00;100.0;0.172;0.172
2025-06-13 06:15:00+00:00;100.0;0.18;0.18
2025-06-13 06:30:00+00:00;100.0;0.2;0.2
2025-06-13 06:45:00+00:00;100.0;0.228;0.228
2025-06-13 07:00:00+00:00;100.0;0.3;0.3
2025-06-13 07:15:00+00:00;100.0;0.124;0.124
2025-06-13 07:30:00+00:00;100.0;0.128;0.128
2025-06-13 07:45:00+00:00;100.0;0.188;0.188
2025-06-13 08:00:00+00:00;100.0;0.156;0.156
2025-06-13 08:15:00+00:00;100.0;0.148;0.148
2025-06-13 08:30:00+00:00;100.0;0.148;0.148
2025-06-13 08:45:00+00:00;100.0;0.236;0.236
2025-06-13 09:00:00+00:00;100.0;0.172;0.172
2025-06-13 09:15:00+00:00;100.0;1.132;1.132
2025-06-13 09:30:00+00:00;100.0;0.696;0.696
2025-06-13 09:45:00+00:00;100.0;0.688;0.688
2025-06-13 10:00:00+00:00;100.0;1.904;1.904
2025-06-13 10:15:00+00:00;100.0;0.504;0.504
2025-06-13 10:30:00+00:00;100.0;0.188;0.188
2025-06-13 10:45:00+00:00;100.0;0.176;0.176
2025-06-13 11:00:00+00:00;100.0;1.376;1.376
2025-06-13 11:15:00+00:00;100.0;0.892;0.892
2025-06-13 11:30:00+00:00;100.0;1.14;1.14
2025-06-13 11:45:00+00:00;100.0;1.236;1.236
2025-06-13 12:00:00+00:00;100.0;0.296;0.296
2025-06-13 12:15:00+00:00;100.0;0.216;0.216
2025-06-13 12:30:00+00:00;100.0;0.2;0.2
2025-06-13 12:45:00+00:00;100.0;1.068;1.068
2025-06-13 13:00:00+00:00;100.0;1.308;1.308
2025-06-13 13:15:00+00:00;100.0;0.148;0.148
2025-06-13 13:30:00+00:00;100.0;0.128;0.128
2025-06-13 13:45:00+00:00;100.0;0.172;0.172
2025-06-13 14:00:00+00:00;100.0;0.124;0.124
2025-06-13 14:15:00+00:00;100.0;0.1;0.1
2025-06-13 14:30:00+00:00;100.0;0.236;0.236
2025-06-13 14:45:00+00:00;100.0;0.264;0.264
2025-06-13 15:00:00+00:00;100.0;0.228;0.228
2025-06-13 15:15:00+00:00;100.0;0.22;0.22
2025-06-13 15:30:00+00:00;100.0;0.26;0.26
2025-06-13 15:45:00+00:00;100.0;0.252;0.252
2025-06-13 16:00:00+00:00;100.0;0.272;0.272
2025-06-13 16:15:00+00:00;100.0;0.232;0.232
2025-06-13 16:30:00+00:00;100.0;0.668;0.668
2025-06-13 16:45:00+00:00;100.0;1.176;1.176
2025-06-13 17:00:00+00:00;100.0;0.816;0.816
2025-06-13 17:15:00+00:00;100.0;0.784;0.784
2025-06-13 17:30:00+00:00;100.0;0.284;0.284
2025-06-13 17:45:00+00:00;100.0;0.352;0.352
2025-06-13 18:00:00+00:00;100.0;0.268;0.268
2025-06-13 18:15:00+00:00;100.0;0.224;0.224
2025-06-13 18:30:00+00:00;100.0;0.08;0.08
2025-06-13 18:45:00+00:00;;0.0;0.0
2025-06-13 19:00:00+00:00;100.0;0.052;0.052
2025-06-13 19:15:00+00:00;;0.0;0.0
2025-06-13 19:30:00+00:00;;0.0;0.0
2025-06-13 19:45:00+00:00;;0.0;0.0
2025-06-13 20:00:00+00:00;;0.0;0.0
2025-06-13 20:15:00+00:00;;0.0;0.0
2025-06-13 20:30:00+00:00;;0.0;0.0
2025-06-13 20:45:00+00:00;;0.0;0.0
2025-06-13 21:00:00+00:00;;0.0;0.0
2025-06-13 21:15:00+00:00;;0.0;0.0
2025-06-13 21:30:00+00:00;;0.0;0.0
2025-06-13 21:45:00+00:00;;0.0;0.0
2025-06-13 22:00:00+00:00;;0.0;0.0
2025-06-13 22:15:00+00:00;;0.0;0.0
2025-06-13 22:30:00+00:00;;0.0;0.0
2025-06-13 22:45:00+00:00;;0.0;0.0
2025-06-13 23:00:00+00:00;;0.0;0.0
2025-06-13 23:15:00+00:00;;0.0;0.0
2025-06-13 23:30:00+00:00;;0.0;0.0
2025-06-13 23:45:00+00:00;;0.0;0.0
2025-06-14 00:00:00+00:00;;0.0;0.0
2025-06-14 00:15:00+00:00;;0.0;0.0
2025-06-14 00:30:00+00:00;;0.0;0.0
2025-06-14 00:45:00+00:00;;0.0;0.0
2025-06-14 01:00:00+00:00;;0.0;0.0
2025-06-14 01:15:00+00:00;;0.0;0.0
2025-06-14 01:30:00+00:00;;0.0;0.0
2025-06-14 01:45:00+00:00;;0.0;0.0
2025-06-14 02:00:00+00:00;;0.0;0.0
2025-06-14 02:15:00+00:00;;0.0;0.0
2025-06-14 02:30:00+00:00;;0.0;0.0
2025-06-14 02:45:00+00:00;;0.0;0.0
2025-06-14 03:00:00+00:00;;0.0;0.0
2025-06-14 03:15:00+00:00;;0.0;0.0
2025-06-14 03:30:00+00:00;;0.0;0.0
2025-06-14 03:45:00+00:00;;0.0;0.0
2025-06-14 04:00:00+00:00;100.0;0.008;0.008
2025-06-14 04:15:00+00:00;100.0;0.088;0.088
2025-06-14 04:30:00+00:00;100.0;0.124;0.124
2025-06-14 04:45:00+00:00;100.0;0.18;0.18
2025-06-14 05:00:00+00:00;100.0;0.148;0.148
2025-06-14 05:15:00+00:00;100.0;0.128;0.128
2025-06-14 05:30:00+00:00;100.0;0.192;0.192
2025-06-14 05:45:00+00:00;100.0;0.136;0.136
2025-06-14 06:00:00+00:00;100.0;0.156;0.156
2025-06-14 06:15:00+00:00;100.0;0.188;0.188
2025-06-14 06:30:00+00:00;100.0;0.164;0.164
2025-06-14 06:45:00+00:00;100.0;0.224;0.224
2025-06-14 07:00:00+00:00;100.0;0.176;0.176
2025-06-14 07:15:00+00:00;100.0;1.172;1.172
2025-06-14 07:30:00+00:00;100.0;0.344;0.344
2025-06-14 07:45:00+00:00;100.0;0.372;0.372
2025-06-14 08:00:00+00:00;100.0;0.392;0.392
2025-06-14 08:15:00+00:00;100.0;0.356;0.356
2025-06-14 08:30:00+00:00;100.0;0.328;0.328
2025-06-14 08:45:00+00:00;100.0;0.34;0.34
2025-06-14 09:00:00+00:00;100.0;0.356;0.356
2025-06-14 09:15:00+00:00;100.0;0.3;0.3
2025-06-14 09:30:00+00:00;100.0;1.936;1.936
2025-06-14 09:45:00+00:00;100.0;1.948;1.948
2025-06-14 10:00:00+00:00;100.0;1.568;1.568
2025-06-14 10:15:00+00:00;100.0;1.1;1.1
2025-06-14 10:30:00+00:00;100.0;0.248;0.248
2025-06-14 10:45:00+00:00;100.0;0.248;0.248
2025-06-14 11:00:00+00:00;100.0;0.308;0.308
2025-06-14 11:15:00+00:00;100.0;0.344;0.344
2025-06-14 11:30:00+00:00;100.0;0.34;0.34
2025-06-14 11:45:00+00:00;100.0;0.348;0.348
2025-06-14 12:00:00+00:00;100.0;0.308;0.308
2025-06-14 12:15:00+00:00;100.0;0.324;0.324
2025-06-14 12:30:00+00:00;100.0;0.416;0.416
2025-06-14 12:45:00+00:00;100.0;0.68;0.68
2025-06-14 13:00:00+00:00;100.0;0.56;0.56
2025-06-14 13:15:00+00:00;100.0;0.904;0.904
2025-06-14 13:30:00+00:00;100.0;1.144;1.144
2025-06-14 13:45:00+00:00;100.0;0.536;0.536
2025-06-14 14:00:00+00:00;100.0;0.304;0.304
2025-06-14 14:15:00+00:00;100.0;0.724;0.724
2025-06-14 14:30:00+00:00;100.0;2.824;2.824
2025-06-14 14:45:00+00:00;100.0;0.58;0.58
2025-06-14 15:00:00+00:00;100.0;0.3;0.3
2025-06-14 15:15:00+00:00;100.0;0.204;0.204
2025-06-14 15:30:00+00:00;100.0;0.292;0.292
2025-06-14 15:45:00+00:00;100.0;0.252;0.252
2025-06-14 16:00:00+00:00;100.0;0.46;0.46
2025-06-14 16:15:00+00:00;100.0;0.192;0.192
2025-06-14 16:30:00+00:00;100.0;0.18;0.18
2025-06-14 16:45:00+00:00;100.0;0.136;0.136
2025-06-14 17:00:00+00:00;100.0;0.176;0.176
2025-06-14 17:15:00+00:00;100.0;0.164;0.164
2025-06-14 17:30:00+00:00;100.0;0.18;0.18
2025-06-14 17:45:00+00:00;100.0;0.16;0.16
2025-06-14 18:00:00+00:00;100.0;0.136;0.136
2025-06-14 18:15:00+00:00;100.0;0.188;0.188
2025-06-14 18:30:00+00:00;100.0;0.16;0.16
2025-06-14 18:45:00+00:00;;0.0;0.0
2025-06-14 19:00:00+00:00;;0.0;0.0
2025-06-14 19:15:00+00:00;;0.0;0.0
2025-06-14 19:30:00+00:00;;0.0;0.0
2025-06-14 19:45:00+00:00;;0.0;0.0
2025-06-14 20:00:00+00:00;;0.0;0.0
2025-06-14 20:15:00+00:00;;0.0;0.0
2025-06-14 20:30:00+00:00;;0.0;0.0
2025-06-14 20:45:00+00:00;;0.0;0.0
2025-06-14 21:00:00+00:00;;0.0;0.0
2025-06-14 21:15:00+00:00;;0.0;0.0
2025-06-14 21:30:00+00:00;;0.0;0.0
2025-06-14 21:45:00+00:00;;0.0;0.0
2025-06-14 22:00:00+00:00;;0.0;0.0
2025-06-14 22:15:00+00:00;;0.0;0.0
2025-06-14 22:30:00+00:00;;0.0;0.0
2025-06-14 22:45:00+00:00;;0.0;0.0
2025-06-14 23:00:00+00:00;;0.0;0.0
2025-06-14 23:15:00+00:00;;0.0;0.0
2025-06-14 23:30:00+00:00;;0.0;0.0
2025-06-14 23:45:00+00:00;;0.0;0.0
2025-06-15 00:00:00+00:00;;0.0;0.0
2025-06-15 00:15:00+00:00;;0.0;0.0
2025-06-15 00:30:00+00:00;;0.0;0.0
2025-06-15 00:45:00+00:00;;0.0;0.0
2025-06-15 01:00:00+00:00;;0.0;0.0
2025-06-15 01:15:00+00:00;;0.0;0.0
2025-06-15 01:30:00+00:00;;0.0;0.0
2025-06-15 01:45:00+00:00;;0.0;0.0
2025-06-15 02:00:00+00:00;;0.0;0.0
2025-06-15 02:15:00+00:00;;0.0;0.0
2025-06-15 02:30:00+00:00;;0.0;0.0
2025-06-15 02:45:00+00:00;;0.0;0.0
2025-06-15 03:00:00+00:00;;0.0;0.0
2025-06-15 03:15:00+00:00;;0.0;0.0
2025-06-15 03:30:00+00:00;;0.0;0.0
2025-06-15 03:45:00+00:00;;0.0;0.0
2025-06-15 04:00:00+00:00;;0.0;0.0
2025-06-15 04:15:00+00:00;;0.0;0.0
2025-06-15 04:30:00+00:00;;0.0;0.0
2025-06-15 04:45:00+00:00;;0.0;0.0
2025-06-15 05:00:00+00:00;100.0;0.076;0.076
2025-06-15 05:15:00+00:00;100.0;0.176;0.176
2025-06-15 05:30:00+00:00;100.0;0.38;0.38
2025-06-15 05:45:00+00:00;100.0;0.132;0.132
2025-06-15 06:00:00+00:00;100.0;0.14;0.14
2025-06-15 06:15:00+00:00;100.0;0.288;0.288
2025-06-15 06:30:00+00:00;100.0;0.12;0.12
2025-06-15 06:45:00+00:00;100.0;0.096;0.096
2025-06-15 07:00:00+00:00;100.0;0.12;0.12
2025-06-15 07:15:00+00:00;100.0;0.132;0.132
2025-06-15 07:30:00+00:00;100.0;0.124;0.124
2025-06-15 07:45:00+00:00;100.0;0.108;0.108
2025-06-15 08:00:00+00:00;100.0;0.112;0.112
2025-06-15 08:15:00+00:00;100.0;0.12;0.12
2025-06-15 08:30:00+00:00;100.0;0.124;0.124
2025-06-15 08:45:00+00:00;100.0;0.148;0.148
2025-06-15 09:00:00+00:00;100.0;0.096;0.096
2025-06-15 09:15:00+00:00;100.0;0.092;0.092
2025-06-15 09:30:00+00:00;100.0;0.176;0.176
2025-06-15 09:45:00+00:00;100.0;0.136;0.136
2025-06-15 10:00:00+00:00;100.0;0.112;0.112
2025-06-15 10:15:00+00:00;100.0;0.096;0.096
2025-06-15 10:30:00+00:00;100.0;0.132;0.132
2025-06-15 10:45:00+00:00;100.0;0.052;0.052
2025-06-15 11:00:00+00:00;100.0;0.124;0.124
2025-06-15 11:15:00+00:00;100.0;0.124;0.124
2025-06-15 11:30:00+00:00;100.0;0.092;0.092
2025-06-15 11:45:00+00:00;100.0;0.12;0.12
2025-06-15 12:00:00+00:00;100.0;0.128;0.128
2025-06-15 12:15:00+00:00;100.0;0.144;0.144
2025-06-15 12:30:00+00:00;100.0;0.14;0.14
2025-06-15 12:45:00+00:00;100.0;0.096;0.096
2025-06-15 13:00:00+00:00;100.0;0.144;0.144
2025-06-15 13:15:00+00:00;100.0;0.124;0.124
2025-06-15 13:30:00+00:00;100.0;0.12;0.12
2025-06-15 13:45:00+00:00;100.0;0.104;0.104
2025-06-15 14:00:00+00:00;100.0;0.116;0.116
2025-06-15 14:15:00+00:00;100.0;0.128;0.128
2025-06-15 14:30:00+00:00;100.0;0.124;0.124
2025-06-15 14:45:00+00:00;100.0;0.144;0.144
2025-06-15 15:00:00+00:00;100.0;0.104;0.104
2025-06-15 15:15:00+00:00;100.0;0.66;0.66
2025-06-15 15:30:00+00:00;100.0;1.028;1.028
2025-06-15 15:45:00+00:00;100.0;0.66;0.66
2025-06-15 16:00:00+00:00;100.0;0.14;0.14
2025-06-15 16:15:00+00:00;100.0;0.684;0.684
2025-06-15 16:30:00+00:00;100.0;0.168;0.168
2025-06-15 16:45:00+00:00;100.0;0.164;0.164
2025-06-15 17:00:00+00:00;100.0;0.012;0.012
2025-06-15 17:15:00+00:00;;0.0;0.0
2025-06-15 17:30:00+00:00;;0.0;0.0
2025-06-15 17:45:00+00:00;;0.0;0.0
2025-06-15 18:00:00+00:00;;0.0;0.0
2025-06-15 18:15:00+00:00;;0.0;0.0
2025-06-15 18:30:00+00:00;;0.0;0.0
2025-06-15 18:45:00+00:00;;0.0;0.0
2025-06-15 19:00:00+00:00;;0.0;0.0
2025-06-15 19:15:00+00:00;;0.0;0.0
2025-06-15 19:30:00+00:00;;0.0;0.0
2025-06-15 19:45:00+00:00;;0.0;0.0
2025-06-15 20:00:00+00:00;;0.0;0.0
2025-06-15 20:15:00+00:00;;0.0;0.0
2025-06-15 20:30:00+00:00;;0.0;0.0
2025-06-15 20:45:00+00:00;;0.0;0.0
2025-06-15 21:00:00+00:00;;0.0;0.0
2025-06-15 21:15:00+00:00;;0.0;0.0
2025-06-15 21:30:00+00:00;;0.0;0.0
2025-06-15 21:45:00+00:00;;0.0;0.0
2025-06-15 22:00:00+00:00;;0.0;0.0
2025-06-15 22:15:00+00:00;;0.0;0.0
2025-06-15 22:30:00+00:00;;0.0;0.0
2025-06-15 22:45:00+00:00;;0.0;0.0
2025-06-15 23:00:00+00:00;;0.0;0.0
2025-06-15 23:15:00+00:00;;0.0;0.0
2025-06-15 23:30:00+00:00;;0.0;0.0
2025-06-15 23:45:00+00:00;;0.0;0.0
2025-06-16 00:00:00+00:00;;0.0;0.0
2025-06-16 00:15:00+00:00;;0.0;0.0
2025-06-16 00:30:00+00:00;;0.0;0.0
2025-06-16 00:45:00+00:00;;0.0;0.0
2025-06-16 01:00:00+00:00;;0.0;0.0
2025-06-16 01:15:00+00:00;;0.0;0.0
2025-06-16 01:30:00+00:00;;0.0;0.0
2025-06-16 01:45:00+00:00;;0.0;0.0
2025-06-16 02:00:00+00:00;;0.0;0.0
2025-06-16 02:15:00+00:00;;0.0;0.0
2025-06-16 02:30:00+00:00;;0.0;0.0
2025-06-16 02:45:00+00:00;;0.0;0.0
2025-06-16 03:00:00+00:00;;0.0;0.0
2025-06-16 03:15:00+00:00;;0.0;0.0
2025-06-16 03:30:00+00:00;;0.0;0.0
2025-06-16 03:45:00+00:00;100.0;0.008;0.008
2025-06-16 04:00:00+00:00;100.0;0.076;0.076
2025-06-16 04:15:00+00:00;100.0;0.252;0.252
2025-06-16 04:30:00+00:00;100.0;0.332;0.332
2025-06-16 04:45:00+00:00;100.0;0.58;0.58
2025-06-16 05:00:00+00:00;100.0;0.644;0.644
2025-06-16 05:15:00+00:00;100.0;0.572;0.572
2025-06-16 05:30:00+00:00;100.0;0.224;0.224
2025-06-16 05:45:00+00:00;100.0;0.504;0.504
2025-06-16 06:00:00+00:00;100.0;0.64;0.64
2025-06-16 06:15:00+00:00;100.0;0.576;0.576
2025-06-16 06:30:00+00:00;100.0;0.276;0.276
2025-06-16 06:45:00+00:00;100.0;0.348;0.348
2025-06-16 07:00:00+00:00;100.0;1.472;1.472
2025-06-16 07:15:00+00:00;100.0;0.78;0.78
2025-06-16 07:30:00+00:00;100.0;0.24;0.24
2025-06-16 07:45:00+00:00;100.0;0.836;0.836
2025-06-16 08:00:00+00:00;100.0;0.576;0.576
2025-06-16 08:15:00+00:00;100.0;0.708;0.708
2025-06-16 08:30:00+00:00;100.0;0.332;0.332
2025-06-16 08:45:00+00:00;100.0;0.428;0.428
2025-06-16 09:00:00+00:00;100.0;1.172;1.172
2025-06-16 09:15:00+00:00;100.0;1.336;1.336
2025-06-16 09:30:00+00:00;100.0;1.208;1.208
2025-06-16 09:45:00+00:00;100.0;1.452;1.452
2025-06-16 10:00:00+00:00;100.0;0.868;0.868
2025-06-16 10:15:00+00:00;100.0;1.188;1.188
2025-06-16 10:30:00+00:00;100.0;2.516;2.516
2025-06-16 10:45:00+00:00;100.0;1.332;1.332
2025-06-16 11:00:00+00:00;100.0;0.512;0.512
2025-06-16 11:15:00+00:00;100.0;0.276;0.276
2025-06-16 11:30:00+00:00;100.0;0.232;0.232
2025-06-16 11:45:00+00:00;100.0;0.248;0.248
2025-06-16 12:00:00+00:00;100.0;0.204;0.204
2025-06-16 12:15:00+00:00;100.0;0.12;0.12
2025-06-16 12:30:00+00:00;100.0;0.132;0.132
2025-06-16 12:45:00+00:00;100.0;0.136;0.136
2025-06-16 13:00:00+00:00;100.0;0.112;0.112
2025-06-16 13:15:00+00:00;100.0;0.156;0.156
2025-06-16 13:30:00+00:00;100.0;0.192;0.192
2025-06-16 13:45:00+00:00;100.0;0.208;0.208
2025-06-16 14:00:00+00:00;100.0;0.484;0.484
2025-06-16 14:15:00+00:00;100.0;0.148;0.148
2025-06-16 14:30:00+00:00;100.0;0.18;0.18
2025-06-16 14:45:00+00:00;100.0;0.212;0.212
2025-06-16 15:00:00+00:00;100.0;0.26;0.26
2025-06-16 15:15:00+00:00;100.0;0.152;0.152
2025-06-16 15:30:00+00:00;100.0;0.164;0.164
2025-06-16 15:45:00+00:00;100.0;0.168;0.168
2025-06-16 16:00:00+00:00;100.0;0.944;0.944
2025-06-16 16:15:00+00:00;100.0;0.176;0.176
2025-06-16 16:30:00+00:00;100.0;0.36;0.36
2025-06-16 16:45:00+00:00;100.0;0.02;0.02
2025-06-16 17:00:00+00:00;100.0;0.112;0.112
2025-06-16 17:15:00+00:00;100.0;0.408;0.408
2025-06-16 17:30:00+00:00;100.0;0.776;0.776
2025-06-16 17:45:00+00:00;100.0;0.924;0.924
2025-06-16 18:00:00+00:00;100.0;0.26;0.26
2025-06-16 18:15:00+00:00;100.0;0.068;0.068
2025-06-16 18:30:00+00:00;;0.0;0.0
2025-06-16 18:45:00+00:00;100.0;0.316;0.316
2025-06-16 19:00:00+00:00;100.0;0.032;0.032
2025-06-16 19:15:00+00:00;;0.0;0.0
2025-06-16 19:30:00+00:00;;0.0;0.0
2025-06-16 19:45:00+00:00;;0.0;0.0
2025-06-16 20:00:00+00:00;;0.0;0.0
2025-06-16 20:15:00+00:00;;0.0;0.0
2025-06-16 20:30:00+00:00;;0.0;0.0
2025-06-16 20:45:00+00:00;;0.0;0.0
2025-06-16 21:00:00+00:00;;0.0;0.0
2025-06-16 21:15:00+00:00;;0.0;0.0
2025-06-16 21:30:00+00:00;;0.0;0.0
2025-06-16 21:45:00+00:00;;0.0;0.0
2025-06-16 22:00:00+00:00;;0.0;0.0
2025-06-16 22:15:00+00:00;;0.0;0.0
2025-06-16 22:30:00+00:00;;0.0;0.0
2025-06-16 22:45:00+00:00;;0.0;0.0
2025-06-16 23:00:00+00:00;;0.0;0.0
2025-06-16 23:15:00+00:00;;0.0;0.0
2025-06-16 23:30:00+00:00;;0.0;0.0
2025-06-16 23:45:00+00:00;;0.0;0.0
2025-06-17 00:00:00+00:00;;0.0;0.0
2025-06-17 00:15:00+00:00;;0.0;0.0
2025-06-17 00:30:00+00:00;;0.0;0.0
2025-06-17 00:45:00+00:00;;0.0;0.0
2025-06-17 01:00:00+00:00;;0.0;0.0
2025-06-17 01:15:00+00:00;;0.0;0.0
2025-06-17 01:30:00+00:00;;0.0;0.0
2025-06-17 01:45:00+00:00;;0.0;0.0
2025-06-17 02:00:00+00:00;;0.0;0.0
2025-06-17 02:15:00+00:00;;0.0;0.0
2025-06-17 02:30:00+00:00;;0.0;0.0
2025-06-17 02:45:00+00:00;;0.0;0.0
2025-06-17 03:00:00+00:00;;0.0;0.0
2025-06-17 03:15:00+00:00;;0.0;0.0
2025-06-17 03:30:00+00:00;;0.0;0.0
2025-06-17 03:45:00+00:00;;0.0;0.0
2025-06-17 04:00:00+00:00;100.0;0.064;0.064
2025-06-17 04:15:00+00:00;100.0;0.1;0.1
2025-06-17 04:30:00+00:00;100.0;0.132;0.132
2025-06-17 04:45:00+00:00;100.0;0.18;0.18
2025-06-17 05:00:00+00:00;100.0;0.4;0.4
2025-06-17 05:15:00+00:00;100.0;0.128;0.128
2025-06-17 05:30:00+00:00;100.0;0.108;0.108
2025-06-17 05:45:00+00:00;100.0;0.108;0.108
2025-06-17 06:00:00+00:00;100.0;0.132;0.132
2025-06-17 06:15:00+00:00;100.0;0.396;0.396
2025-06-17 06:30:00+00:00;100.0;0.704;0.704
2025-06-17 06:45:00+00:00;100.0;0.272;0.272
2025-06-17 07:00:00+00:00;100.0;0.288;0.288
2025-06-17 07:15:00+00:00;100.0;0.328;0.328
2025-06-17 07:30:00+00:00;100.0;0.32;0.32
2025-06-17 07:45:00+00:00;100.0;0.772;0.772
2025-06-17 08:00:00+00:00;100.0;0.716;0.716
2025-06-17 08:15:00+00:00;100.0;0.236;0.236
2025-06-17 08:30:00+00:00;100.0;0.22;0.22
2025-06-17 08:45:00+00:00;100.0;0.216;0.216
2025-06-17 09:00:00+00:00;100.0;0.208;0.208
2025-06-17 09:15:00+00:00;100.0;0.228;0.228
2025-06-17 09:30:00+00:00;100.0;0.224;0.224
2025-06-17 09:45:00+00:00;100.0;0.212;0.212
2025-06-17 10:00:00+00:00;100.0;1.444;1.444
2025-06-17 10:15:00+00:00;100.0;1.116;1.116
2025-06-17 10:30:00+00:00;100.0;0.336;0.336
2025-06-17 10:45:00+00:00;100.0;0.22;0.22
2025-06-17 11:00:00+00:00;100.0;0.24;0.24
2025-06-17 11:15:00+00:00;100.0;0.248;0.248
2025-06-17 11:30:00+00:00;100.0;0.128;0.128
2025-06-17 11:45:00+00:00;100.0;0.208;0.208
2025-06-17 12:00:00+00:00;100.0;0.288;0.288
2025-06-17 12:15:00+00:00;100.0;0.176;0.176
2025-06-17 12:30:00+00:00;100.0;0.164;0.164
2025-06-17 12:45:00+00:00;100.0;0.128;0.128
2025-06-17 13:00:00+00:00;100.0;0.156;0.156
2025-06-17 13:15:00+00:00;100.0;0.172;0.172
2025-06-17 13:30:00+00:00;100.0;0.156;0.156
2025-06-17 13:45:00+00:00;100.0;0.16;0.16
2025-06-17 14:00:00+00:00;100.0;0.136;0.136
2025-06-17 14:15:00+00:00;100.0;0.144;0.144
2025-06-17 14:30:00+00:00;100.0;0.196;0.196
2025-06-17 14:45:00+00:00;100.0;0.172;0.172
2025-06-17 15:00:00+00:00;100.0;0.192;0.192
2025-06-17 15:15:00+00:00;100.0;0.164;0.164
2025-06-17 15:30:00+00:00;100.0;0.152;0.152
2025-06-17 15:45:00+00:00;100.0;0.136;0.136
2025-06-17 16:00:00+00:00;100.0;0.384;0.384
2025-06-17 16:15:00+00:00;100.0;1.212;1.212
2025-06-17 16:30:00+00:00;100.0;0.14;0.14
2025-06-17 16:45:00+00:00;100.0;0.132;0.132
2025-06-17 17:00:00+00:00;100.0;1.244;1.244
2025-06-17 17:15:00+00:00;100.0;0.38;0.38
2025-06-17 17:30:00+00:00;100.0;0.872;0.872
2025-06-17 17:45:00+00:00;100.0;0.668;0.668
2025-06-17 18:00:00+00:00;100.0;0.184;0.184
2025-06-17 18:15:00+00:00;100.0;0.296;0.296
2025-06-17 18:30:00+00:00;100.0;0.308;0.308
2025-06-17 18:45:00+00:00;100.0;0.444;0.444
2025-06-17 19:00:00+00:00;100.0;0.152;0.152
2025-06-17 19:15:00+00:00;100.0;0.004;0.004
2025-06-17 19:30:00+00:00;;0.0;0.0
2025-06-17 19:45:00+00:00;;0.0;0.0
2025-06-17 20:00:00+00:00;;0.0;0.0
2025-06-17 20:15:00+00:00;;0.0;0.0
2025-06-17 20:30:00+00:00;;0.0;0.0
2025-06-17 20:45:00+00:00;;0.0;0.0
2025-06-17 21:00:00+00:00;;0.0;0.0
2025-06-17 21:15:00+00:00;;0.0;0.0
2025-06-17 21:30:00+00:00;;0.0;0.0
2025-06-17 21:45:00+00:00;;0.0;0.0
2025-06-17 22:00:00+00:00;;0.0;0.0
2025-06-17 22:15:00+00:00;;0.0;0.0
2025-06-17 22:30:00+00:00;;0.0;0.0
2025-06-17 22:45:00+00:00;;0.0;0.0
2025-06-17 23:00:00+00:00;;0.0;0.0
2025-06-17 23:15:00+00:00;;0.0;0.0
2025-06-17 23:30:00+00:00;;0.0;0.0
2025-06-17 23:45:00+00:00;;0.0;0.0
2025-06-18 00:00:00+00:00;;0.0;0.0
2025-06-18 00:15:00+00:00;;0.0;0.0
2025-06-18 00:30:00+00:00;;0.0;0.0
2025-06-18 00:45:00+00:00;;0.0;0.0
2025-06-18 01:00:00+00:00;;0.0;0.0
2025-06-18 01:15:00+00:00;;0.0;0.0
2025-06-18 01:30:00+00:00;;0.0;0.0
2025-06-18 01:45:00+00:00;;0.0;0.0
2025-06-18 02:00:00+00:00;;0.0;0.0
2025-06-18 02:15:00+00:00;;0.0;0.0
2025-06-18 02:30:00+00:00;;0.0;0.0
2025-06-18 02:45:00+00:00;;0.0;0.0
2025-06-18 03:00:00+00:00;;0.0;0.0
2025-06-18 03:15:00+00:00;;0.0;0.0
2025-06-18 03:30:00+00:00;;0.0;0.0
2025-06-18 03:45:00+00:00;;0.0;0.0
2025-06-18 04:00:00+00:00;100.0;0.004;0.004
2025-06-18 04:15:00+00:00;100.0;0.088;0.088
2025-06-18 04:30:00+00:00;100.0;0.172;0.172
2025-06-18 04:45:00+00:00;100.0;0.452;0.452
2025-06-18 05:00:00+00:00;100.0;0.688;0.688
2025-06-18 05:15:00+00:00;100.0;0.244;0.244
2025-06-18 05:30:00+00:00;100.0;0.224;0.224
2025-06-18 05:45:00+00:00;100.0;0.228;0.228
2025-06-18 06:00:00+00:00;100.0;0.232;0.232
2025-06-18 06:15:00+00:00;100.0;0.312;0.312
2025-06-18 06:30:00+00:00;100.0;0.22;0.22
2025-06-18 06:45:00+00:00;100.0;0.196;0.196
2025-06-18 07:00:00+00:00;100.0;0.704;0.704
2025-06-18 07:15:00+00:00;100.0;0.232;0.232
2025-06-18 07:30:00+00:00;100.0;0.26;0.26
2025-06-18 07:45:00+00:00;100.0;0.604;0.604
2025-06-18 08:00:00+00:00;100.0;0.296;0.296
2025-06-18 08:15:00+00:00;100.0;0.28;0.28
2025-06-18 08:30:00+00:00;100.0;0.38;0.38
2025-06-18 08:45:00+00:00;100.0;0.316;0.316
2025-06-18 09:00:00+00:00;100.0;0.988;0.988
2025-06-18 09:15:00+00:00;100.0;0.252;0.252
2025-06-18 09:30:00+00:00;100.0;0.212;0.212
2025-06-18 09:45:00+00:00;100.0;0.212;0.212
2025-06-18 10:00:00+00:00;100.0;0.224;0.224
2025-06-18 10:15:00+00:00;100.0;0.236;0.236
2025-06-18 10:30:00+00:00;100.0;0.236;0.236
2025-06-18 10:45:00+00:00;100.0;0.244;0.244
2025-06-18 11:00:00+00:00;100.0;1.3;1.3
2025-06-18 11:15:00+00:00;100.0;0.28;0.28
2025-06-18 11:30:00+00:00;100.0;0.252;0.252
2025-06-18 11:45:00+00:00;100.0;0.216;0.216
2025-06-18 12:00:00+00:00;100.0;0.184;0.184
2025-06-18 12:15:00+00:00;100.0;0.184;0.184
2025-06-18 12:30:00+00:00;100.0;0.2;0.2
2025-06-18 12:45:00+00:00;100.0;0.196;0.196
2025-06-18 13:00:00+00:00;100.0;0.184;0.184
2025-06-18 13:15:00+00:00;100.0;0.184;0.184
2025-06-18 13:30:00+00:00;100.0;0.212;0.212
2025-06-18 13:45:00+00:00;100.0;0.184;0.184
2025-06-18 14:00:00+00:00;100.0;0.256;0.256
2025-06-18 14:15:00+00:00;100.0;0.232;0.232
2025-06-18 14:30:00+00:00;100.0;0.148;0.148
2025-06-18 14:45:00+00:00;100.0;0.228;0.228
2025-06-18 15:00:00+00:00;100.0;0.208;0.208
2025-06-18 15:15:00+00:00;100.0;0.184;0.184
2025-06-18 15:30:00+00:00;100.0;0.168;0.168
2025-06-18 15:45:00+00:00;100.0;0.2;0.2
2025-06-18 16:00:00+00:00;100.0;0.144;0.144
2025-06-18 16:15:00+00:00;100.0;0.196;0.196
2025-06-18 16:30:00+00:00;100.0;0.144;0.144
2025-06-18 16:45:00+00:00;100.0;0.184;0.184
2025-06-18 17:00:00+00:00;100.0;0.228;0.228
2025-06-18 17:15:00+00:00;100.0;0.188;0.188
2025-06-18 17:30:00+00:00;100.0;0.372;0.372
2025-06-18 17:45:00+00:00;100.0;0.848;0.848
2025-06-18 18:00:00+00:00;100.0;0.776;0.776
2025-06-18 18:15:00+00:00;100.0;0.7;0.7
2025-06-18 18:30:00+00:00;100.0;0.484;0.484
2025-06-18 18:45:00+00:00;100.0;0.3;0.3
2025-06-18 19:00:00+00:00;100.0;0.164;0.164
2025-06-18 19:15:00+00:00;;0.0;0.0
2025-06-18 19:30:00+00:00;;0.0;0.0
2025-06-18 19:45:00+00:00;;0.0;0.0
2025-06-18 20:00:00+00:00;;0.0;0.0
2025-06-18 20:15:00+00:00;;0.0;0.0
2025-06-18 20:30:00+00:00;;0.0;0.0
2025-06-18 20:45:00+00:00;;0.0;0.0
2025-06-18 21:00:00+00:00;;0.0;0.0
2025-06-18 21:15:00+00:00;;0.0;0.0
2025-06-18 21:30:00+00:00;;0.0;0.0
2025-06-18 21:45:00+00:00;;0.0;0.0
2025-06-18 22:00:00+00:00;;0.0;0.0
2025-06-18 22:15:00+00:00;;0.0;0.0
2025-06-18 22:30:00+00:00;;0.0;0.0
2025-06-18 22:45:00+00:00;;0.0;0.0
2025-06-18 23:00:00+00:00;;0.0;0.0
2025-06-18 23:15:00+00:00;;0.0;0.0
2025-06-18 23:30:00+00:00;;0.0;0.0
2025-06-18 23:45:00+00:00;;0.0;0.0
2025-06-19 00:00:00+00:00;;0.0;0.0
2025-06-19 00:15:00+00:00;;0.0;0.0
2025-06-19 00:30:00+00:00;;0.0;0.0
2025-06-19 00:45:00+00:00;;0.0;0.0
2025-06-19 01:00:00+00:00;;0.0;0.0
2025-06-19 01:15:00+00:00;;0.0;0.0
2025-06-19 01:30:00+00:00;;0.0;0.0
2025-06-19 01:45:00+00:00;;0.0;0.0
2025-06-19 02:00:00+00:00;;0.0;0.0
2025-06-19 02:15:00+00:00;;0.0;0.0
2025-06-19 02:30:00+00:00;;0.0;0.0
2025-06-19 02:45:00+00:00;;0.0;0.0
2025-06-19 03:00:00+00:00;;0.0;0.0
2025-06-19 03:15:00+00:00;;0.0;0.0
2025-06-19 03:30:00+00:00;;0.0;0.0
2025-06-19 03:45:00+00:00;;0.0;0.0
2025-06-19 04:00:00+00:00;100.0;0.028;0.028
2025-06-19 04:15:00+00:00;100.0;0.208;0.208
2025-06-19 04:30:00+00:00;100.0;0.348;0.348
2025-06-19 04:45:00+00:00;100.0;0.4;0.4
2025-06-19 05:00:00+00:00;100.0;0.6;0.6
2025-06-19 05:15:00+00:00;100.0;0.764;0.764
2025-06-19 05:30:00+00:00;100.0;0.94;0.94
2025-06-19 05:45:00+00:00;100.0;1.368;1.368
2025-06-19 06:00:00+00:00;100.0;1.712;1.712
2025-06-19 06:15:00+00:00;100.0;2.1;2.1
2025-06-19 06:30:00+00:00;100.0;2.324;2.324
2025-06-19 06:45:00+00:00;100.0;1.92;1.92
2025-06-19 07:00:00+00:00;100.0;1.72;1.72
2025-06-19 07:15:00+00:00;100.0;1.292;1.292
2025-06-19 07:30:00+00:00;100.0;1.18;1.18
2025-06-19 07:45:00+00:00;100.0;1.756;1.756
2025-06-19 08:00:00+00:00;100.0;1.332;1.332
2025-06-19 08:15:00+00:00;100.0;1.2;1.2
2025-06-19 08:30:00+00:00;100.0;1.188;1.188
2025-06-19 08:45:00+00:00;100.0;1.18;1.18
2025-06-19 09:00:00+00:00;100.0;1.172;1.172
2025-06-19 09:15:00+00:00;100.0;1.14;1.14
2025-06-19 09:30:00+00:00;100.0;1.268;1.268
2025-06-19 09:45:00+00:00;100.0;1.456;1.456
2025-06-19 10:00:00+00:00;100.0;1.112;1.112
2025-06-19 10:15:00+00:00;100.0;1.072;1.072
2025-06-19 10:30:00+00:00;100.0;2.048;2.048
2025-06-19 10:45:00+00:00;100.0;1.428;1.428
2025-06-19 11:00:00+00:00;100.0;1.104;1.104
2025-06-19 11:15:00+00:00;100.0;1.068;1.068
2025-06-19 11:30:00+00:00;100.0;1.48;1.48
2025-06-19 11:45:00+00:00;100.0;1.4;1.4
2025-06-19 12:00:00+00:00;100.0;1.232;1.232
2025-06-19 12:15:00+00:00;100.0;2.828;2.828
2025-06-19 12:30:00+00:00;100.0;1.228;1.228
2025-06-19 12:45:00+00:00;100.0;2.02;2.02
2025-06-19 13:00:00+00:00;100.0;2.128;2.128
2025-06-19 13:15:00+00:00;100.0;1.22;1.22
2025-06-19 13:30:00+00:00;100.0;1.328;1.328
2025-06-19 13:45:00+00:00;100.0;1.084;1.084
2025-06-19 14:00:00+00:00;100.0;2.76;2.76
2025-06-19 14:15:00+00:00;100.0;1.404;1.404
2025-06-19 14:30:00+00:00;100.0;1.06;1.06
2025-06-19 14:45:00+00:00;100.0;1.028;1.028
2025-06-19 15:00:00+00:00;100.0;1.064;1.064
2025-06-19 15:15:00+00:00;100.0;1.124;1.124
2025-06-19 15:30:00+00:00;100.0;1.168;1.168
2025-06-19 15:45:00+00:00;100.0;1.496;1.496
2025-06-19 16:00:00+00:00;100.0;1.624;1.624
2025-06-19 16:15:00+00:00;100.0;1.408;1.408
2025-06-19 16:30:00+00:00;100.0;1.144;1.144
2025-06-19 16:45:00+00:00;100.0;1.188;1.188
2025-06-19 17:00:00+00:00;100.0;0.776;0.776
2025-06-19 17:15:00+00:00;100.0;0.688;0.688
2025-06-19 17:30:00+00:00;100.0;0.856;0.856
2025-06-19 17:45:00+00:00;100.0;0.944;0.944
2025-06-19 18:00:00+00:00;100.0;0.228;0.228
2025-06-19 18:15:00+00:00;100.0;0.08;0.08
2025-06-19 18:30:00+00:00;100.0;0.56;0.56
2025-06-19 18:45:00+00:00;100.0;0.452;0.452
2025-06-19 19:00:00+00:00;100.0;0.232;0.232
2025-06-19 19:15:00+00:00;;0.0;0.0
2025-06-19 19:30:00+00:00;;0.0;0.0
2025-06-19 19:45:00+00:00;;0.0;0.0
2025-06-19 20:00:00+00:00;;0.0;0.0
2025-06-19 20:15:00+00:00;;0.0;0.0
2025-06-19 20:30:00+00:00;;0.0;0.0
2025-06-19 20:45:00+00:00;;0.0;0.0
2025-06-19 21:00:00+00:00;;0.0;0.0
2025-06-19 21:15:00+00:00;;0.0;0.0
2025-06-19 21:30:00+00:00;;0.0;0.0
2025-06-19 21:45:00+00:00;;0.0;0.0
2025-06-19 22:00:00+00:00;;0.0;0.0
2025-06-19 22:15:00+00:00;;0.0;0.0
2025-06-19 22:30:00+00:00;;0.0;0.0
2025-06-19 22:45:00+00:00;;0.0;0.0
2025-06-19 23:00:00+00:00;;0.0;0.0
2025-06-19 23:15:00+00:00;;0.0;0.0
2025-06-19 23:30:00+00:00;;0.0;0.0
2025-06-19 23:45:00+00:00;;0.0;0.0
2025-06-20 00:00:00+00:00;;0.0;0.0
2025-06-20 00:15:00+00:00;;0.0;0.0
2025-06-20 00:30:00+00:00;;0.0;0.0
2025-06-20 00:45:00+00:00;;0.0;0.0
2025-06-20 01:00:00+00:00;;0.0;0.0
2025-06-20 01:15:00+00:00;;0.0;0.0
2025-06-20 01:30:00+00:00;;0.0;0.0
2025-06-20 01:45:00+00:00;;0.0;0.0
2025-06-20 02:00:00+00:00;;0.0;0.0
2025-06-20 02:15:00+00:00;;0.0;0.0
2025-06-20 02:30:00+00:00;;0.0;0.0
2025-06-20 02:45:00+00:00;;0.0;0.0
2025-06-20 03:00:00+00:00;;0.0;0.0
2025-06-20 03:15:00+00:00;;0.0;0.0
2025-06-20 03:30:00+00:00;;0.0;0.0
2025-06-20 03:45:00+00:00;100.0;0.008;0.008
2025-06-20 04:00:00+00:00;100.0;0.144;0.144
2025-06-20 04:15:00+00:00;100.0;0.204;0.204
2025-06-20 04:30:00+00:00;100.0;0.384;0.384
2025-06-20 04:45:00+00:00;100.0;0.516;0.516
2025-06-20 05:00:00+00:00;100.0;0.536;0.536
2025-06-20 05:15:00+00:00;100.0;0.732;0.732
2025-06-20 05:30:00+00:00;100.0;1.072;1.072
2025-06-20 05:45:00+00:00;100.0;1.444;1.444
2025-06-20 06:00:00+00:00;100.0;1.672;1.672
2025-06-20 06:15:00+00:00;100.0;2.208;2.208
2025-06-20 06:30:00+00:00;100.0;1.804;1.804
2025-06-20 06:45:00+00:00;100.0;1.284;1.284
2025-06-20 07:00:00+00:00;100.0;2.192;2.192
2025-06-20 07:15:00+00:00;100.0;2.896;2.896
2025-06-20 07:30:00+00:00;100.0;2.092;2.092
2025-06-20 07:45:00+00:00;100.0;1.248;1.248
2025-06-20 08:00:00+00:00;100.0;1.604;1.604
2025-06-20 08:15:00+00:00;100.0;1.764;1.764
2025-06-20 08:30:00+00:00;100.0;1.296;1.296
2025-06-20 08:45:00+00:00;100.0;1.892;1.892
2025-06-20 09:00:00+00:00;100.0;2.204;2.204
2025-06-20 09:15:00+00:00;100.0;1.612;1.612
2025-06-20 09:30:00+00:00;100.0;5.096;5.096
2025-06-20 09:45:00+00:00;100.0;4.416;4.416
2025-06-20 10:00:00+00:00;100.0;3.164;3.164
2025-06-20 10:15:00+00:00;100.0;1.736;1.736
2025-06-20 10:30:00+00:00;100.0;1.368;1.368
2025-06-20 10:45:00+00:00;100.0;1.288;1.288
2025-06-20 11:00:00+00:00;100.0;1.888;1.888
2025-06-20 11:15:00+00:00;100.0;2.1;2.1
2025-06-20 11:30:00+00:00;100.0;1.68;1.68
2025-06-20 11:45:00+00:00;100.0;1.244;1.244
2025-06-20 12:00:00+00:00;100.0;1.292;1.292
2025-06-20 12:15:00+00:00;100.0;1.18;1.18
2025-06-20 12:30:00+00:00;100.0;1.36;1.36
2025-06-20 12:45:00+00:00;100.0;3.26;3.26
2025-06-20 13:00:00+00:00;100.0;1.452;1.452
2025-06-20 13:15:00+00:00;100.0;1.372;1.372
2025-06-20 13:30:00+00:00;100.0;1.216;1.216
2025-06-20 13:45:00+00:00;100.0;1.192;1.192
2025-06-20 14:00:00+00:00;100.0;1.348;1.348
2025-06-20 14:15:00+00:00;100.0;1.2;1.2
2025-06-20 14:30:00+00:00;100.0;1.092;1.092
2025-06-20 14:45:00+00:00;100.0;1.112;1.112
2025-06-20 15:00:00+00:00;100.0;1.12;1.12
2025-06-20 15:15:00+00:00;100.0;1.224;1.224
2025-06-20 15:30:00+00:00;100.0;1.436;1.436
2025-06-20 15:45:00+00:00;100.0;1.364;1.364
2025-06-20 16:00:00+00:00;100.0;1.128;1.128
2025-06-20 16:15:00+00:00;100.0;1.06;1.06
2025-06-20 16:30:00+00:00;100.0;1.088;1.088
2025-06-20 16:45:00+00:00;100.0;0.992;0.992
2025-06-20 17:00:00+00:00;100.0;0.628;0.628
2025-06-20 17:15:00+00:00;100.0;1.872;1.872
2025-06-20 17:30:00+00:00;100.0;1.132;1.132
2025-06-20 17:45:00+00:00;100.0;0.844;0.844
2025-06-20 18:00:00+00:00;100.0;0.78;0.78
2025-06-20 18:15:00+00:00;100.0;0.604;0.604
2025-06-20 18:30:00+00:00;100.0;0.112;0.112
2025-06-20 18:45:00+00:00;;0.0;0.0
2025-06-20 19:00:00+00:00;;0.0;0.0
2025-06-20 19:15:00+00:00;;0.0;0.0
2025-06-20 19:30:00+00:00;;0.0;0.0
2025-06-20 19:45:00+00:00;;0.0;0.0
2025-06-20 20:00:00+00:00;;0.0;0.0
2025-06-20 20:15:00+00:00;;0.0;0.0
2025-06-20 20:30:00+00:00;;0.0;0.0
2025-06-20 20:45:00+00:00;;0.0;0.0
2025-06-20 21:00:00+00:00;;0.0;0.0
2025-06-20 21:15:00+00:00;;0.0;0.0
2025-06-20 21:30:00+00:00;;0.0;0.0
2025-06-20 21:45:00+00:00;;0.0;0.0
2025-06-20 22:00:00+00:00;;0.0;0.0
2025-06-20 22:15:00+00:00;;0.0;0.0
2025-06-20 22:30:00+00:00;;0.0;0.0
2025-06-20 22:45:00+00:00;;0.0;0.0
2025-06-20 23:00:00+00:00;;0.0;0.0
2025-06-20 23:15:00+00:00;;0.0;0.0
2025-06-20 23:30:00+00:00;;0.0;0.0
2025-06-20 23:45:00+00:00;;0.0;0.0
2025-06-21 00:00:00+00:00;;0.0;0.0
2025-06-21 00:15:00+00:00;;0.0;0.0
2025-06-21 00:30:00+00:00;;0.0;0.0
2025-06-21 00:45:00+00:00;;0.0;0.0
2025-06-21 01:00:00+00:00;;0.0;0.0
2025-06-21 01:15:00+00:00;;0.0;0.0
2025-06-21 01:30:00+00:00;;0.0;0.0
2025-06-21 01:45:00+00:00;;0.0;0.0
2025-06-21 02:00:00+00:00;;0.0;0.0
2025-06-21 02:15:00+00:00;;0.0;0.0
2025-06-21 02:30:00+00:00;;0.0;0.0
2025-06-21 02:45:00+00:00;;0.0;0.0
2025-06-21 03:00:00+00:00;;0.0;0.0
2025-06-21 03:15:00+00:00;;0.0;0.0
2025-06-21 03:30:00+00:00;;0.0;0.0
2025-06-21 03:45:00+00:00;;0.0;0.0
2025-06-21 04:00:00+00:00;100.0;0.1;0.1
2025-06-21 04:15:00+00:00;100.0;0.256;0.256
2025-06-21 04:30:00+00:00;100.0;0.308;0.308
2025-06-21 04:45:00+00:00;100.0;0.608;0.608
2025-06-21 05:00:00+00:00;100.0;0.628;0.628
2025-06-21 05:15:00+00:00;100.0;0.796;0.796
2025-06-21 05:30:00+00:00;100.0;1.208;1.208
2025-06-21 05:45:00+00:00;100.0;1.388;1.388
2025-06-21 06:00:00+00:00;100.0;1.54;1.54
2025-06-21 06:15:00+00:00;100.0;1.508;1.508
2025-06-21 06:30:00+00:00;100.0;2.056;2.056
2025-06-21 06:45:00+00:00;100.0;1.328;1.328
2025-06-21 07:00:00+00:00;100.0;1.704;1.704
2025-06-21 07:15:00+00:00;100.0;2.096;2.096
2025-06-21 07:30:00+00:00;100.0;1.056;1.056
2025-06-21 07:45:00+00:00;100.0;1.296;1.296
2025-06-21 08:00:00+00:00;100.0;2.052;2.052
2025-06-21 08:15:00+00:00;100.0;3.288;3.288
2025-06-21 08:30:00+00:00;100.0;2.528;2.528
2025-06-21 08:45:00+00:00;100.0;1.372;1.372
2025-06-21 09:00:00+00:00;100.0;2.372;2.372
2025-06-21 09:15:00+00:00;100.0;3.156;3.156
2025-06-21 09:30:00+00:00;100.0;2.728;2.728
2025-06-21 09:45:00+00:00;100.0;3.704;3.704
2025-06-21 10:00:00+00:00;100.0;1.784;1.784
2025-06-21 10:15:00+00:00;100.0;2.064;2.064
2025-06-21 10:30:00+00:00;100.0;1.42;1.42
2025-06-21 10:45:00+00:00;100.0;1.688;1.688
2025-06-21 11:00:00+00:00;100.0;1.84;1.84
2025-06-21 11:15:00+00:00;100.0;1.8;1.8
2025-06-21 11:30:00+00:00;100.0;2.628;2.628
2025-06-21 11:45:00+00:00;100.0;2.616;2.616
2025-06-21 12:00:00+00:00;100.0;2.3;2.3
2025-06-21 12:15:00+00:00;100.0;1.084;1.084
2025-06-21 12:30:00+00:00;100.0;1.188;1.188
2025-06-21 12:45:00+00:00;100.0;1.38;1.38
2025-06-21 13:00:00+00:00;100.0;1.024;1.024
2025-06-21 13:15:00+00:00;100.0;1.932;1.932
2025-06-21 13:30:00+00:00;100.0;1.156;1.156
2025-06-21 13:45:00+00:00;100.0;1.044;1.044
2025-06-21 14:00:00+00:00;100.0;1.076;1.076
2025-06-21 14:15:00+00:00;100.0;1.148;1.148
2025-06-21 14:30:00+00:00;100.0;1.136;1.136
2025-06-21 14:45:00+00:00;100.0;1.504;1.504
2025-06-21 15:00:00+00:00;100.0;1.08;1.08
2025-06-21 15:15:00+00:00;100.0;1.484;1.484
2025-06-21 15:30:00+00:00;100.0;1.212;1.212
2025-06-21 15:45:00+00:00;100.0;1.112;1.112
2025-06-21 16:00:00+00:00;100.0;1.192;1.192
2025-06-21 16:15:00+00:00;100.0;1.184;1.184
2025-06-21 16:30:00+00:00;100.0;1.268;1.268
2025-06-21 16:45:00+00:00;100.0;1.24;1.24
2025-06-21 17:00:00+00:00;100.0;1.22;1.22
2025-06-21 17:15:00+00:00;100.0;1.18;1.18
2025-06-21 17:30:00+00:00;100.0;1.088;1.088
2025-06-21 17:45:00+00:00;100.0;0.936;0.936
2025-06-21 18:00:00+00:00;100.0;0.812;0.812
2025-06-21 18:15:00+00:00;100.0;0.768;0.768
2025-06-21 18:30:00+00:00;100.0;0.568;0.568
2025-06-21 18:45:00+00:00;100.0;0.356;0.356
2025-06-21 19:00:00+00:00;100.0;0.216;0.216
2025-06-21 19:15:00+00:00;100.0;0.012;0.012
2025-06-21 19:30:00+00:00;;0.0;0.0
2025-06-21 19:45:00+00:00;;0.0;0.0
2025-06-21 20:00:00+00:00;;0.0;0.0
2025-06-21 20:15:00+00:00;;0.0;0.0
2025-06-21 20:30:00+00:00;;0.0;0.0
2025-06-21 20:45:00+00:00;;0.0;0.0
2025-06-21 21:00:00+00:00;;0.0;0.0
2025-06-21 21:15:00+00:00;;0.0;0.0
2025-06-21 21:30:00+00:00;;0.0;0.0
2025-06-21 21:45:00+00:00;;0.0;0.0
2025-06-21 22:00:00+00:00;;0.0;0.0
2025-06-21 22:15:00+00:00;;0.0;0.0
2025-06-21 22:30:00+00:00;;0.0;0.0
2025-06-21 22:45:00+00:00;;0.0;0.0
2025-06-21 23:00:00+00:00;;0.0;0.0
2025-06-21 23:15:00+00:00;;0.0;0.0
2025-06-21 23:30:00+00:00;;0.0;0.0
2025-06-21 23:45:00+00:00;;0.0;0.0
2025-06-22 00:00:00+00:00;;0.0;0.0
2025-06-22 00:15:00+00:00;;0.0;0.0
2025-06-22 00:30:00+00:00;;0.0;0.0
2025-06-22 00:45:00+00:00;;0.0;0.0
2025-06-22 01:00:00+00:00;;0.0;0.0
2025-06-22 01:15:00+00:00;;0.0;0.0
2025-06-22 01:30:00+00:00;;0.0;0.0
2025-06-22 01:45:00+00:00;;0.0;0.0
2025-06-22 02:00:00+00:00;;0.0;0.0
2025-06-22 02:15:00+00:00;;0.0;0.0
2025-06-22 02:30:00+00:00;;0.0;0.0
2025-06-22 02:45:00+00:00;;0.0;0.0
2025-06-22 03:00:00+00:00;;0.0;0.0
2025-06-22 03:15:00+00:00;;0.0;0.0
2025-06-22 03:30:00+00:00;;0.0;0.0
2025-06-22 03:45:00+00:00;;0.0;0.0
2025-06-22 04:00:00+00:00;100.0;0.1;0.1
2025-06-22 04:15:00+00:00;100.0;0.116;0.116
2025-06-22 04:30:00+00:00;100.0;0.384;0.384
2025-06-22 04:45:00+00:00;100.0;0.376;0.376
2025-06-22 05:00:00+00:00;100.0;0.672;0.672
2025-06-22 05:15:00+00:00;100.0;0.868;0.868
2025-06-22 05:30:00+00:00;100.0;0.98;0.98
2025-06-22 05:45:00+00:00;100.0;1.428;1.428
2025-06-22 06:00:00+00:00;100.0;1.368;1.368
2025-06-22 06:15:00+00:00;100.0;1.22;1.22
2025-06-22 06:30:00+00:00;100.0;2.06;2.06
2025-06-22 06:45:00+00:00;100.0;1.652;1.652
2025-06-22 07:00:00+00:00;100.0;2.656;2.656
2025-06-22 07:15:00+00:00;100.0;3.136;3.136
2025-06-22 07:30:00+00:00;100.0;2.92;2.92
2025-06-22 07:45:00+00:00;100.0;1.068;1.068
2025-06-22 08:00:00+00:00;100.0;0.776;0.776
2025-06-22 08:15:00+00:00;100.0;0.86;0.86
2025-06-22 08:30:00+00:00;100.0;2.056;2.056
2025-06-22 08:45:00+00:00;100.0;0.984;0.984
2025-06-22 09:00:00+00:00;100.0;0.816;0.816
2025-06-22 09:15:00+00:00;100.0;1.0;1.0
2025-06-22 09:30:00+00:00;100.0;2.056;2.056
2025-06-22 09:45:00+00:00;100.0;4.14;4.14
2025-06-22 10:00:00+00:00;100.0;2.684;2.684
2025-06-22 10:15:00+00:00;100.0;2.364;2.364
2025-06-22 10:30:00+00:00;100.0;3.924;3.924
2025-06-22 10:45:00+00:00;100.0;2.38;2.38
2025-06-22 11:00:00+00:00;100.0;2.112;2.112
2025-06-22 11:15:00+00:00;100.0;2.964;2.964
2025-06-22 11:30:00+00:00;100.0;2.24;2.24
2025-06-22 11:45:00+00:00;100.0;2.172;2.172
2025-06-22 12:00:00+00:00;100.0;1.884;1.884
2025-06-22 12:15:00+00:00;100.0;2.8;2.8
2025-06-22 12:30:00+00:00;100.0;1.5;1.5
2025-06-22 12:45:00+00:00;100.0;1.288;1.288
2025-06-22 13:00:00+00:00;100.0;1.244;1.244
2025-06-22 13:15:00+00:00;100.0;1.316;1.316
2025-06-22 13:30:00+00:00;100.0;1.416;1.416
2025-06-22 13:45:00+00:00;100.0;1.444;1.444
2025-06-22 14:00:00+00:00;100.0;1.536;1.536
2025-06-22 14:15:00+00:00;100.0;1.68;1.68
2025-06-22 14:30:00+00:00;100.0;2.144;2.144
2025-06-22 14:45:00+00:00;100.0;2.184;2.184
2025-06-22 15:00:00+00:00;100.0;1.68;1.68
2025-06-22 15:15:00+00:00;100.0;1.668;1.668
2025-06-22 15:30:00+00:00;100.0;1.264;1.264
2025-06-22 15:45:00+00:00;100.0;1.12;1.12
2025-06-22 16:00:00+00:00;100.0;1.112;1.112
2025-06-22 16:15:00+00:00;100.0;0.032;0.032
2025-06-22 16:30:00+00:00;100.0;0.204;0.204
2025-06-22 16:45:00+00:00;100.0;0.58;0.58
2025-06-22 17:00:00+00:00;100.0;0.696;0.696
2025-06-22 17:15:00+00:00;100.0;0.504;0.504
2025-06-22 17:30:00+00:00;100.0;0.528;0.528
2025-06-22 17:45:00+00:00;100.0;0.484;0.484
2025-06-22 18:00:00+00:00;100.0;0.636;0.636
2025-06-22 18:15:00+00:00;100.0;0.604;0.604
2025-06-22 18:30:00+00:00;100.0;0.548;0.548
2025-06-22 18:45:00+00:00;100.0;0.516;0.516
2025-06-22 19:00:00+00:00;100.0;0.188;0.188
2025-06-22 19:15:00+00:00;;0.0;0.0
2025-06-22 19:30:00+00:00;;0.0;0.0
2025-06-22 19:45:00+00:00;;0.0;0.0
2025-06-22 20:00:00+00:00;;0.0;0.0
2025-06-22 20:15:00+00:00;;0.0;0.0
2025-06-22 20:30:00+00:00;;0.0;0.0
2025-06-22 20:45:00+00:00;;0.0;0.0
2025-06-22 21:00:00+00:00;;0.0;0.0
2025-06-22 21:15:00+00:00;;0.0;0.0
2025-06-22 21:30:00+00:00;;0.0;0.0
2025-06-22 21:45:00+00:00;;0.0;0.0
