startedAt;temperature;weather_condition;dew_point;rain;snowfall;cloud_cover
2025-01-20 23:00:00+00:00;-3.8;overcast;-4.9;0.0;0.0;83
2025-01-20 23:15:00+00:00;-3.8;overcast;-4.9;0.0;0.0;83
2025-01-20 23:30:00+00:00;-3.8;overcast;-4.9;0.0;0.0;83
2025-01-20 23:45:00+00:00;-3.8;overcast;-4.9;0.0;0.0;83
2025-01-21 00:00:00+00:00;-3.8;overcast;-4.9;0.0;0.0;99
2025-01-21 00:15:00+00:00;-3.8;overcast;-4.9;0.0;0.0;99
2025-01-21 00:30:00+00:00;-3.8;overcast;-4.9;0.0;0.0;99
2025-01-21 00:45:00+00:00;-3.8;overcast;-4.9;0.0;0.0;99
2025-01-21 01:00:00+00:00;-4.0;overcast;-4.9;0.0;0.0;100
2025-01-21 01:15:00+00:00;-4.0;overcast;-4.9;0.0;0.0;100
2025-01-21 01:30:00+00:00;-4.0;overcast;-4.9;0.0;0.0;100
2025-01-21 01:45:00+00:00;-4.0;overcast;-4.9;0.0;0.0;100
2025-01-21 02:00:00+00:00;-3.3;overcast;-3.6;0.0;0.0;100
2025-01-21 02:15:00+00:00;-3.3;overcast;-3.6;0.0;0.0;100
2025-01-21 02:30:00+00:00;-3.3;overcast;-3.6;0.0;0.0;100
2025-01-21 02:45:00+00:00;-3.3;overcast;-3.6;0.0;0.0;100
2025-01-21 03:00:00+00:00;-3.4;overcast;-3.6;0.0;0.0;100
2025-01-21 03:15:00+00:00;-3.4;overcast;-3.6;0.0;0.0;100
2025-01-21 03:30:00+00:00;-3.4;overcast;-3.6;0.0;0.0;100
2025-01-21 03:45:00+00:00;-3.4;overcast;-3.6;0.0;0.0;100
2025-01-21 04:00:00+00:00;-3.4;overcast;-3.7;0.0;0.0;100
2025-01-21 04:15:00+00:00;-3.4;overcast;-3.7;0.0;0.0;100
2025-01-21 04:30:00+00:00;-3.4;overcast;-3.7;0.0;0.0;100
2025-01-21 04:45:00+00:00;-3.4;overcast;-3.7;0.0;0.0;100
2025-01-21 05:00:00+00:00;-3.2;overcast;-3.4;0.0;0.0;100
2025-01-21 05:15:00+00:00;-3.2;overcast;-3.4;0.0;0.0;100
2025-01-21 05:30:00+00:00;-3.2;overcast;-3.4;0.0;0.0;100
2025-01-21 05:45:00+00:00;-3.2;overcast;-3.4;0.0;0.0;100
2025-01-21 06:00:00+00:00;-3.3;overcast;-3.5;0.0;0.0;100
2025-01-21 06:15:00+00:00;-3.3;overcast;-3.5;0.0;0.0;100
2025-01-21 06:30:00+00:00;-3.3;overcast;-3.5;0.0;0.0;100
2025-01-21 06:45:00+00:00;-3.3;overcast;-3.5;0.0;0.0;100
2025-01-21 07:00:00+00:00;-3.4;overcast;-3.6;0.0;0.0;100
2025-01-21 07:15:00+00:00;-3.4;overcast;-3.6;0.0;0.0;100
2025-01-21 07:30:00+00:00;-3.4;overcast;-3.6;0.0;0.0;100
2025-01-21 07:45:00+00:00;-3.4;overcast;-3.6;0.0;0.0;100
2025-01-21 08:00:00+00:00;-3.4;overcast;-3.7;0.0;0.0;100
2025-01-21 08:15:00+00:00;-3.4;overcast;-3.7;0.0;0.0;100
2025-01-21 08:30:00+00:00;-3.4;overcast;-3.7;0.0;0.0;100
2025-01-21 08:45:00+00:00;-3.4;overcast;-3.7;0.0;0.0;100
2025-01-21 09:00:00+00:00;-3.3;overcast;-3.5;0.0;0.0;100
2025-01-21 09:15:00+00:00;-3.3;overcast;-3.5;0.0;0.0;100
2025-01-21 09:30:00+00:00;-3.3;overcast;-3.5;0.0;0.0;100
2025-01-21 09:45:00+00:00;-3.3;overcast;-3.5;0.0;0.0;100
2025-01-21 10:00:00+00:00;-2.4;overcast;-2.9;0.0;0.0;99
2025-01-21 10:15:00+00:00;-2.4;overcast;-2.9;0.0;0.0;99
2025-01-21 10:30:00+00:00;-2.4;overcast;-2.9;0.0;0.0;99
2025-01-21 10:45:00+00:00;-2.4;overcast;-2.9;0.0;0.0;99
2025-01-21 11:00:00+00:00;-0.3;clear;-1.6;0.0;0.0;15
2025-01-21 11:15:00+00:00;-0.3;clear;-1.6;0.0;0.0;15
2025-01-21 11:30:00+00:00;-0.3;clear;-1.6;0.0;0.0;15
2025-01-21 11:45:00+00:00;-0.3;clear;-1.6;0.0;0.0;15
2025-01-21 12:00:00+00:00;1.9;clear;-0.9;0.0;0.0;5
2025-01-21 12:15:00+00:00;1.9;clear;-0.9;0.0;0.0;5
2025-01-21 12:30:00+00:00;1.9;clear;-0.9;0.0;0.0;5
2025-01-21 12:45:00+00:00;1.9;clear;-0.9;0.0;0.0;5
2025-01-21 13:00:00+00:00;3.5;clear;-0.3;0.0;0.0;19
2025-01-21 13:15:00+00:00;3.5;clear;-0.3;0.0;0.0;19
2025-01-21 13:30:00+00:00;3.5;clear;-0.3;0.0;0.0;19
2025-01-21 13:45:00+00:00;3.5;clear;-0.3;0.0;0.0;19
2025-01-21 14:00:00+00:00;2.6;clear;-2.9;0.0;0.0;4
2025-01-21 14:15:00+00:00;2.6;clear;-2.9;0.0;0.0;4
2025-01-21 14:30:00+00:00;2.6;clear;-2.9;0.0;0.0;4
2025-01-21 14:45:00+00:00;2.6;clear;-2.9;0.0;0.0;4
2025-01-21 15:00:00+00:00;3.1;clear;-3.2;0.0;0.0;3
2025-01-21 15:15:00+00:00;3.1;clear;-3.2;0.0;0.0;3
2025-01-21 15:30:00+00:00;3.1;clear;-3.2;0.0;0.0;3
2025-01-21 15:45:00+00:00;3.1;clear;-3.2;0.0;0.0;3
2025-01-21 16:00:00+00:00;2.2;clear;-3.2;0.0;0.0;0
2025-01-21 16:15:00+00:00;2.2;clear;-3.2;0.0;0.0;0
2025-01-21 16:30:00+00:00;2.2;clear;-3.2;0.0;0.0;0
2025-01-21 16:45:00+00:00;2.2;clear;-3.2;0.0;0.0;0
2025-01-21 17:00:00+00:00;-0.7;overcast;-3.9;0.0;0.0;81
2025-01-21 17:15:00+00:00;-0.7;overcast;-3.9;0.0;0.0;81
2025-01-21 17:30:00+00:00;-0.7;overcast;-3.9;0.0;0.0;81
2025-01-21 17:45:00+00:00;-0.7;overcast;-3.9;0.0;0.0;81
2025-01-21 18:00:00+00:00;-2.0;clear;-4.3;0.0;0.0;5
2025-01-21 18:15:00+00:00;-2.0;clear;-4.3;0.0;0.0;5
2025-01-21 18:30:00+00:00;-2.0;clear;-4.3;0.0;0.0;5
2025-01-21 18:45:00+00:00;-2.0;clear;-4.3;0.0;0.0;5
2025-01-21 19:00:00+00:00;-2.0;mainly clear;-4.1;0.0;0.0;44
2025-01-21 19:15:00+00:00;-2.0;mainly clear;-4.1;0.0;0.0;44
2025-01-21 19:30:00+00:00;-2.0;mainly clear;-4.1;0.0;0.0;44
2025-01-21 19:45:00+00:00;-2.0;mainly clear;-4.1;0.0;0.0;44
2025-01-21 20:00:00+00:00;-2.3;clear;-4.3;0.0;0.0;1
2025-01-21 20:15:00+00:00;-2.3;clear;-4.3;0.0;0.0;1
2025-01-21 20:30:00+00:00;-2.3;clear;-4.3;0.0;0.0;1
2025-01-21 20:45:00+00:00;-2.3;clear;-4.3;0.0;0.0;1
2025-01-21 21:00:00+00:00;-2.7;clear;-4.6;0.0;0.0;16
2025-01-21 21:15:00+00:00;-2.7;clear;-4.6;0.0;0.0;16
2025-01-21 21:30:00+00:00;-2.7;clear;-4.6;0.0;0.0;16
2025-01-21 21:45:00+00:00;-2.7;clear;-4.6;0.0;0.0;16
2025-01-21 22:00:00+00:00;-3.0;clear;-4.9;0.0;0.0;6
2025-01-21 22:15:00+00:00;-3.0;clear;-4.9;0.0;0.0;6
2025-01-21 22:30:00+00:00;-3.0;clear;-4.9;0.0;0.0;6
2025-01-21 22:45:00+00:00;-3.0;clear;-4.9;0.0;0.0;6
2025-01-21 23:00:00+00:00;-3.2;partly cloudy;-5.0;0.0;0.0;75
2025-01-21 23:15:00+00:00;-3.2;partly cloudy;-5.0;0.0;0.0;75
2025-01-21 23:30:00+00:00;-3.2;partly cloudy;-5.0;0.0;0.0;75
2025-01-21 23:45:00+00:00;-3.2;partly cloudy;-5.0;0.0;0.0;75
2025-01-22 00:00:00+00:00;-3.8;overcast;-5.2;0.0;0.0;100
2025-01-22 00:15:00+00:00;-3.8;overcast;-5.2;0.0;0.0;100
2025-01-22 00:30:00+00:00;-3.8;overcast;-5.2;0.0;0.0;100
2025-01-22 00:45:00+00:00;-3.8;overcast;-5.2;0.0;0.0;100
2025-01-22 01:00:00+00:00;-4.2;overcast;-5.4;0.0;0.0;100
2025-01-22 01:15:00+00:00;-4.2;overcast;-5.4;0.0;0.0;100
2025-01-22 01:30:00+00:00;-4.2;overcast;-5.4;0.0;0.0;100
2025-01-22 01:45:00+00:00;-4.2;overcast;-5.4;0.0;0.0;100
2025-01-22 02:00:00+00:00;-4.0;overcast;-5.5;0.0;0.0;100
2025-01-22 02:15:00+00:00;-4.0;overcast;-5.5;0.0;0.0;100
2025-01-22 02:30:00+00:00;-4.0;overcast;-5.5;0.0;0.0;100
2025-01-22 02:45:00+00:00;-4.0;overcast;-5.5;0.0;0.0;100
2025-01-22 03:00:00+00:00;-2.9;overcast;-4.5;0.0;0.0;100
2025-01-22 03:15:00+00:00;-2.9;overcast;-4.5;0.0;0.0;100
2025-01-22 03:30:00+00:00;-2.9;overcast;-4.5;0.0;0.0;100
2025-01-22 03:45:00+00:00;-2.9;overcast;-4.5;0.0;0.0;100
2025-01-22 04:00:00+00:00;-2.1;overcast;-3.9;0.0;0.0;100
2025-01-22 04:15:00+00:00;-2.1;overcast;-3.9;0.0;0.0;100
2025-01-22 04:30:00+00:00;-2.1;overcast;-3.9;0.0;0.0;100
2025-01-22 04:45:00+00:00;-2.1;overcast;-3.9;0.0;0.0;100
2025-01-22 05:00:00+00:00;-1.6;overcast;-3.6;0.0;0.0;100
2025-01-22 05:15:00+00:00;-1.6;overcast;-3.6;0.0;0.0;100
2025-01-22 05:30:00+00:00;-1.6;overcast;-3.6;0.0;0.0;100
2025-01-22 05:45:00+00:00;-1.6;overcast;-3.6;0.0;0.0;100
2025-01-22 06:00:00+00:00;-1.0;overcast;-3.3;0.0;0.0;100
2025-01-22 06:15:00+00:00;-1.0;overcast;-3.3;0.0;0.0;100
2025-01-22 06:30:00+00:00;-1.0;overcast;-3.3;0.0;0.0;100
2025-01-22 06:45:00+00:00;-1.0;overcast;-3.3;0.0;0.0;100
2025-01-22 07:00:00+00:00;-0.4;overcast;-3.1;0.0;0.0;100
2025-01-22 07:15:00+00:00;-0.4;overcast;-3.1;0.0;0.0;100
2025-01-22 07:30:00+00:00;-0.4;overcast;-3.1;0.0;0.0;100
2025-01-22 07:45:00+00:00;-0.4;overcast;-3.1;0.0;0.0;100
2025-01-22 08:00:00+00:00;-0.1;overcast;-3.0;0.0;0.0;100
2025-01-22 08:15:00+00:00;-0.1;overcast;-3.0;0.0;0.0;100
2025-01-22 08:30:00+00:00;-0.1;overcast;-3.0;0.0;0.0;100
2025-01-22 08:45:00+00:00;-0.1;overcast;-3.0;0.0;0.0;100
2025-01-22 09:00:00+00:00;-0.1;overcast;-3.0;0.0;0.0;97
2025-01-22 09:15:00+00:00;-0.1;overcast;-3.0;0.0;0.0;97
2025-01-22 09:30:00+00:00;-0.1;overcast;-3.0;0.0;0.0;97
2025-01-22 09:45:00+00:00;-0.1;overcast;-3.0;0.0;0.0;97
2025-01-22 10:00:00+00:00;1.4;overcast;-2.8;0.0;0.0;100
2025-01-22 10:15:00+00:00;1.4;overcast;-2.8;0.0;0.0;100
2025-01-22 10:30:00+00:00;1.4;overcast;-2.8;0.0;0.0;100
2025-01-22 10:45:00+00:00;1.4;overcast;-2.8;0.0;0.0;100
2025-01-22 11:00:00+00:00;3.4;overcast;-2.6;0.0;0.0;100
2025-01-22 11:15:00+00:00;3.4;overcast;-2.6;0.0;0.0;100
2025-01-22 11:30:00+00:00;3.4;overcast;-2.6;0.0;0.0;100
2025-01-22 11:45:00+00:00;3.4;overcast;-2.6;0.0;0.0;100
2025-01-22 12:00:00+00:00;2.7;light drizzle;-1.4;0.2;0.0;100
2025-01-22 12:15:00+00:00;2.7;light drizzle;-1.4;0.2;0.0;100
2025-01-22 12:30:00+00:00;2.7;light drizzle;-1.4;0.2;0.0;100
2025-01-22 12:45:00+00:00;2.7;light drizzle;-1.4;0.2;0.0;100
2025-01-22 13:00:00+00:00;2.7;light drizzle;-0.3;0.1;0.0;100
2025-01-22 13:15:00+00:00;2.7;light drizzle;-0.3;0.1;0.0;100
2025-01-22 13:30:00+00:00;2.7;light drizzle;-0.3;0.1;0.0;100
2025-01-22 13:45:00+00:00;2.7;light drizzle;-0.3;0.1;0.0;100
2025-01-22 14:00:00+00:00;1.3;overcast;0.6;0.0;0.0;100
2025-01-22 14:15:00+00:00;1.3;overcast;0.6;0.0;0.0;100
2025-01-22 14:30:00+00:00;1.3;overcast;0.6;0.0;0.0;100
2025-01-22 14:45:00+00:00;1.3;overcast;0.6;0.0;0.0;100
2025-01-22 15:00:00+00:00;2.0;overcast;1.5;0.0;0.0;100
2025-01-22 15:15:00+00:00;2.0;overcast;1.5;0.0;0.0;100
2025-01-22 15:30:00+00:00;2.0;overcast;1.5;0.0;0.0;100
2025-01-22 15:45:00+00:00;2.0;overcast;1.5;0.0;0.0;100
2025-01-22 16:00:00+00:00;2.4;overcast;1.9;0.0;0.0;100
2025-01-22 16:15:00+00:00;2.4;overcast;1.9;0.0;0.0;100
2025-01-22 16:30:00+00:00;2.4;overcast;1.9;0.0;0.0;100
2025-01-22 16:45:00+00:00;2.4;overcast;1.9;0.0;0.0;100
2025-01-22 17:00:00+00:00;2.5;overcast;2.1;0.0;0.0;100
2025-01-22 17:15:00+00:00;2.5;overcast;2.1;0.0;0.0;100
2025-01-22 17:30:00+00:00;2.5;overcast;2.1;0.0;0.0;100
2025-01-22 17:45:00+00:00;2.5;overcast;2.1;0.0;0.0;100
2025-01-22 18:00:00+00:00;2.5;overcast;2.1;0.0;0.0;100
2025-01-22 18:15:00+00:00;2.5;overcast;2.1;0.0;0.0;100
2025-01-22 18:30:00+00:00;2.5;overcast;2.1;0.0;0.0;100
2025-01-22 18:45:00+00:00;2.5;overcast;2.1;0.0;0.0;100
2025-01-22 19:00:00+00:00;2.1;overcast;1.7;0.0;0.0;100
2025-01-22 19:15:00+00:00;2.1;overcast;1.7;0.0;0.0;100
2025-01-22 19:30:00+00:00;2.1;overcast;1.7;0.0;0.0;100
2025-01-22 19:45:00+00:00;2.1;overcast;1.7;0.0;0.0;100
2025-01-22 20:00:00+00:00;1.7;overcast;1.5;0.0;0.0;100
2025-01-22 20:15:00+00:00;1.7;overcast;1.5;0.0;0.0;100
2025-01-22 20:30:00+00:00;1.7;overcast;1.5;0.0;0.0;100
2025-01-22 20:45:00+00:00;1.7;overcast;1.5;0.0;0.0;100
2025-01-22 21:00:00+00:00;1.8;light drizzle;1.6;0.1;0.0;100
2025-01-22 21:15:00+00:00;1.8;light drizzle;1.6;0.1;0.0;100
2025-01-22 21:30:00+00:00;1.8;light drizzle;1.6;0.1;0.0;100
2025-01-22 21:45:00+00:00;1.8;light drizzle;1.6;0.1;0.0;100
2025-01-22 22:00:00+00:00;2.1;slight rain;1.8;1.4;0.0;100
2025-01-22 22:15:00+00:00;2.1;slight rain;1.8;1.4;0.0;100
2025-01-22 22:30:00+00:00;2.1;slight rain;1.8;1.4;0.0;100
2025-01-22 22:45:00+00:00;2.1;slight rain;1.8;1.4;0.0;100
2025-01-22 23:00:00+00:00;2.6;moderate rain;2.4;2.7;0.0;100
2025-01-22 23:15:00+00:00;2.6;moderate rain;2.4;2.7;0.0;100
2025-01-22 23:30:00+00:00;2.6;moderate rain;2.4;2.7;0.0;100
2025-01-22 23:45:00+00:00;2.6;moderate rain;2.4;2.7;0.0;100
2025-01-23 00:00:00+00:00;3.1;dense drizzle;3.0;1.2;0.0;100
2025-01-23 00:15:00+00:00;3.1;dense drizzle;3.0;1.2;0.0;100
2025-01-23 00:30:00+00:00;3.1;dense drizzle;3.0;1.2;0.0;100
2025-01-23 00:45:00+00:00;3.1;dense drizzle;3.0;1.2;0.0;100
2025-01-23 01:00:00+00:00;3.9;slight rain;3.7;1.7;0.0;100
2025-01-23 01:15:00+00:00;3.9;slight rain;3.7;1.7;0.0;100
2025-01-23 01:30:00+00:00;3.9;slight rain;3.7;1.7;0.0;100
2025-01-23 01:45:00+00:00;3.9;slight rain;3.7;1.7;0.0;100
2025-01-23 02:00:00+00:00;4.4;slight rain;4.3;1.9;0.0;100
2025-01-23 02:15:00+00:00;4.4;slight rain;4.3;1.9;0.0;100
2025-01-23 02:30:00+00:00;4.4;slight rain;4.3;1.9;0.0;100
2025-01-23 02:45:00+00:00;4.4;slight rain;4.3;1.9;0.0;100
2025-01-23 03:00:00+00:00;4.7;slight rain;4.6;1.6;0.0;100
2025-01-23 03:15:00+00:00;4.7;slight rain;4.6;1.6;0.0;100
2025-01-23 03:30:00+00:00;4.7;slight rain;4.6;1.6;0.0;100
2025-01-23 03:45:00+00:00;4.7;slight rain;4.6;1.6;0.0;100
2025-01-23 04:00:00+00:00;2.7;light drizzle;2.4;0.4;0.0;100
2025-01-23 04:15:00+00:00;2.7;light drizzle;2.4;0.4;0.0;100
2025-01-23 04:30:00+00:00;2.7;light drizzle;2.4;0.4;0.0;100
2025-01-23 04:45:00+00:00;2.7;light drizzle;2.4;0.4;0.0;100
2025-01-23 05:00:00+00:00;1.6;moderate drizzle;1.3;0.5;0.0;100
2025-01-23 05:15:00+00:00;1.6;moderate drizzle;1.3;0.5;0.0;100
2025-01-23 05:30:00+00:00;1.6;moderate drizzle;1.3;0.5;0.0;100
2025-01-23 05:45:00+00:00;1.6;moderate drizzle;1.3;0.5;0.0;100
2025-01-23 06:00:00+00:00;1.6;light drizzle;1.1;0.1;0.0;99
2025-01-23 06:15:00+00:00;1.6;light drizzle;1.1;0.1;0.0;99
2025-01-23 06:30:00+00:00;1.6;light drizzle;1.1;0.1;0.0;99
2025-01-23 06:45:00+00:00;1.6;light drizzle;1.1;0.1;0.0;99
2025-01-23 07:00:00+00:00;2.1;overcast;1.7;0.0;0.0;100
2025-01-23 07:15:00+00:00;2.1;overcast;1.7;0.0;0.0;100
2025-01-23 07:30:00+00:00;2.1;overcast;1.7;0.0;0.0;100
2025-01-23 07:45:00+00:00;2.1;overcast;1.7;0.0;0.0;100
2025-01-23 08:00:00+00:00;2.4;overcast;2.0;0.0;0.0;100
2025-01-23 08:15:00+00:00;2.4;overcast;2.0;0.0;0.0;100
2025-01-23 08:30:00+00:00;2.4;overcast;2.0;0.0;0.0;100
2025-01-23 08:45:00+00:00;2.4;overcast;2.0;0.0;0.0;100
2025-01-23 09:00:00+00:00;2.2;overcast;1.7;0.0;0.0;100
2025-01-23 09:15:00+00:00;2.2;overcast;1.7;0.0;0.0;100
2025-01-23 09:30:00+00:00;2.2;overcast;1.7;0.0;0.0;100
2025-01-23 09:45:00+00:00;2.2;overcast;1.7;0.0;0.0;100
2025-01-23 10:00:00+00:00;2.2;overcast;1.4;0.0;0.0;100
2025-01-23 10:15:00+00:00;2.2;overcast;1.4;0.0;0.0;100
2025-01-23 10:30:00+00:00;2.2;overcast;1.4;0.0;0.0;100
2025-01-23 10:45:00+00:00;2.2;overcast;1.4;0.0;0.0;100
2025-01-23 11:00:00+00:00;2.1;light drizzle;1.0;0.1;0.0;100
2025-01-23 11:15:00+00:00;2.1;light drizzle;1.0;0.1;0.0;100
2025-01-23 11:30:00+00:00;2.1;light drizzle;1.0;0.1;0.0;100
2025-01-23 11:45:00+00:00;2.1;light drizzle;1.0;0.1;0.0;100
2025-01-23 12:00:00+00:00;2.1;overcast;0.1;0.0;0.0;100
2025-01-23 12:15:00+00:00;2.1;overcast;0.1;0.0;0.0;100
2025-01-23 12:30:00+00:00;2.1;overcast;0.1;0.0;0.0;100
2025-01-23 12:45:00+00:00;2.1;overcast;0.1;0.0;0.0;100
2025-01-23 13:00:00+00:00;2.3;light drizzle;-0.1;0.1;0.0;100
2025-01-23 13:15:00+00:00;2.3;light drizzle;-0.1;0.1;0.0;100
2025-01-23 13:30:00+00:00;2.3;light drizzle;-0.1;0.1;0.0;100
2025-01-23 13:45:00+00:00;2.3;light drizzle;-0.1;0.1;0.0;100
2025-01-23 14:00:00+00:00;2.3;overcast;-0.1;0.0;0.0;100
2025-01-23 14:15:00+00:00;2.3;overcast;-0.1;0.0;0.0;100
2025-01-23 14:30:00+00:00;2.3;overcast;-0.1;0.0;0.0;100
2025-01-23 14:45:00+00:00;2.3;overcast;-0.1;0.0;0.0;100
2025-01-23 15:00:00+00:00;3.0;overcast;0.0;0.0;0.0;100
2025-01-23 15:15:00+00:00;3.0;overcast;0.0;0.0;0.0;100
2025-01-23 15:30:00+00:00;3.0;overcast;0.0;0.0;0.0;100
2025-01-23 15:45:00+00:00;3.0;overcast;0.0;0.0;0.0;100
2025-01-23 16:00:00+00:00;3.3;overcast;0.5;0.0;0.0;100
2025-01-23 16:15:00+00:00;3.3;overcast;0.5;0.0;0.0;100
2025-01-23 16:30:00+00:00;3.3;overcast;0.5;0.0;0.0;100
2025-01-23 16:45:00+00:00;3.3;overcast;0.5;0.0;0.0;100
2025-01-23 17:00:00+00:00;3.1;overcast;0.8;0.0;0.0;100
2025-01-23 17:15:00+00:00;3.1;overcast;0.8;0.0;0.0;100
2025-01-23 17:30:00+00:00;3.1;overcast;0.8;0.0;0.0;100
2025-01-23 17:45:00+00:00;3.1;overcast;0.8;0.0;0.0;100
2025-01-23 18:00:00+00:00;2.6;overcast;0.7;0.0;0.0;100
2025-01-23 18:15:00+00:00;2.6;overcast;0.7;0.0;0.0;100
2025-01-23 18:30:00+00:00;2.6;overcast;0.7;0.0;0.0;100
2025-01-23 18:45:00+00:00;2.6;overcast;0.7;0.0;0.0;100
2025-01-23 19:00:00+00:00;2.6;overcast;0.5;0.0;0.0;100
2025-01-23 19:15:00+00:00;2.6;overcast;0.5;0.0;0.0;100
2025-01-23 19:30:00+00:00;2.6;overcast;0.5;0.0;0.0;100
2025-01-23 19:45:00+00:00;2.6;overcast;0.5;0.0;0.0;100
2025-01-23 20:00:00+00:00;2.9;overcast;0.5;0.0;0.0;90
2025-01-23 20:15:00+00:00;2.9;overcast;0.5;0.0;0.0;90
2025-01-23 20:30:00+00:00;2.9;overcast;0.5;0.0;0.0;90
2025-01-23 20:45:00+00:00;2.9;overcast;0.5;0.0;0.0;90
2025-01-23 21:00:00+00:00;2.0;heavy snow;0.7;0.4;0.91;100
2025-01-23 21:15:00+00:00;2.0;heavy snow;0.7;0.4;0.91;100
2025-01-23 21:30:00+00:00;2.0;heavy snow;0.7;0.4;0.91;100
2025-01-23 21:45:00+00:00;2.0;heavy snow;0.7;0.4;0.91;100
2025-01-23 22:00:00+00:00;2.8;moderate snow;1.4;0.4;0.63;100
2025-01-23 22:15:00+00:00;2.8;moderate snow;1.4;0.4;0.63;100
2025-01-23 22:30:00+00:00;2.8;moderate snow;1.4;0.4;0.63;100
2025-01-23 22:45:00+00:00;2.8;moderate snow;1.4;0.4;0.63;100
2025-01-23 23:00:00+00:00;2.7;light drizzle;1.9;0.4;0.0;100
2025-01-23 23:15:00+00:00;2.7;light drizzle;1.9;0.4;0.0;100
2025-01-23 23:30:00+00:00;2.7;light drizzle;1.9;0.4;0.0;100
2025-01-23 23:45:00+00:00;2.7;light drizzle;1.9;0.4;0.0;100
2025-01-24 00:00:00+00:00;3.0;moderate drizzle;2.4;0.5;0.0;100
2025-01-24 00:15:00+00:00;3.0;moderate drizzle;2.4;0.5;0.0;100
2025-01-24 00:30:00+00:00;3.0;moderate drizzle;2.4;0.5;0.0;100
2025-01-24 00:45:00+00:00;3.0;moderate drizzle;2.4;0.5;0.0;100
2025-01-24 01:00:00+00:00;3.4;moderate drizzle;3.0;0.5;0.0;100
2025-01-24 01:15:00+00:00;3.4;moderate drizzle;3.0;0.5;0.0;100
2025-01-24 01:30:00+00:00;3.4;moderate drizzle;3.0;0.5;0.0;100
2025-01-24 01:45:00+00:00;3.4;moderate drizzle;3.0;0.5;0.0;100
2025-01-24 02:00:00+00:00;3.8;light drizzle;3.4;0.1;0.0;100
2025-01-24 02:15:00+00:00;3.8;light drizzle;3.4;0.1;0.0;100
2025-01-24 02:30:00+00:00;3.8;light drizzle;3.4;0.1;0.0;100
2025-01-24 02:45:00+00:00;3.8;light drizzle;3.4;0.1;0.0;100
2025-01-24 03:00:00+00:00;4.0;overcast;3.6;0.0;0.0;100
2025-01-24 03:15:00+00:00;4.0;overcast;3.6;0.0;0.0;100
2025-01-24 03:30:00+00:00;4.0;overcast;3.6;0.0;0.0;100
2025-01-24 03:45:00+00:00;4.0;overcast;3.6;0.0;0.0;100
2025-01-24 04:00:00+00:00;4.2;overcast;3.7;0.0;0.0;100
2025-01-24 04:15:00+00:00;4.2;overcast;3.7;0.0;0.0;100
2025-01-24 04:30:00+00:00;4.2;overcast;3.7;0.0;0.0;100
2025-01-24 04:45:00+00:00;4.2;overcast;3.7;0.0;0.0;100
2025-01-24 05:00:00+00:00;4.5;overcast;3.8;0.0;0.0;100
2025-01-24 05:15:00+00:00;4.5;overcast;3.8;0.0;0.0;100
2025-01-24 05:30:00+00:00;4.5;overcast;3.8;0.0;0.0;100
2025-01-24 05:45:00+00:00;4.5;overcast;3.8;0.0;0.0;100
2025-01-24 06:00:00+00:00;4.3;overcast;3.6;0.0;0.0;100
2025-01-24 06:15:00+00:00;4.3;overcast;3.6;0.0;0.0;100
2025-01-24 06:30:00+00:00;4.3;overcast;3.6;0.0;0.0;100
2025-01-24 06:45:00+00:00;4.3;overcast;3.6;0.0;0.0;100
2025-01-24 07:00:00+00:00;4.1;overcast;3.1;0.0;0.0;100
2025-01-24 07:15:00+00:00;4.1;overcast;3.1;0.0;0.0;100
2025-01-24 07:30:00+00:00;4.1;overcast;3.1;0.0;0.0;100
2025-01-24 07:45:00+00:00;4.1;overcast;3.1;0.0;0.0;100
2025-01-24 08:00:00+00:00;3.2;overcast;2.2;0.0;0.0;100
2025-01-24 08:15:00+00:00;3.2;overcast;2.2;0.0;0.0;100
2025-01-24 08:30:00+00:00;3.2;overcast;2.2;0.0;0.0;100
2025-01-24 08:45:00+00:00;3.2;overcast;2.2;0.0;0.0;100
2025-01-24 09:00:00+00:00;2.8;overcast;1.8;0.0;0.0;100
2025-01-24 09:15:00+00:00;2.8;overcast;1.8;0.0;0.0;100
2025-01-24 09:30:00+00:00;2.8;overcast;1.8;0.0;0.0;100
2025-01-24 09:45:00+00:00;2.8;overcast;1.8;0.0;0.0;100
2025-01-24 10:00:00+00:00;3.2;overcast;1.2;0.0;0.0;100
2025-01-24 10:15:00+00:00;3.2;overcast;1.2;0.0;0.0;100
2025-01-24 10:30:00+00:00;3.2;overcast;1.2;0.0;0.0;100
2025-01-24 10:45:00+00:00;3.2;overcast;1.2;0.0;0.0;100
2025-01-24 11:00:00+00:00;4.9;overcast;0.5;0.0;0.0;100
2025-01-24 11:15:00+00:00;4.9;overcast;0.5;0.0;0.0;100
2025-01-24 11:30:00+00:00;4.9;overcast;0.5;0.0;0.0;100
2025-01-24 11:45:00+00:00;4.9;overcast;0.5;0.0;0.0;100
2025-01-24 12:00:00+00:00;6.0;light drizzle;1.1;0.4;0.0;100
2025-01-24 12:15:00+00:00;6.0;light drizzle;1.1;0.4;0.0;100
2025-01-24 12:30:00+00:00;6.0;light drizzle;1.1;0.4;0.0;100
2025-01-24 12:45:00+00:00;6.0;light drizzle;1.1;0.4;0.0;100
2025-01-24 13:00:00+00:00;4.7;moderate drizzle;3.4;0.7;0.0;100
2025-01-24 13:15:00+00:00;4.7;moderate drizzle;3.4;0.7;0.0;100
2025-01-24 13:30:00+00:00;4.7;moderate drizzle;3.4;0.7;0.0;100
2025-01-24 13:45:00+00:00;4.7;moderate drizzle;3.4;0.7;0.0;100
2025-01-24 14:00:00+00:00;6.8;light drizzle;3.4;0.4;0.0;100
2025-01-24 14:15:00+00:00;6.8;light drizzle;3.4;0.4;0.0;100
2025-01-24 14:30:00+00:00;6.8;light drizzle;3.4;0.4;0.0;100
2025-01-24 14:45:00+00:00;6.8;light drizzle;3.4;0.4;0.0;100
2025-01-24 15:00:00+00:00;6.6;light drizzle;4.2;0.4;0.0;100
2025-01-24 15:15:00+00:00;6.6;light drizzle;4.2;0.4;0.0;100
2025-01-24 15:30:00+00:00;6.6;light drizzle;4.2;0.4;0.0;100
2025-01-24 15:45:00+00:00;6.6;light drizzle;4.2;0.4;0.0;100
2025-01-24 16:00:00+00:00;6.7;light drizzle;4.7;0.3;0.0;100
2025-01-24 16:15:00+00:00;6.7;light drizzle;4.7;0.3;0.0;100
2025-01-24 16:30:00+00:00;6.7;light drizzle;4.7;0.3;0.0;100
2025-01-24 16:45:00+00:00;6.7;light drizzle;4.7;0.3;0.0;100
2025-01-24 17:00:00+00:00;6.6;light drizzle;5.2;0.3;0.0;100
2025-01-24 17:15:00+00:00;6.6;light drizzle;5.2;0.3;0.0;100
2025-01-24 17:30:00+00:00;6.6;light drizzle;5.2;0.3;0.0;100
2025-01-24 17:45:00+00:00;6.6;light drizzle;5.2;0.3;0.0;100
2025-01-24 18:00:00+00:00;6.5;light drizzle;5.8;0.3;0.0;100
2025-01-24 18:15:00+00:00;6.5;light drizzle;5.8;0.3;0.0;100
2025-01-24 18:30:00+00:00;6.5;light drizzle;5.8;0.3;0.0;100
2025-01-24 18:45:00+00:00;6.5;light drizzle;5.8;0.3;0.0;100
2025-01-24 19:00:00+00:00;6.5;light drizzle;5.9;0.3;0.0;100
2025-01-24 19:15:00+00:00;6.5;light drizzle;5.9;0.3;0.0;100
2025-01-24 19:30:00+00:00;6.5;light drizzle;5.9;0.3;0.0;100
2025-01-24 19:45:00+00:00;6.5;light drizzle;5.9;0.3;0.0;100
2025-01-24 20:00:00+00:00;6.6;light drizzle;6.0;0.4;0.0;100
2025-01-24 20:15:00+00:00;6.6;light drizzle;6.0;0.4;0.0;100
2025-01-24 20:30:00+00:00;6.6;light drizzle;6.0;0.4;0.0;100
2025-01-24 20:45:00+00:00;6.6;light drizzle;6.0;0.4;0.0;100
2025-01-24 21:00:00+00:00;6.5;moderate drizzle;5.9;0.7;0.0;100
2025-01-24 21:15:00+00:00;6.5;moderate drizzle;5.9;0.7;0.0;100
2025-01-24 21:30:00+00:00;6.5;moderate drizzle;5.9;0.7;0.0;100
2025-01-24 21:45:00+00:00;6.5;moderate drizzle;5.9;0.7;0.0;100
2025-01-24 22:00:00+00:00;6.3;dense drizzle;5.6;1.0;0.0;100
2025-01-24 22:15:00+00:00;6.3;dense drizzle;5.6;1.0;0.0;100
2025-01-24 22:30:00+00:00;6.3;dense drizzle;5.6;1.0;0.0;100
2025-01-24 22:45:00+00:00;6.3;dense drizzle;5.6;1.0;0.0;100
2025-01-24 23:00:00+00:00;6.4;moderate drizzle;5.7;0.5;0.0;100
2025-01-24 23:15:00+00:00;6.4;moderate drizzle;5.7;0.5;0.0;100
2025-01-24 23:30:00+00:00;6.4;moderate drizzle;5.7;0.5;0.0;100
2025-01-24 23:45:00+00:00;6.4;moderate drizzle;5.7;0.5;0.0;100
2025-01-25 00:00:00+00:00;7.3;overcast;5.4;0.0;0.0;100
2025-01-25 00:15:00+00:00;7.3;overcast;5.4;0.0;0.0;100
2025-01-25 00:30:00+00:00;7.3;overcast;5.4;0.0;0.0;100
2025-01-25 00:45:00+00:00;7.3;overcast;5.4;0.0;0.0;100
2025-01-25 01:00:00+00:00;7.6;light drizzle;5.3;0.1;0.0;100
2025-01-25 01:15:00+00:00;7.6;light drizzle;5.3;0.1;0.0;100
2025-01-25 01:30:00+00:00;7.6;light drizzle;5.3;0.1;0.0;100
2025-01-25 01:45:00+00:00;7.6;light drizzle;5.3;0.1;0.0;100
2025-01-25 02:00:00+00:00;7.8;light drizzle;6.9;0.4;0.0;100
2025-01-25 02:15:00+00:00;7.8;light drizzle;6.9;0.4;0.0;100
2025-01-25 02:30:00+00:00;7.8;light drizzle;6.9;0.4;0.0;100
2025-01-25 02:45:00+00:00;7.8;light drizzle;6.9;0.4;0.0;100
2025-01-25 03:00:00+00:00;7.3;moderate drizzle;6.7;0.7;0.0;100
2025-01-25 03:15:00+00:00;7.3;moderate drizzle;6.7;0.7;0.0;100
2025-01-25 03:30:00+00:00;7.3;moderate drizzle;6.7;0.7;0.0;100
2025-01-25 03:45:00+00:00;7.3;moderate drizzle;6.7;0.7;0.0;100
2025-01-25 04:00:00+00:00;6.9;moderate drizzle;6.3;0.9;0.0;100
2025-01-25 04:15:00+00:00;6.9;moderate drizzle;6.3;0.9;0.0;100
2025-01-25 04:30:00+00:00;6.9;moderate drizzle;6.3;0.9;0.0;100
2025-01-25 04:45:00+00:00;6.9;moderate drizzle;6.3;0.9;0.0;100
2025-01-25 05:00:00+00:00;6.5;light drizzle;5.7;0.4;0.0;100
2025-01-25 05:15:00+00:00;6.5;light drizzle;5.7;0.4;0.0;100
2025-01-25 05:30:00+00:00;6.5;light drizzle;5.7;0.4;0.0;100
2025-01-25 05:45:00+00:00;6.5;light drizzle;5.7;0.4;0.0;100
2025-01-25 06:00:00+00:00;6.8;light drizzle;5.2;0.1;0.0;100
2025-01-25 06:15:00+00:00;6.8;light drizzle;5.2;0.1;0.0;100
2025-01-25 06:30:00+00:00;6.8;light drizzle;5.2;0.1;0.0;100
2025-01-25 06:45:00+00:00;6.8;light drizzle;5.2;0.1;0.0;100
2025-01-25 07:00:00+00:00;7.3;light drizzle;5.4;0.3;0.0;100
2025-01-25 07:15:00+00:00;7.3;light drizzle;5.4;0.3;0.0;100
2025-01-25 07:30:00+00:00;7.3;light drizzle;5.4;0.3;0.0;100
2025-01-25 07:45:00+00:00;7.3;light drizzle;5.4;0.3;0.0;100
2025-01-25 08:00:00+00:00;7.6;light drizzle;5.6;0.2;0.0;100
2025-01-25 08:15:00+00:00;7.6;light drizzle;5.6;0.2;0.0;100
2025-01-25 08:30:00+00:00;7.6;light drizzle;5.6;0.2;0.0;100
2025-01-25 08:45:00+00:00;7.6;light drizzle;5.6;0.2;0.0;100
2025-01-25 09:00:00+00:00;8.2;overcast;5.6;0.0;0.0;100
2025-01-25 09:15:00+00:00;8.2;overcast;5.6;0.0;0.0;100
2025-01-25 09:30:00+00:00;8.2;overcast;5.6;0.0;0.0;100
2025-01-25 09:45:00+00:00;8.2;overcast;5.6;0.0;0.0;100
2025-01-25 10:00:00+00:00;9.1;light drizzle;5.9;0.2;0.0;100
2025-01-25 10:15:00+00:00;9.1;light drizzle;5.9;0.2;0.0;100
2025-01-25 10:30:00+00:00;9.1;light drizzle;5.9;0.2;0.0;100
2025-01-25 10:45:00+00:00;9.1;light drizzle;5.9;0.2;0.0;100
2025-01-25 11:00:00+00:00;9.1;light drizzle;6.3;0.3;0.0;100
2025-01-25 11:15:00+00:00;9.1;light drizzle;6.3;0.3;0.0;100
2025-01-25 11:30:00+00:00;9.1;light drizzle;6.3;0.3;0.0;100
2025-01-25 11:45:00+00:00;9.1;light drizzle;6.3;0.3;0.0;100
2025-01-25 12:00:00+00:00;10.0;overcast;5.9;0.0;0.0;100
2025-01-25 12:15:00+00:00;10.0;overcast;5.9;0.0;0.0;100
2025-01-25 12:30:00+00:00;10.0;overcast;5.9;0.0;0.0;100
2025-01-25 12:45:00+00:00;10.0;overcast;5.9;0.0;0.0;100
2025-01-25 13:00:00+00:00;11.6;overcast;5.9;0.0;0.0;100
2025-01-25 13:15:00+00:00;11.6;overcast;5.9;0.0;0.0;100
2025-01-25 13:30:00+00:00;11.6;overcast;5.9;0.0;0.0;100
2025-01-25 13:45:00+00:00;11.6;overcast;5.9;0.0;0.0;100
2025-01-25 14:00:00+00:00;10.4;overcast;6.8;0.0;0.0;100
2025-01-25 14:15:00+00:00;10.4;overcast;6.8;0.0;0.0;100
2025-01-25 14:30:00+00:00;10.4;overcast;6.8;0.0;0.0;100
2025-01-25 14:45:00+00:00;10.4;overcast;6.8;0.0;0.0;100
2025-01-25 15:00:00+00:00;8.6;moderate drizzle;7.9;0.7;0.0;100
2025-01-25 15:15:00+00:00;8.6;moderate drizzle;7.9;0.7;0.0;100
2025-01-25 15:30:00+00:00;8.6;moderate drizzle;7.9;0.7;0.0;100
2025-01-25 15:45:00+00:00;8.6;moderate drizzle;7.9;0.7;0.0;100
2025-01-25 16:00:00+00:00;7.7;moderate drizzle;7.5;0.7;0.0;100
2025-01-25 16:15:00+00:00;7.7;moderate drizzle;7.5;0.7;0.0;100
2025-01-25 16:30:00+00:00;7.7;moderate drizzle;7.5;0.7;0.0;100
2025-01-25 16:45:00+00:00;7.7;moderate drizzle;7.5;0.7;0.0;100
2025-01-25 17:00:00+00:00;6.5;light drizzle;6.4;0.4;0.0;100
2025-01-25 17:15:00+00:00;6.5;light drizzle;6.4;0.4;0.0;100
2025-01-25 17:30:00+00:00;6.5;light drizzle;6.4;0.4;0.0;100
2025-01-25 17:45:00+00:00;6.5;light drizzle;6.4;0.4;0.0;100
2025-01-25 18:00:00+00:00;6.1;light drizzle;5.9;0.4;0.0;100
2025-01-25 18:15:00+00:00;6.1;light drizzle;5.9;0.4;0.0;100
2025-01-25 18:30:00+00:00;6.1;light drizzle;5.9;0.4;0.0;100
2025-01-25 18:45:00+00:00;6.1;light drizzle;5.9;0.4;0.0;100
2025-01-25 19:00:00+00:00;5.6;slight rain;5.4;1.7;0.0;100
2025-01-25 19:15:00+00:00;5.6;slight rain;5.4;1.7;0.0;100
2025-01-25 19:30:00+00:00;5.6;slight rain;5.4;1.7;0.0;100
2025-01-25 19:45:00+00:00;5.6;slight rain;5.4;1.7;0.0;100
2025-01-25 20:00:00+00:00;5.6;moderate rain;5.5;3.0;0.0;100
2025-01-25 20:15:00+00:00;5.6;moderate rain;5.5;3.0;0.0;100
2025-01-25 20:30:00+00:00;5.6;moderate rain;5.5;3.0;0.0;100
2025-01-25 20:45:00+00:00;5.6;moderate rain;5.5;3.0;0.0;100
2025-01-25 21:00:00+00:00;5.6;slight rain;5.4;2.1;0.0;100
2025-01-25 21:15:00+00:00;5.6;slight rain;5.4;2.1;0.0;100
2025-01-25 21:30:00+00:00;5.6;slight rain;5.4;2.1;0.0;100
2025-01-25 21:45:00+00:00;5.6;slight rain;5.4;2.1;0.0;100
2025-01-25 22:00:00+00:00;5.4;slight rain;5.3;1.8;0.0;100
2025-01-25 22:15:00+00:00;5.4;slight rain;5.3;1.8;0.0;100
2025-01-25 22:30:00+00:00;5.4;slight rain;5.3;1.8;0.0;100
2025-01-25 22:45:00+00:00;5.4;slight rain;5.3;1.8;0.0;100
2025-01-25 23:00:00+00:00;5.7;dense drizzle;5.6;1.0;0.0;100
2025-01-25 23:15:00+00:00;5.7;dense drizzle;5.6;1.0;0.0;100
2025-01-25 23:30:00+00:00;5.7;dense drizzle;5.6;1.0;0.0;100
2025-01-25 23:45:00+00:00;5.7;dense drizzle;5.6;1.0;0.0;100
2025-01-26 00:00:00+00:00;6.1;dense drizzle;5.9;1.2;0.0;100
2025-01-26 00:15:00+00:00;6.1;dense drizzle;5.9;1.2;0.0;100
2025-01-26 00:30:00+00:00;6.1;dense drizzle;5.9;1.2;0.0;100
2025-01-26 00:45:00+00:00;6.1;dense drizzle;5.9;1.2;0.0;100
2025-01-26 01:00:00+00:00;7.4;light drizzle;6.8;0.2;0.0;100
2025-01-26 01:15:00+00:00;7.4;light drizzle;6.8;0.2;0.0;100
2025-01-26 01:30:00+00:00;7.4;light drizzle;6.8;0.2;0.0;100
2025-01-26 01:45:00+00:00;7.4;light drizzle;6.8;0.2;0.0;100
2025-01-26 02:00:00+00:00;6.2;light drizzle;5.9;0.1;0.0;100
2025-01-26 02:15:00+00:00;6.2;light drizzle;5.9;0.1;0.0;100
2025-01-26 02:30:00+00:00;6.2;light drizzle;5.9;0.1;0.0;100
2025-01-26 02:45:00+00:00;6.2;light drizzle;5.9;0.1;0.0;100
2025-01-26 03:00:00+00:00;6.9;light drizzle;5.9;0.2;0.0;95
2025-01-26 03:15:00+00:00;6.9;light drizzle;5.9;0.2;0.0;95
2025-01-26 03:30:00+00:00;6.9;light drizzle;5.9;0.2;0.0;95
2025-01-26 03:45:00+00:00;6.9;light drizzle;5.9;0.2;0.0;95
2025-01-26 04:00:00+00:00;6.2;dense drizzle;5.5;1.0;0.0;98
2025-01-26 04:15:00+00:00;6.2;dense drizzle;5.5;1.0;0.0;98
2025-01-26 04:30:00+00:00;6.2;dense drizzle;5.5;1.0;0.0;98
2025-01-26 04:45:00+00:00;6.2;dense drizzle;5.5;1.0;0.0;98
2025-01-26 05:00:00+00:00;4.8;light drizzle;4.0;0.2;0.0;100
2025-01-26 05:15:00+00:00;4.8;light drizzle;4.0;0.2;0.0;100
2025-01-26 05:30:00+00:00;4.8;light drizzle;4.0;0.2;0.0;100
2025-01-26 05:45:00+00:00;4.8;light drizzle;4.0;0.2;0.0;100
2025-01-26 06:00:00+00:00;4.1;light drizzle;3.8;0.3;0.0;100
2025-01-26 06:15:00+00:00;4.1;light drizzle;3.8;0.3;0.0;100
2025-01-26 06:30:00+00:00;4.1;light drizzle;3.8;0.3;0.0;100
2025-01-26 06:45:00+00:00;4.1;light drizzle;3.8;0.3;0.0;100
2025-01-26 07:00:00+00:00;3.8;light drizzle;3.3;0.1;0.0;100
2025-01-26 07:15:00+00:00;3.8;light drizzle;3.3;0.1;0.0;100
2025-01-26 07:30:00+00:00;3.8;light drizzle;3.3;0.1;0.0;100
2025-01-26 07:45:00+00:00;3.8;light drizzle;3.3;0.1;0.0;100
2025-01-26 08:00:00+00:00;3.6;light drizzle;3.2;0.1;0.0;100
2025-01-26 08:15:00+00:00;3.6;light drizzle;3.2;0.1;0.0;100
2025-01-26 08:30:00+00:00;3.6;light drizzle;3.2;0.1;0.0;100
2025-01-26 08:45:00+00:00;3.6;light drizzle;3.2;0.1;0.0;100
2025-01-26 09:00:00+00:00;1.9;overcast;0.8;0.0;0.0;100
2025-01-26 09:15:00+00:00;1.9;overcast;0.8;0.0;0.0;100
2025-01-26 09:30:00+00:00;1.9;overcast;0.8;0.0;0.0;100
2025-01-26 09:45:00+00:00;1.9;overcast;0.8;0.0;0.0;100
2025-01-26 10:00:00+00:00;2.1;overcast;0.4;0.0;0.0;100
2025-01-26 10:15:00+00:00;2.1;overcast;0.4;0.0;0.0;100
2025-01-26 10:30:00+00:00;2.1;overcast;0.4;0.0;0.0;100
2025-01-26 10:45:00+00:00;2.1;overcast;0.4;0.0;0.0;100
2025-01-26 11:00:00+00:00;2.1;overcast;-0.0;0.0;0.0;100
2025-01-26 11:15:00+00:00;2.1;overcast;-0.0;0.0;0.0;100
2025-01-26 11:30:00+00:00;2.1;overcast;-0.0;0.0;0.0;100
2025-01-26 11:45:00+00:00;2.1;overcast;-0.0;0.0;0.0;100
2025-01-26 12:00:00+00:00;2.7;overcast;-0.5;0.0;0.0;100
2025-01-26 12:15:00+00:00;2.7;overcast;-0.5;0.0;0.0;100
2025-01-26 12:30:00+00:00;2.7;overcast;-0.5;0.0;0.0;100
2025-01-26 12:45:00+00:00;2.7;overcast;-0.5;0.0;0.0;100
2025-01-26 13:00:00+00:00;3.3;overcast;-1.2;0.0;0.0;100
2025-01-26 13:15:00+00:00;3.3;overcast;-1.2;0.0;0.0;100
2025-01-26 13:30:00+00:00;3.3;overcast;-1.2;0.0;0.0;100
2025-01-26 13:45:00+00:00;3.3;overcast;-1.2;0.0;0.0;100
2025-01-26 14:00:00+00:00;3.0;overcast;-1.4;0.0;0.0;100
2025-01-26 14:15:00+00:00;3.0;overcast;-1.4;0.0;0.0;100
2025-01-26 14:30:00+00:00;3.0;overcast;-1.4;0.0;0.0;100
2025-01-26 14:45:00+00:00;3.0;overcast;-1.4;0.0;0.0;100
2025-01-26 15:00:00+00:00;3.8;overcast;-1.7;0.0;0.0;100
2025-01-26 15:15:00+00:00;3.8;overcast;-1.7;0.0;0.0;100
2025-01-26 15:30:00+00:00;3.8;overcast;-1.7;0.0;0.0;100
2025-01-26 15:45:00+00:00;3.8;overcast;-1.7;0.0;0.0;100
2025-01-26 16:00:00+00:00;4.1;overcast;-1.6;0.0;0.0;100
2025-01-26 16:15:00+00:00;4.1;overcast;-1.6;0.0;0.0;100
2025-01-26 16:30:00+00:00;4.1;overcast;-1.6;0.0;0.0;100
2025-01-26 16:45:00+00:00;4.1;overcast;-1.6;0.0;0.0;100
2025-01-26 17:00:00+00:00;3.4;overcast;-1.4;0.0;0.0;100
2025-01-26 17:15:00+00:00;3.4;overcast;-1.4;0.0;0.0;100
2025-01-26 17:30:00+00:00;3.4;overcast;-1.4;0.0;0.0;100
2025-01-26 17:45:00+00:00;3.4;overcast;-1.4;0.0;0.0;100
2025-01-26 18:00:00+00:00;3.8;overcast;-1.1;0.0;0.0;100
2025-01-26 18:15:00+00:00;3.8;overcast;-1.1;0.0;0.0;100
2025-01-26 18:30:00+00:00;3.8;overcast;-1.1;0.0;0.0;100
2025-01-26 18:45:00+00:00;3.8;overcast;-1.1;0.0;0.0;100
2025-01-26 19:00:00+00:00;4.4;light drizzle;-0.4;0.1;0.0;100
2025-01-26 19:15:00+00:00;4.4;light drizzle;-0.4;0.1;0.0;100
2025-01-26 19:30:00+00:00;4.4;light drizzle;-0.4;0.1;0.0;100
2025-01-26 19:45:00+00:00;4.4;light drizzle;-0.4;0.1;0.0;100
2025-01-26 20:00:00+00:00;5.3;light drizzle;0.8;0.1;0.0;100
2025-01-26 20:15:00+00:00;5.3;light drizzle;0.8;0.1;0.0;100
2025-01-26 20:30:00+00:00;5.3;light drizzle;0.8;0.1;0.0;100
2025-01-26 20:45:00+00:00;5.3;light drizzle;0.8;0.1;0.0;100
2025-01-26 21:00:00+00:00;5.8;light drizzle;2.3;0.1;0.0;100
2025-01-26 21:15:00+00:00;5.8;light drizzle;2.3;0.1;0.0;100
2025-01-26 21:30:00+00:00;5.8;light drizzle;2.3;0.1;0.0;100
2025-01-26 21:45:00+00:00;5.8;light drizzle;2.3;0.1;0.0;100
2025-01-26 22:00:00+00:00;6.8;overcast;2.3;0.0;0.0;100
2025-01-26 22:15:00+00:00;6.8;overcast;2.3;0.0;0.0;100
2025-01-26 22:30:00+00:00;6.8;overcast;2.3;0.0;0.0;100
2025-01-26 22:45:00+00:00;6.8;overcast;2.3;0.0;0.0;100
2025-01-26 23:00:00+00:00;7.3;overcast;2.0;0.0;0.0;100
2025-01-26 23:15:00+00:00;7.3;overcast;2.0;0.0;0.0;100
2025-01-26 23:30:00+00:00;7.3;overcast;2.0;0.0;0.0;100
2025-01-26 23:45:00+00:00;7.3;overcast;2.0;0.0;0.0;100
2025-01-27 00:00:00+00:00;6.8;overcast;1.9;0.0;0.0;100
2025-01-27 00:15:00+00:00;6.8;overcast;1.9;0.0;0.0;100
2025-01-27 00:30:00+00:00;6.8;overcast;1.9;0.0;0.0;100
2025-01-27 00:45:00+00:00;6.8;overcast;1.9;0.0;0.0;100
2025-01-27 01:00:00+00:00;6.8;overcast;2.3;0.0;0.0;100
2025-01-27 01:15:00+00:00;6.8;overcast;2.3;0.0;0.0;100
2025-01-27 01:30:00+00:00;6.8;overcast;2.3;0.0;0.0;100
2025-01-27 01:45:00+00:00;6.8;overcast;2.3;0.0;0.0;100
2025-01-27 02:00:00+00:00;6.4;slight rain;5.6;1.4;0.0;100
2025-01-27 02:15:00+00:00;6.4;slight rain;5.6;1.4;0.0;100
2025-01-27 02:30:00+00:00;6.4;slight rain;5.6;1.4;0.0;100
2025-01-27 02:45:00+00:00;6.4;slight rain;5.6;1.4;0.0;100
2025-01-27 03:00:00+00:00;6.7;dense drizzle;6.1;1.0;0.0;100
2025-01-27 03:15:00+00:00;6.7;dense drizzle;6.1;1.0;0.0;100
2025-01-27 03:30:00+00:00;6.7;dense drizzle;6.1;1.0;0.0;100
2025-01-27 03:45:00+00:00;6.7;dense drizzle;6.1;1.0;0.0;100
2025-01-27 04:00:00+00:00;7.5;moderate drizzle;6.9;0.7;0.0;100
2025-01-27 04:15:00+00:00;7.5;moderate drizzle;6.9;0.7;0.0;100
2025-01-27 04:30:00+00:00;7.5;moderate drizzle;6.9;0.7;0.0;100
2025-01-27 04:45:00+00:00;7.5;moderate drizzle;6.9;0.7;0.0;100
2025-01-27 05:00:00+00:00;8.6;light drizzle;7.2;0.1;0.0;100
2025-01-27 05:15:00+00:00;8.6;light drizzle;7.2;0.1;0.0;100
2025-01-27 05:30:00+00:00;8.6;light drizzle;7.2;0.1;0.0;100
2025-01-27 05:45:00+00:00;8.6;light drizzle;7.2;0.1;0.0;100
2025-01-27 06:00:00+00:00;9.2;light drizzle;7.1;0.2;0.0;100
2025-01-27 06:15:00+00:00;9.2;light drizzle;7.1;0.2;0.0;100
2025-01-27 06:30:00+00:00;9.2;light drizzle;7.1;0.2;0.0;100
2025-01-27 06:45:00+00:00;9.2;light drizzle;7.1;0.2;0.0;100
2025-01-27 07:00:00+00:00;8.2;dense drizzle;7.5;1.2;0.0;100
2025-01-27 07:15:00+00:00;8.2;dense drizzle;7.5;1.2;0.0;100
2025-01-27 07:30:00+00:00;8.2;dense drizzle;7.5;1.2;0.0;100
2025-01-27 07:45:00+00:00;8.2;dense drizzle;7.5;1.2;0.0;100
2025-01-27 08:00:00+00:00;8.3;moderate drizzle;7.1;0.9;0.0;100
2025-01-27 08:15:00+00:00;8.3;moderate drizzle;7.1;0.9;0.0;100
2025-01-27 08:30:00+00:00;8.3;moderate drizzle;7.1;0.9;0.0;100
2025-01-27 08:45:00+00:00;8.3;moderate drizzle;7.1;0.9;0.0;100
2025-01-27 09:00:00+00:00;8.7;light drizzle;7.4;0.2;0.0;100
2025-01-27 09:15:00+00:00;8.7;light drizzle;7.4;0.2;0.0;100
2025-01-27 09:30:00+00:00;8.7;light drizzle;7.4;0.2;0.0;100
2025-01-27 09:45:00+00:00;8.7;light drizzle;7.4;0.2;0.0;100
2025-01-27 10:00:00+00:00;9.0;overcast;7.6;0.0;0.0;97
2025-01-27 10:15:00+00:00;9.0;overcast;7.6;0.0;0.0;97
2025-01-27 10:30:00+00:00;9.0;overcast;7.6;0.0;0.0;97
2025-01-27 10:45:00+00:00;9.0;overcast;7.6;0.0;0.0;97
2025-01-27 11:00:00+00:00;8.7;moderate drizzle;8.0;0.6;0.0;100
2025-01-27 11:15:00+00:00;8.7;moderate drizzle;8.0;0.6;0.0;100
2025-01-27 11:30:00+00:00;8.7;moderate drizzle;8.0;0.6;0.0;100
2025-01-27 11:45:00+00:00;8.7;moderate drizzle;8.0;0.6;0.0;100
2025-01-27 12:00:00+00:00;8.7;light drizzle;7.3;0.4;0.0;96
2025-01-27 12:15:00+00:00;8.7;light drizzle;7.3;0.4;0.0;96
2025-01-27 12:30:00+00:00;8.7;light drizzle;7.3;0.4;0.0;96
2025-01-27 12:45:00+00:00;8.7;light drizzle;7.3;0.4;0.0;96
2025-01-27 13:00:00+00:00;8.7;light drizzle;6.2;0.2;0.0;100
2025-01-27 13:15:00+00:00;8.7;light drizzle;6.2;0.2;0.0;100
2025-01-27 13:30:00+00:00;8.7;light drizzle;6.2;0.2;0.0;100
2025-01-27 13:45:00+00:00;8.7;light drizzle;6.2;0.2;0.0;100
2025-01-27 14:00:00+00:00;8.7;light drizzle;5.3;0.1;0.0;100
2025-01-27 14:15:00+00:00;8.7;light drizzle;5.3;0.1;0.0;100
2025-01-27 14:30:00+00:00;8.7;light drizzle;5.3;0.1;0.0;100
2025-01-27 14:45:00+00:00;8.7;light drizzle;5.3;0.1;0.0;100
2025-01-27 15:00:00+00:00;8.8;overcast;5.3;0.0;0.0;100
2025-01-27 15:15:00+00:00;8.8;overcast;5.3;0.0;0.0;100
2025-01-27 15:30:00+00:00;8.8;overcast;5.3;0.0;0.0;100
2025-01-27 15:45:00+00:00;8.8;overcast;5.3;0.0;0.0;100
2025-01-27 16:00:00+00:00;8.7;overcast;5.2;0.0;0.0;100
2025-01-27 16:15:00+00:00;8.7;overcast;5.2;0.0;0.0;100
2025-01-27 16:30:00+00:00;8.7;overcast;5.2;0.0;0.0;100
2025-01-27 16:45:00+00:00;8.7;overcast;5.2;0.0;0.0;100
2025-01-27 17:00:00+00:00;6.3;moderate drizzle;4.4;0.8;0.0;100
2025-01-27 17:15:00+00:00;6.3;moderate drizzle;4.4;0.8;0.0;100
2025-01-27 17:30:00+00:00;6.3;moderate drizzle;4.4;0.8;0.0;100
2025-01-27 17:45:00+00:00;6.3;moderate drizzle;4.4;0.8;0.0;100
2025-01-27 18:00:00+00:00;6.9;light drizzle;5.8;0.2;0.0;99
2025-01-27 18:15:00+00:00;6.9;light drizzle;5.8;0.2;0.0;99
2025-01-27 18:30:00+00:00;6.9;light drizzle;5.8;0.2;0.0;99
2025-01-27 18:45:00+00:00;6.9;light drizzle;5.8;0.2;0.0;99
2025-01-27 19:00:00+00:00;6.5;moderate drizzle;5.2;0.9;0.0;100
2025-01-27 19:15:00+00:00;6.5;moderate drizzle;5.2;0.9;0.0;100
2025-01-27 19:30:00+00:00;6.5;moderate drizzle;5.2;0.9;0.0;100
2025-01-27 19:45:00+00:00;6.5;moderate drizzle;5.2;0.9;0.0;100
2025-01-27 20:00:00+00:00;6.4;slight rain;5.8;1.6;0.0;100
2025-01-27 20:15:00+00:00;6.4;slight rain;5.8;1.6;0.0;100
2025-01-27 20:30:00+00:00;6.4;slight rain;5.8;1.6;0.0;100
2025-01-27 20:45:00+00:00;6.4;slight rain;5.8;1.6;0.0;100
2025-01-27 21:00:00+00:00;6.6;light drizzle;5.6;0.2;0.0;100
2025-01-27 21:15:00+00:00;6.6;light drizzle;5.6;0.2;0.0;100
2025-01-27 21:30:00+00:00;6.6;light drizzle;5.6;0.2;0.0;100
2025-01-27 21:45:00+00:00;6.6;light drizzle;5.6;0.2;0.0;100
2025-01-27 22:00:00+00:00;6.5;overcast;5.2;0.0;0.0;100
2025-01-27 22:15:00+00:00;6.5;overcast;5.2;0.0;0.0;100
2025-01-27 22:30:00+00:00;6.5;overcast;5.2;0.0;0.0;100
2025-01-27 22:45:00+00:00;6.5;overcast;5.2;0.0;0.0;100
2025-01-27 23:00:00+00:00;6.1;overcast;4.5;0.0;0.0;100
2025-01-27 23:15:00+00:00;6.1;overcast;4.5;0.0;0.0;100
2025-01-27 23:30:00+00:00;6.1;overcast;4.5;0.0;0.0;100
2025-01-27 23:45:00+00:00;6.1;overcast;4.5;0.0;0.0;100
2025-01-28 00:00:00+00:00;5.6;overcast;4.0;0.0;0.0;100
2025-01-28 00:15:00+00:00;5.6;overcast;4.0;0.0;0.0;100
2025-01-28 00:30:00+00:00;5.6;overcast;4.0;0.0;0.0;100
2025-01-28 00:45:00+00:00;5.6;overcast;4.0;0.0;0.0;100
2025-01-28 01:00:00+00:00;5.7;light drizzle;4.0;0.1;0.0;45
2025-01-28 01:15:00+00:00;5.7;light drizzle;4.0;0.1;0.0;45
2025-01-28 01:30:00+00:00;5.7;light drizzle;4.0;0.1;0.0;45
2025-01-28 01:45:00+00:00;5.7;light drizzle;4.0;0.1;0.0;45
2025-01-28 02:00:00+00:00;5.3;overcast;3.9;0.0;0.0;100
2025-01-28 02:15:00+00:00;5.3;overcast;3.9;0.0;0.0;100
2025-01-28 02:30:00+00:00;5.3;overcast;3.9;0.0;0.0;100
2025-01-28 02:45:00+00:00;5.3;overcast;3.9;0.0;0.0;100
2025-01-28 03:00:00+00:00;5.5;overcast;3.9;0.0;0.0;100
2025-01-28 03:15:00+00:00;5.5;overcast;3.9;0.0;0.0;100
2025-01-28 03:30:00+00:00;5.5;overcast;3.9;0.0;0.0;100
2025-01-28 03:45:00+00:00;5.5;overcast;3.9;0.0;0.0;100
2025-01-28 04:00:00+00:00;5.4;overcast;3.8;0.0;0.0;100
2025-01-28 04:15:00+00:00;5.4;overcast;3.8;0.0;0.0;100
2025-01-28 04:30:00+00:00;5.4;overcast;3.8;0.0;0.0;100
2025-01-28 04:45:00+00:00;5.4;overcast;3.8;0.0;0.0;100
2025-01-28 05:00:00+00:00;5.0;overcast;3.6;0.0;0.0;100
2025-01-28 05:15:00+00:00;5.0;overcast;3.6;0.0;0.0;100
2025-01-28 05:30:00+00:00;5.0;overcast;3.6;0.0;0.0;100
2025-01-28 05:45:00+00:00;5.0;overcast;3.6;0.0;0.0;100
2025-01-28 06:00:00+00:00;5.1;overcast;3.5;0.0;0.0;100
2025-01-28 06:15:00+00:00;5.1;overcast;3.5;0.0;0.0;100
2025-01-28 06:30:00+00:00;5.1;overcast;3.5;0.0;0.0;100
2025-01-28 06:45:00+00:00;5.1;overcast;3.5;0.0;0.0;100
2025-01-28 07:00:00+00:00;5.0;overcast;3.2;0.0;0.0;100
2025-01-28 07:15:00+00:00;5.0;overcast;3.2;0.0;0.0;100
2025-01-28 07:30:00+00:00;5.0;overcast;3.2;0.0;0.0;100
2025-01-28 07:45:00+00:00;5.0;overcast;3.2;0.0;0.0;100
2025-01-28 08:00:00+00:00;4.9;overcast;3.1;0.0;0.0;100
2025-01-28 08:15:00+00:00;4.9;overcast;3.1;0.0;0.0;100
2025-01-28 08:30:00+00:00;4.9;overcast;3.1;0.0;0.0;100
2025-01-28 08:45:00+00:00;4.9;overcast;3.1;0.0;0.0;100
2025-01-28 09:00:00+00:00;5.0;partly cloudy;3.0;0.0;0.0;57
2025-01-28 09:15:00+00:00;5.0;partly cloudy;3.0;0.0;0.0;57
2025-01-28 09:30:00+00:00;5.0;partly cloudy;3.0;0.0;0.0;57
2025-01-28 09:45:00+00:00;5.0;partly cloudy;3.0;0.0;0.0;57
2025-01-28 10:00:00+00:00;5.7;overcast;3.1;0.0;0.0;100
2025-01-28 10:15:00+00:00;5.7;overcast;3.1;0.0;0.0;100
2025-01-28 10:30:00+00:00;5.7;overcast;3.1;0.0;0.0;100
2025-01-28 10:45:00+00:00;5.7;overcast;3.1;0.0;0.0;100
2025-01-28 11:00:00+00:00;6.0;light drizzle;2.5;0.1;0.0;100
2025-01-28 11:15:00+00:00;6.0;light drizzle;2.5;0.1;0.0;100
2025-01-28 11:30:00+00:00;6.0;light drizzle;2.5;0.1;0.0;100
2025-01-28 11:45:00+00:00;6.0;light drizzle;2.5;0.1;0.0;100
2025-01-28 12:00:00+00:00;6.2;overcast;2.5;0.0;0.0;100
2025-01-28 12:15:00+00:00;6.2;overcast;2.5;0.0;0.0;100
2025-01-28 12:30:00+00:00;6.2;overcast;2.5;0.0;0.0;100
2025-01-28 12:45:00+00:00;6.2;overcast;2.5;0.0;0.0;100
2025-01-28 13:00:00+00:00;6.5;overcast;2.8;0.0;0.0;100
2025-01-28 13:15:00+00:00;6.5;overcast;2.8;0.0;0.0;100
2025-01-28 13:30:00+00:00;6.5;overcast;2.8;0.0;0.0;100
2025-01-28 13:45:00+00:00;6.5;overcast;2.8;0.0;0.0;100
2025-01-28 14:00:00+00:00;7.5;light drizzle;3.2;0.2;0.0;91
2025-01-28 14:15:00+00:00;7.5;light drizzle;3.2;0.2;0.0;91
2025-01-28 14:30:00+00:00;7.5;light drizzle;3.2;0.2;0.0;91
2025-01-28 14:45:00+00:00;7.5;light drizzle;3.2;0.2;0.0;91
2025-01-28 15:00:00+00:00;7.1;light drizzle;3.3;0.1;0.0;100
2025-01-28 15:15:00+00:00;7.1;light drizzle;3.3;0.1;0.0;100
2025-01-28 15:30:00+00:00;7.1;light drizzle;3.3;0.1;0.0;100
2025-01-28 15:45:00+00:00;7.1;light drizzle;3.3;0.1;0.0;100
2025-01-28 16:00:00+00:00;6.4;light drizzle;4.1;0.2;0.0;100
2025-01-28 16:15:00+00:00;6.4;light drizzle;4.1;0.2;0.0;100
2025-01-28 16:30:00+00:00;6.4;light drizzle;4.1;0.2;0.0;100
2025-01-28 16:45:00+00:00;6.4;light drizzle;4.1;0.2;0.0;100
2025-01-28 17:00:00+00:00;6.2;light drizzle;4.0;0.2;0.0;100
2025-01-28 17:15:00+00:00;6.2;light drizzle;4.0;0.2;0.0;100
2025-01-28 17:30:00+00:00;6.2;light drizzle;4.0;0.2;0.0;100
2025-01-28 17:45:00+00:00;6.2;light drizzle;4.0;0.2;0.0;100
2025-01-28 18:00:00+00:00;5.9;light drizzle;4.2;0.2;0.0;100
2025-01-28 18:15:00+00:00;5.9;light drizzle;4.2;0.2;0.0;100
2025-01-28 18:30:00+00:00;5.9;light drizzle;4.2;0.2;0.0;100
2025-01-28 18:45:00+00:00;5.9;light drizzle;4.2;0.2;0.0;100
2025-01-28 19:00:00+00:00;5.8;light drizzle;3.8;0.1;0.0;100
2025-01-28 19:15:00+00:00;5.8;light drizzle;3.8;0.1;0.0;100
2025-01-28 19:30:00+00:00;5.8;light drizzle;3.8;0.1;0.0;100
2025-01-28 19:45:00+00:00;5.8;light drizzle;3.8;0.1;0.0;100
2025-01-28 20:00:00+00:00;5.8;light drizzle;3.8;0.1;0.0;100
2025-01-28 20:15:00+00:00;5.8;light drizzle;3.8;0.1;0.0;100
2025-01-28 20:30:00+00:00;5.8;light drizzle;3.8;0.1;0.0;100
2025-01-28 20:45:00+00:00;5.8;light drizzle;3.8;0.1;0.0;100
2025-01-28 21:00:00+00:00;5.6;light drizzle;3.8;0.2;0.0;100
2025-01-28 21:15:00+00:00;5.6;light drizzle;3.8;0.2;0.0;100
2025-01-28 21:30:00+00:00;5.6;light drizzle;3.8;0.2;0.0;100
2025-01-28 21:45:00+00:00;5.6;light drizzle;3.8;0.2;0.0;100
2025-01-28 22:00:00+00:00;5.1;moderate drizzle;4.6;0.8;0.0;100
2025-01-28 22:15:00+00:00;5.1;moderate drizzle;4.6;0.8;0.0;100
2025-01-28 22:30:00+00:00;5.1;moderate drizzle;4.6;0.8;0.0;100
2025-01-28 22:45:00+00:00;5.1;moderate drizzle;4.6;0.8;0.0;100
2025-01-28 23:00:00+00:00;5.1;dense drizzle;4.8;1.1;0.0;100
2025-01-28 23:15:00+00:00;5.1;dense drizzle;4.8;1.1;0.0;100
2025-01-28 23:30:00+00:00;5.1;dense drizzle;4.8;1.1;0.0;100
2025-01-28 23:45:00+00:00;5.1;dense drizzle;4.8;1.1;0.0;100
2025-01-29 00:00:00+00:00;4.9;light drizzle;4.6;0.2;0.0;100
2025-01-29 00:15:00+00:00;4.9;light drizzle;4.6;0.2;0.0;100
2025-01-29 00:30:00+00:00;4.9;light drizzle;4.6;0.2;0.0;100
2025-01-29 00:45:00+00:00;4.9;light drizzle;4.6;0.2;0.0;100
2025-01-29 01:00:00+00:00;4.9;moderate drizzle;4.5;0.7;0.0;100
2025-01-29 01:15:00+00:00;4.9;moderate drizzle;4.5;0.7;0.0;100
2025-01-29 01:30:00+00:00;4.9;moderate drizzle;4.5;0.7;0.0;100
2025-01-29 01:45:00+00:00;4.9;moderate drizzle;4.5;0.7;0.0;100
2025-01-29 02:00:00+00:00;5.4;moderate drizzle;5.0;0.5;0.0;100
2025-01-29 02:15:00+00:00;5.4;moderate drizzle;5.0;0.5;0.0;100
2025-01-29 02:30:00+00:00;5.4;moderate drizzle;5.0;0.5;0.0;100
2025-01-29 02:45:00+00:00;5.4;moderate drizzle;5.0;0.5;0.0;100
2025-01-29 03:00:00+00:00;5.7;light drizzle;5.0;0.1;0.0;98
2025-01-29 03:15:00+00:00;5.7;light drizzle;5.0;0.1;0.0;98
2025-01-29 03:30:00+00:00;5.7;light drizzle;5.0;0.1;0.0;98
2025-01-29 03:45:00+00:00;5.7;light drizzle;5.0;0.1;0.0;98
2025-01-29 04:00:00+00:00;5.3;light drizzle;4.5;0.1;0.0;100
2025-01-29 04:15:00+00:00;5.3;light drizzle;4.5;0.1;0.0;100
2025-01-29 04:30:00+00:00;5.3;light drizzle;4.5;0.1;0.0;100
2025-01-29 04:45:00+00:00;5.3;light drizzle;4.5;0.1;0.0;100
2025-01-29 05:00:00+00:00;5.4;light drizzle;4.3;0.1;0.0;100
2025-01-29 05:15:00+00:00;5.4;light drizzle;4.3;0.1;0.0;100
2025-01-29 05:30:00+00:00;5.4;light drizzle;4.3;0.1;0.0;100
2025-01-29 05:45:00+00:00;5.4;light drizzle;4.3;0.1;0.0;100
2025-01-29 06:00:00+00:00;5.1;light drizzle;3.9;0.1;0.0;100
2025-01-29 06:15:00+00:00;5.1;light drizzle;3.9;0.1;0.0;100
2025-01-29 06:30:00+00:00;5.1;light drizzle;3.9;0.1;0.0;100
2025-01-29 06:45:00+00:00;5.1;light drizzle;3.9;0.1;0.0;100
2025-01-29 07:00:00+00:00;4.9;overcast;3.5;0.0;0.0;99
2025-01-29 07:15:00+00:00;4.9;overcast;3.5;0.0;0.0;99
2025-01-29 07:30:00+00:00;4.9;overcast;3.5;0.0;0.0;99
2025-01-29 07:45:00+00:00;4.9;overcast;3.5;0.0;0.0;99
2025-01-29 08:00:00+00:00;4.7;light drizzle;3.8;0.3;0.0;100
2025-01-29 08:15:00+00:00;4.7;light drizzle;3.8;0.3;0.0;100
2025-01-29 08:30:00+00:00;4.7;light drizzle;3.8;0.3;0.0;100
2025-01-29 08:45:00+00:00;4.7;light drizzle;3.8;0.3;0.0;100
2025-01-29 09:00:00+00:00;4.8;light drizzle;4.1;0.2;0.0;100
2025-01-29 09:15:00+00:00;4.8;light drizzle;4.1;0.2;0.0;100
2025-01-29 09:30:00+00:00;4.8;light drizzle;4.1;0.2;0.0;100
2025-01-29 09:45:00+00:00;4.8;light drizzle;4.1;0.2;0.0;100
2025-01-29 10:00:00+00:00;4.9;moderate drizzle;4.1;0.7;0.0;100
2025-01-29 10:15:00+00:00;4.9;moderate drizzle;4.1;0.7;0.0;100
2025-01-29 10:30:00+00:00;4.9;moderate drizzle;4.1;0.7;0.0;100
2025-01-29 10:45:00+00:00;4.9;moderate drizzle;4.1;0.7;0.0;100
2025-01-29 11:00:00+00:00;5.1;light drizzle;4.3;0.4;0.0;92
2025-01-29 11:15:00+00:00;5.1;light drizzle;4.3;0.4;0.0;92
2025-01-29 11:30:00+00:00;5.1;light drizzle;4.3;0.4;0.0;92
2025-01-29 11:45:00+00:00;5.1;light drizzle;4.3;0.4;0.0;92
2025-01-29 12:00:00+00:00;5.6;light drizzle;3.9;0.1;0.0;100
2025-01-29 12:15:00+00:00;5.6;light drizzle;3.9;0.1;0.0;100
2025-01-29 12:30:00+00:00;5.6;light drizzle;3.9;0.1;0.0;100
2025-01-29 12:45:00+00:00;5.6;light drizzle;3.9;0.1;0.0;100
2025-01-29 13:00:00+00:00;6.2;overcast;2.8;0.0;0.0;87
2025-01-29 13:15:00+00:00;6.2;overcast;2.8;0.0;0.0;87
2025-01-29 13:30:00+00:00;6.2;overcast;2.8;0.0;0.0;87
2025-01-29 13:45:00+00:00;6.2;overcast;2.8;0.0;0.0;87
2025-01-29 14:00:00+00:00;6.5;light drizzle;3.2;0.2;0.0;100
2025-01-29 14:15:00+00:00;6.5;light drizzle;3.2;0.2;0.0;100
2025-01-29 14:30:00+00:00;6.5;light drizzle;3.2;0.2;0.0;100
2025-01-29 14:45:00+00:00;6.5;light drizzle;3.2;0.2;0.0;100
2025-01-29 15:00:00+00:00;7.1;overcast;1.7;0.0;0.0;100
2025-01-29 15:15:00+00:00;7.1;overcast;1.7;0.0;0.0;100
2025-01-29 15:30:00+00:00;7.1;overcast;1.7;0.0;0.0;100
2025-01-29 15:45:00+00:00;7.1;overcast;1.7;0.0;0.0;100
2025-01-29 16:00:00+00:00;7.2;overcast;1.4;0.0;0.0;100
2025-01-29 16:15:00+00:00;7.2;overcast;1.4;0.0;0.0;100
2025-01-29 16:30:00+00:00;7.2;overcast;1.4;0.0;0.0;100
2025-01-29 16:45:00+00:00;7.2;overcast;1.4;0.0;0.0;100
2025-01-29 17:00:00+00:00;6.3;overcast;1.8;0.0;0.0;100
2025-01-29 17:15:00+00:00;6.3;overcast;1.8;0.0;0.0;100
2025-01-29 17:30:00+00:00;6.3;overcast;1.8;0.0;0.0;100
2025-01-29 17:45:00+00:00;6.3;overcast;1.8;0.0;0.0;100
2025-01-29 18:00:00+00:00;5.5;overcast;1.9;0.0;0.0;100
2025-01-29 18:15:00+00:00;5.5;overcast;1.9;0.0;0.0;100
2025-01-29 18:30:00+00:00;5.5;overcast;1.9;0.0;0.0;100
2025-01-29 18:45:00+00:00;5.5;overcast;1.9;0.0;0.0;100
2025-01-29 19:00:00+00:00;5.2;overcast;2.1;0.0;0.0;100
2025-01-29 19:15:00+00:00;5.2;overcast;2.1;0.0;0.0;100
2025-01-29 19:30:00+00:00;5.2;overcast;2.1;0.0;0.0;100
2025-01-29 19:45:00+00:00;5.2;overcast;2.1;0.0;0.0;100
2025-01-29 20:00:00+00:00;4.8;light drizzle;2.7;0.2;0.0;100
2025-01-29 20:15:00+00:00;4.8;light drizzle;2.7;0.2;0.0;100
2025-01-29 20:30:00+00:00;4.8;light drizzle;2.7;0.2;0.0;100
2025-01-29 20:45:00+00:00;4.8;light drizzle;2.7;0.2;0.0;100
2025-01-29 21:00:00+00:00;4.3;light drizzle;3.7;0.4;0.0;100
2025-01-29 21:15:00+00:00;4.3;light drizzle;3.7;0.4;0.0;100
2025-01-29 21:30:00+00:00;4.3;light drizzle;3.7;0.4;0.0;100
2025-01-29 21:45:00+00:00;4.3;light drizzle;3.7;0.4;0.0;100
2025-01-29 22:00:00+00:00;4.3;light drizzle;3.8;0.3;0.0;100
2025-01-29 22:15:00+00:00;4.3;light drizzle;3.8;0.3;0.0;100
2025-01-29 22:30:00+00:00;4.3;light drizzle;3.8;0.3;0.0;100
2025-01-29 22:45:00+00:00;4.3;light drizzle;3.8;0.3;0.0;100
2025-01-29 23:00:00+00:00;4.3;light drizzle;3.5;0.1;0.0;100
2025-01-29 23:15:00+00:00;4.3;light drizzle;3.5;0.1;0.0;100
2025-01-29 23:30:00+00:00;4.3;light drizzle;3.5;0.1;0.0;100
2025-01-29 23:45:00+00:00;4.3;light drizzle;3.5;0.1;0.0;100
2025-01-30 00:00:00+00:00;4.3;overcast;3.2;0.0;0.0;100
2025-01-30 00:15:00+00:00;4.3;overcast;3.2;0.0;0.0;100
2025-01-30 00:30:00+00:00;4.3;overcast;3.2;0.0;0.0;100
2025-01-30 00:45:00+00:00;4.3;overcast;3.2;0.0;0.0;100
2025-01-30 01:00:00+00:00;4.0;light drizzle;3.4;0.3;0.0;100
2025-01-30 01:15:00+00:00;4.0;light drizzle;3.4;0.3;0.0;100
2025-01-30 01:30:00+00:00;4.0;light drizzle;3.4;0.3;0.0;100
2025-01-30 01:45:00+00:00;4.0;light drizzle;3.4;0.3;0.0;100
2025-01-30 02:00:00+00:00;4.3;light drizzle;3.9;0.3;0.0;100
2025-01-30 02:15:00+00:00;4.3;light drizzle;3.9;0.3;0.0;100
2025-01-30 02:30:00+00:00;4.3;light drizzle;3.9;0.3;0.0;100
2025-01-30 02:45:00+00:00;4.3;light drizzle;3.9;0.3;0.0;100
2025-01-30 03:00:00+00:00;4.2;light drizzle;3.8;0.2;0.0;100
2025-01-30 03:15:00+00:00;4.2;light drizzle;3.8;0.2;0.0;100
2025-01-30 03:30:00+00:00;4.2;light drizzle;3.8;0.2;0.0;100
2025-01-30 03:45:00+00:00;4.2;light drizzle;3.8;0.2;0.0;100
2025-01-30 04:00:00+00:00;4.1;light drizzle;3.7;0.2;0.0;100
2025-01-30 04:15:00+00:00;4.1;light drizzle;3.7;0.2;0.0;100
2025-01-30 04:30:00+00:00;4.1;light drizzle;3.7;0.2;0.0;100
2025-01-30 04:45:00+00:00;4.1;light drizzle;3.7;0.2;0.0;100
2025-01-30 05:00:00+00:00;3.9;light drizzle;3.6;0.1;0.0;100
2025-01-30 05:15:00+00:00;3.9;light drizzle;3.6;0.1;0.0;100
2025-01-30 05:30:00+00:00;3.9;light drizzle;3.6;0.1;0.0;100
2025-01-30 05:45:00+00:00;3.9;light drizzle;3.6;0.1;0.0;100
2025-01-30 06:00:00+00:00;3.9;light drizzle;3.5;0.1;0.0;100
2025-01-30 06:15:00+00:00;3.9;light drizzle;3.5;0.1;0.0;100
2025-01-30 06:30:00+00:00;3.9;light drizzle;3.5;0.1;0.0;100
2025-01-30 06:45:00+00:00;3.9;light drizzle;3.5;0.1;0.0;100
2025-01-30 07:00:00+00:00;3.9;light drizzle;3.6;0.1;0.0;100
2025-01-30 07:15:00+00:00;3.9;light drizzle;3.6;0.1;0.0;100
2025-01-30 07:30:00+00:00;3.9;light drizzle;3.6;0.1;0.0;100
2025-01-30 07:45:00+00:00;3.9;light drizzle;3.6;0.1;0.0;100
2025-01-30 08:00:00+00:00;4.1;overcast;3.5;0.0;0.0;99
2025-01-30 08:15:00+00:00;4.1;overcast;3.5;0.0;0.0;99
2025-01-30 08:30:00+00:00;4.1;overcast;3.5;0.0;0.0;99
2025-01-30 08:45:00+00:00;4.1;overcast;3.5;0.0;0.0;99
2025-01-30 09:00:00+00:00;3.7;overcast;3.3;0.0;0.0;98
2025-01-30 09:15:00+00:00;3.7;overcast;3.3;0.0;0.0;98
2025-01-30 09:30:00+00:00;3.7;overcast;3.3;0.0;0.0;98
2025-01-30 09:45:00+00:00;3.7;overcast;3.3;0.0;0.0;98
2025-01-30 10:00:00+00:00;4.8;overcast;4.3;0.0;0.0;98
2025-01-30 10:15:00+00:00;4.8;overcast;4.3;0.0;0.0;98
2025-01-30 10:30:00+00:00;4.8;overcast;4.3;0.0;0.0;98
2025-01-30 10:45:00+00:00;4.8;overcast;4.3;0.0;0.0;98
2025-01-30 11:00:00+00:00;6.3;overcast;4.6;0.0;0.0;90
2025-01-30 11:15:00+00:00;6.3;overcast;4.6;0.0;0.0;90
2025-01-30 11:30:00+00:00;6.3;overcast;4.6;0.0;0.0;90
2025-01-30 11:45:00+00:00;6.3;overcast;4.6;0.0;0.0;90
2025-01-30 12:00:00+00:00;7.3;overcast;4.9;0.0;0.0;100
2025-01-30 12:15:00+00:00;7.3;overcast;4.9;0.0;0.0;100
2025-01-30 12:30:00+00:00;7.3;overcast;4.9;0.0;0.0;100
2025-01-30 12:45:00+00:00;7.3;overcast;4.9;0.0;0.0;100
2025-01-30 13:00:00+00:00;7.8;overcast;4.9;0.0;0.0;96
2025-01-30 13:15:00+00:00;7.8;overcast;4.9;0.0;0.0;96
2025-01-30 13:30:00+00:00;7.8;overcast;4.9;0.0;0.0;96
2025-01-30 13:45:00+00:00;7.8;overcast;4.9;0.0;0.0;96
2025-01-30 14:00:00+00:00;8.5;moderate drizzle;4.8;0.7;0.0;77
2025-01-30 14:15:00+00:00;8.5;moderate drizzle;4.8;0.7;0.0;77
2025-01-30 14:30:00+00:00;8.5;moderate drizzle;4.8;0.7;0.0;77
2025-01-30 14:45:00+00:00;8.5;moderate drizzle;4.8;0.7;0.0;77
2025-01-30 15:00:00+00:00;7.7;moderate drizzle;4.9;0.7;0.0;70
2025-01-30 15:15:00+00:00;7.7;moderate drizzle;4.9;0.7;0.0;70
2025-01-30 15:30:00+00:00;7.7;moderate drizzle;4.9;0.7;0.0;70
2025-01-30 15:45:00+00:00;7.7;moderate drizzle;4.9;0.7;0.0;70
2025-01-30 16:00:00+00:00;7.4;light drizzle;4.2;0.1;0.0;92
2025-01-30 16:15:00+00:00;7.4;light drizzle;4.2;0.1;0.0;92
2025-01-30 16:30:00+00:00;7.4;light drizzle;4.2;0.1;0.0;92
2025-01-30 16:45:00+00:00;7.4;light drizzle;4.2;0.1;0.0;92
2025-01-30 17:00:00+00:00;5.8;light drizzle;4.4;0.2;0.0;100
2025-01-30 17:15:00+00:00;5.8;light drizzle;4.4;0.2;0.0;100
2025-01-30 17:30:00+00:00;5.8;light drizzle;4.4;0.2;0.0;100
2025-01-30 17:45:00+00:00;5.8;light drizzle;4.4;0.2;0.0;100
2025-01-30 18:00:00+00:00;3.8;light drizzle;2.7;0.1;0.0;100
2025-01-30 18:15:00+00:00;3.8;light drizzle;2.7;0.1;0.0;100
2025-01-30 18:30:00+00:00;3.8;light drizzle;2.7;0.1;0.0;100
2025-01-30 18:45:00+00:00;3.8;light drizzle;2.7;0.1;0.0;100
2025-01-30 19:00:00+00:00;3.3;light drizzle;2.3;0.2;0.0;100
2025-01-30 19:15:00+00:00;3.3;light drizzle;2.3;0.2;0.0;100
2025-01-30 19:30:00+00:00;3.3;light drizzle;2.3;0.2;0.0;100
2025-01-30 19:45:00+00:00;3.3;light drizzle;2.3;0.2;0.0;100
2025-01-30 20:00:00+00:00;2.9;light drizzle;2.1;0.1;0.0;100
2025-01-30 20:15:00+00:00;2.9;light drizzle;2.1;0.1;0.0;100
2025-01-30 20:30:00+00:00;2.9;light drizzle;2.1;0.1;0.0;100
2025-01-30 20:45:00+00:00;2.9;light drizzle;2.1;0.1;0.0;100
2025-01-30 21:00:00+00:00;2.7;overcast;1.9;0.0;0.0;90
2025-01-30 21:15:00+00:00;2.7;overcast;1.9;0.0;0.0;90
2025-01-30 21:30:00+00:00;2.7;overcast;1.9;0.0;0.0;90
2025-01-30 21:45:00+00:00;2.7;overcast;1.9;0.0;0.0;90
2025-01-30 22:00:00+00:00;2.1;overcast;1.3;0.0;0.0;98
2025-01-30 22:15:00+00:00;2.1;overcast;1.3;0.0;0.0;98
2025-01-30 22:30:00+00:00;2.1;overcast;1.3;0.0;0.0;98
2025-01-30 22:45:00+00:00;2.1;overcast;1.3;0.0;0.0;98
2025-01-30 23:00:00+00:00;2.0;overcast;1.5;0.0;0.0;98
2025-01-30 23:15:00+00:00;2.0;overcast;1.5;0.0;0.0;98
2025-01-30 23:30:00+00:00;2.0;overcast;1.5;0.0;0.0;98
2025-01-30 23:45:00+00:00;2.0;overcast;1.5;0.0;0.0;98
2025-01-31 00:00:00+00:00;2.0;mainly clear;1.1;0.0;0.0;27
2025-01-31 00:15:00+00:00;2.0;mainly clear;1.1;0.0;0.0;27
2025-01-31 00:30:00+00:00;2.0;mainly clear;1.1;0.0;0.0;27
2025-01-31 00:45:00+00:00;2.0;mainly clear;1.1;0.0;0.0;27
2025-01-31 01:00:00+00:00;0.7;overcast;0.1;0.0;0.0;100
2025-01-31 01:15:00+00:00;0.7;overcast;0.1;0.0;0.0;100
2025-01-31 01:30:00+00:00;0.7;overcast;0.1;0.0;0.0;100
2025-01-31 01:45:00+00:00;0.7;overcast;0.1;0.0;0.0;100
2025-01-31 02:00:00+00:00;1.4;overcast;0.8;0.0;0.0;100
2025-01-31 02:15:00+00:00;1.4;overcast;0.8;0.0;0.0;100
2025-01-31 02:30:00+00:00;1.4;overcast;0.8;0.0;0.0;100
2025-01-31 02:45:00+00:00;1.4;overcast;0.8;0.0;0.0;100
2025-01-31 03:00:00+00:00;1.1;overcast;0.3;0.0;0.0;94
2025-01-31 03:15:00+00:00;1.1;overcast;0.3;0.0;0.0;94
2025-01-31 03:30:00+00:00;1.1;overcast;0.3;0.0;0.0;94
2025-01-31 03:45:00+00:00;1.1;overcast;0.3;0.0;0.0;94
2025-01-31 04:00:00+00:00;0.5;partly cloudy;-0.3;0.0;0.0;79
2025-01-31 04:15:00+00:00;0.5;partly cloudy;-0.3;0.0;0.0;79
2025-01-31 04:30:00+00:00;0.5;partly cloudy;-0.3;0.0;0.0;79
2025-01-31 04:45:00+00:00;0.5;partly cloudy;-0.3;0.0;0.0;79
2025-01-31 05:00:00+00:00;-0.2;partly cloudy;-0.9;0.0;0.0;68
2025-01-31 05:15:00+00:00;-0.2;partly cloudy;-0.9;0.0;0.0;68
2025-01-31 05:30:00+00:00;-0.2;partly cloudy;-0.9;0.0;0.0;68
2025-01-31 05:45:00+00:00;-0.2;partly cloudy;-0.9;0.0;0.0;68
2025-01-31 06:00:00+00:00;-0.9;overcast;-1.4;0.0;0.0;100
2025-01-31 06:15:00+00:00;-0.9;overcast;-1.4;0.0;0.0;100
2025-01-31 06:30:00+00:00;-0.9;overcast;-1.4;0.0;0.0;100
2025-01-31 06:45:00+00:00;-0.9;overcast;-1.4;0.0;0.0;100
2025-01-31 07:00:00+00:00;-0.3;overcast;-0.7;0.0;0.0;100
2025-01-31 07:15:00+00:00;-0.3;overcast;-0.7;0.0;0.0;100
2025-01-31 07:30:00+00:00;-0.3;overcast;-0.7;0.0;0.0;100
2025-01-31 07:45:00+00:00;-0.3;overcast;-0.7;0.0;0.0;100
2025-01-31 08:00:00+00:00;0.1;overcast;-0.6;0.0;0.0;100
2025-01-31 08:15:00+00:00;0.1;overcast;-0.6;0.0;0.0;100
2025-01-31 08:30:00+00:00;0.1;overcast;-0.6;0.0;0.0;100
2025-01-31 08:45:00+00:00;0.1;overcast;-0.6;0.0;0.0;100
2025-01-31 09:00:00+00:00;0.3;overcast;-0.5;0.0;0.0;100
2025-01-31 09:15:00+00:00;0.3;overcast;-0.5;0.0;0.0;100
2025-01-31 09:30:00+00:00;0.3;overcast;-0.5;0.0;0.0;100
2025-01-31 09:45:00+00:00;0.3;overcast;-0.5;0.0;0.0;100
2025-01-31 10:00:00+00:00;1.0;overcast;-0.6;0.0;0.0;100
2025-01-31 10:15:00+00:00;1.0;overcast;-0.6;0.0;0.0;100
2025-01-31 10:30:00+00:00;1.0;overcast;-0.6;0.0;0.0;100
2025-01-31 10:45:00+00:00;1.0;overcast;-0.6;0.0;0.0;100
2025-01-31 11:00:00+00:00;1.8;overcast;-0.6;0.0;0.0;99
2025-01-31 11:15:00+00:00;1.8;overcast;-0.6;0.0;0.0;99
2025-01-31 11:30:00+00:00;1.8;overcast;-0.6;0.0;0.0;99
2025-01-31 11:45:00+00:00;1.8;overcast;-0.6;0.0;0.0;99
2025-01-31 12:00:00+00:00;2.8;overcast;-0.8;0.0;0.0;96
2025-01-31 12:15:00+00:00;2.8;overcast;-0.8;0.0;0.0;96
2025-01-31 12:30:00+00:00;2.8;overcast;-0.8;0.0;0.0;96
2025-01-31 12:45:00+00:00;2.8;overcast;-0.8;0.0;0.0;96
2025-01-31 13:00:00+00:00;3.5;overcast;-1.2;0.0;0.0;100
2025-01-31 13:15:00+00:00;3.5;overcast;-1.2;0.0;0.0;100
2025-01-31 13:30:00+00:00;3.5;overcast;-1.2;0.0;0.0;100
2025-01-31 13:45:00+00:00;3.5;overcast;-1.2;0.0;0.0;100
2025-01-31 14:00:00+00:00;3.8;overcast;-0.7;0.0;0.0;83
2025-01-31 14:15:00+00:00;3.8;overcast;-0.7;0.0;0.0;83
2025-01-31 14:30:00+00:00;3.8;overcast;-0.7;0.0;0.0;83
2025-01-31 14:45:00+00:00;3.8;overcast;-0.7;0.0;0.0;83
2025-01-31 15:00:00+00:00;4.1;partly cloudy;-1.3;0.0;0.0;64
2025-01-31 15:15:00+00:00;4.1;partly cloudy;-1.3;0.0;0.0;64
2025-01-31 15:30:00+00:00;4.1;partly cloudy;-1.3;0.0;0.0;64
2025-01-31 15:45:00+00:00;4.1;partly cloudy;-1.3;0.0;0.0;64
2025-01-31 16:00:00+00:00;3.8;partly cloudy;-1.8;0.0;0.0;72
2025-01-31 16:15:00+00:00;3.8;partly cloudy;-1.8;0.0;0.0;72
2025-01-31 16:30:00+00:00;3.8;partly cloudy;-1.8;0.0;0.0;72
2025-01-31 16:45:00+00:00;3.8;partly cloudy;-1.8;0.0;0.0;72
2025-01-31 17:00:00+00:00;2.9;overcast;-1.0;0.0;0.0;89
2025-01-31 17:15:00+00:00;2.9;overcast;-1.0;0.0;0.0;89
2025-01-31 17:30:00+00:00;2.9;overcast;-1.0;0.0;0.0;89
2025-01-31 17:45:00+00:00;2.9;overcast;-1.0;0.0;0.0;89
2025-01-31 18:00:00+00:00;1.4;clear;-2.2;0.0;0.0;17
2025-01-31 18:15:00+00:00;1.4;clear;-2.2;0.0;0.0;17
2025-01-31 18:30:00+00:00;1.4;clear;-2.2;0.0;0.0;17
2025-01-31 18:45:00+00:00;1.4;clear;-2.2;0.0;0.0;17
2025-01-31 19:00:00+00:00;0.2;clear;-2.8;0.0;0.0;11
2025-01-31 19:15:00+00:00;0.2;clear;-2.8;0.0;0.0;11
2025-01-31 19:30:00+00:00;0.2;clear;-2.8;0.0;0.0;11
2025-01-31 19:45:00+00:00;0.2;clear;-2.8;0.0;0.0;11
2025-01-31 20:00:00+00:00;-0.7;clear;-3.4;0.0;0.0;7
2025-01-31 20:15:00+00:00;-0.7;clear;-3.4;0.0;0.0;7
2025-01-31 20:30:00+00:00;-0.7;clear;-3.4;0.0;0.0;7
2025-01-31 20:45:00+00:00;-0.7;clear;-3.4;0.0;0.0;7
2025-01-31 21:00:00+00:00;-1.4;clear;-3.8;0.0;0.0;0
2025-01-31 21:15:00+00:00;-1.4;clear;-3.8;0.0;0.0;0
2025-01-31 21:30:00+00:00;-1.4;clear;-3.8;0.0;0.0;0
2025-01-31 21:45:00+00:00;-1.4;clear;-3.8;0.0;0.0;0
2025-01-31 22:00:00+00:00;-2.2;mainly clear;-4.2;0.0;0.0;27
2025-01-31 22:15:00+00:00;-2.2;mainly clear;-4.2;0.0;0.0;27
2025-01-31 22:30:00+00:00;-2.2;mainly clear;-4.2;0.0;0.0;27
2025-01-31 22:45:00+00:00;-2.2;mainly clear;-4.2;0.0;0.0;27
2025-01-31 23:00:00+00:00;-2.2;mainly clear;-3.9;0.0;0.0;23
2025-01-31 23:15:00+00:00;-2.2;mainly clear;-3.9;0.0;0.0;23
2025-01-31 23:30:00+00:00;-2.2;mainly clear;-3.9;0.0;0.0;23
2025-01-31 23:45:00+00:00;-2.2;mainly clear;-3.9;0.0;0.0;23
